Div,Date,HomeTeam,AwayTeam,FTHG,FTAG,FTR,B365>2.5,B365<2.5,Avg>2.5,Avg<2.5
ES1,15/08/2024,Ath Bilbao,Getafe,1,1,D,2.2,1.67,2.24,1.67
ES1,15/08/2024,Betis,Girona,1,1,D,1.97,1.93,1.93,1.9
ES1,16/08/2024,Celta,Alaves,2,1,H,2.2,1.67,2.25,1.67
ES1,16/08/2024,Las Palmas,Sevilla,2,2,D,2.2,1.67,2.18,1.71
ES1,17/08/2024,Osasuna,Leganes,1,1,D,2.3,1.62,2.34,1.62
ES1,17/08/2024,Valencia,Barcelona,1,2,A,1.85,2.05,1.82,2.02
ES1,18/08/2024,Sociedad,Vallecano,1,2,A,2.3,1.62,2.34,1.61
ES1,18/08/2024,Mallorca,Real Madrid,1,1,D,1.95,1.95,1.92,1.91
ES1,19/08/2024,Valladolid,Espanol,1,0,H,2.3,1.62,2.33,1.61
ES1,19/08/2024,Villarreal,Ath Madrid,2,2,D,1.73,2.1,1.7,2.19
ES1,23/08/2024,Celta,Valencia,3,1,H,2.1,1.73,2.14,1.73
ES1,23/08/2024,Sevilla,Villarreal,1,2,A,1.73,2.1,1.74,2.12
ES1,24/08/2024,Osasuna,Mallorca,1,0,H,2.75,1.44,2.68,1.47
ES1,24/08/2024,Barcelona,Ath Bilbao,2,1,H,1.67,2.2,1.71,2.16
ES1,24/08/2024,Espanol,Sociedad,0,1,A,2.63,1.5,2.64,1.48
ES1,24/08/2024,Getafe,Vallecano,0,0,D,2.75,1.44,2.77,1.45
ES1,25/08/2024,Real Madrid,Valladolid,3,0,H,1.4,3,1.39,2.96
ES1,25/08/2024,Leganes,Las Palmas,2,1,H,2.75,1.44,2.69,1.46
ES1,25/08/2024,Alaves,Betis,0,0,D,2.38,1.57,2.39,1.59
ES1,25/08/2024,Ath Madrid,Girona,3,0,H,1.62,2.3,1.63,2.31
ES1,26/08/2024,Villarreal,Celta,4,3,H,1.98,1.92,1.93,1.88
ES1,27/08/2024,Mallorca,Sevilla,0,0,D,2.5,1.53,2.52,1.53
ES1,27/08/2024,Vallecano,Barcelona,1,2,A,1.91,1.99,1.88,1.95
ES1,28/08/2024,Ath Bilbao,Valencia,1,0,H,2.1,1.73,2.15,1.73
ES1,28/08/2024,Valladolid,Leganes,0,0,D,2.63,1.5,2.65,1.49
ES1,28/08/2024,Ath Madrid,Espanol,0,0,D,1.8,2,1.8,2.02
ES1,28/08/2024,Sociedad,Alaves,1,2,A,2.5,1.53,2.48,1.55
ES1,29/08/2024,Girona,Osasuna,4,0,H,1.8,2,1.77,2.06
ES1,29/08/2024,Las Palmas,Real Madrid,1,1,D,1.57,2.38,1.56,2.42
ES1,31/08/2024,Barcelona,Valladolid,7,0,H,1.44,2.75,1.46,2.72
ES1,31/08/2024,Ath Bilbao,Ath Madrid,0,1,A,2,1.8,2.06,1.78
ES1,31/08/2024,Espanol,Vallecano,2,1,H,2.63,1.5,2.66,1.49
ES1,31/08/2024,Leganes,Mallorca,0,1,A,2.75,1.44,2.79,1.44
ES1,31/08/2024,Valencia,Villarreal,1,1,D,1.84,2.06,1.84,1.99
ES1,01/09/2024,Alaves,Las Palmas,2,0,H,2.3,1.62,2.34,1.62
ES1,01/09/2024,Osasuna,Celta,3,2,H,2.1,1.73,2.1,1.76
ES1,01/09/2024,Sevilla,Girona,0,2,A,1.67,2.2,1.68,2.22
ES1,01/09/2024,Getafe,Sociedad,0,0,D,3,1.4,2.98,1.4
ES1,01/09/2024,Real Madrid,Betis,2,0,H,1.53,2.5,1.53,2.49
ES1,13/09/2024,Betis,Leganes,2,0,H,2.3,1.62,2.33,1.62
ES1,14/09/2024,Mallorca,Villarreal,1,2,A,2.1,1.73,2.11,1.75
ES1,14/09/2024,Espanol,Alaves,3,2,H,2.63,1.5,2.59,1.51
ES1,14/09/2024,Sevilla,Getafe,1,0,H,2.63,1.5,2.62,1.5
ES1,14/09/2024,Sociedad,Real Madrid,0,2,A,2,1.9,1.96,1.87
ES1,15/09/2024,Celta,Valladolid,3,1,H,1.85,2.05,1.82,2.01
ES1,15/09/2024,Girona,Barcelona,1,4,A,1.53,2.5,1.52,2.53
ES1,15/09/2024,Las Palmas,Ath Bilbao,2,3,A,2.1,1.73,2.1,1.76
ES1,15/09/2024,Ath Madrid,Valencia,3,0,H,1.92,1.98,1.89,1.94
ES1,16/09/2024,Vallecano,Osasuna,3,1,H,2.63,1.5,2.57,1.51
ES1,17/09/2024,Mallorca,Sociedad,1,0,H,3.2,1.36,3.04,1.38
ES1,18/09/2024,Betis,Getafe,2,1,H,3,1.4,2.89,1.42
ES1,19/09/2024,Leganes,Ath Bilbao,0,2,A,2.5,1.53,2.5,1.54
ES1,20/09/2024,Alaves,Sevilla,2,1,H,2.2,1.67,2.23,1.68
ES1,21/09/2024,Valladolid,Sociedad,0,0,D,2.63,1.5,2.57,1.52
ES1,21/09/2024,Osasuna,Las Palmas,2,1,H,2.2,1.67,2.21,1.69
ES1,21/09/2024,Valencia,Girona,2,0,H,2.07,1.83,2.03,1.81
ES1,21/09/2024,Real Madrid,Espanol,4,1,H,1.4,3,1.4,2.94
ES1,22/09/2024,Getafe,Leganes,1,1,D,3.4,1.33,3.24,1.34
ES1,22/09/2024,Ath Bilbao,Celta,3,1,H,1.73,2.1,1.76,2.09
ES1,22/09/2024,Villarreal,Barcelona,1,5,A,1.4,3,1.4,2.94
ES1,22/09/2024,Vallecano,Ath Madrid,1,1,D,2.2,1.67,2.22,1.68
ES1,23/09/2024,Betis,Mallorca,1,2,A,2.5,1.53,2.51,1.53
ES1,24/09/2024,Sevilla,Valladolid,2,1,H,2.04,1.86,2,1.84
ES1,24/09/2024,Valencia,Osasuna,0,0,D,2.63,1.5,2.63,1.5
ES1,24/09/2024,Real Madrid,Alaves,3,2,H,1.5,2.63,1.48,2.63
ES1,25/09/2024,Girona,Vallecano,0,0,D,1.99,1.91,1.95,1.88
ES1,25/09/2024,Barcelona,Getafe,1,0,H,1.57,2.38,1.59,2.41
ES1,26/09/2024,Espanol,Villarreal,1,2,A,1.86,2.04,1.84,2
ES1,26/09/2024,Las Palmas,Betis,1,1,D,2.2,1.67,2.18,1.69
ES1,26/09/2024,Celta,Ath Madrid,0,1,A,1.73,2.1,1.73,2.14
ES1,27/09/2024,Valladolid,Mallorca,1,2,A,3,1.4,2.9,1.41
ES1,28/09/2024,Getafe,Alaves,2,0,H,3.2,1.36,3.09,1.36
ES1,28/09/2024,Vallecano,Leganes,1,1,D,3,1.4,2.84,1.42
ES1,28/09/2024,Sociedad,Valencia,3,0,H,2.63,1.5,2.68,1.48
ES1,28/09/2024,Osasuna,Barcelona,4,2,H,1.53,2.5,1.53,2.5
ES1,29/09/2024,Celta,Girona,1,1,D,1.67,2.2,1.67,2.25
ES1,29/09/2024,Ath Bilbao,Sevilla,1,1,D,2.04,1.86,2,1.84
ES1,29/09/2024,Betis,Espanol,1,0,H,2,1.8,2.07,1.78
ES1,29/09/2024,Ath Madrid,Real Madrid,1,1,D,1.8,2,1.79,2.06
ES1,30/09/2024,Villarreal,Las Palmas,3,1,H,1.53,2.5,1.54,2.46
ES1,04/10/2024,Leganes,Valencia,0,0,D,3.2,1.36,3.01,1.39
ES1,05/10/2024,Espanol,Mallorca,2,1,H,2.75,1.44,2.71,1.46
ES1,05/10/2024,Getafe,Osasuna,1,1,D,3.2,1.36,3.03,1.38
ES1,05/10/2024,Las Palmas,Celta,0,1,A,1.73,2.1,1.76,2.1
ES1,05/10/2024,Valladolid,Vallecano,1,2,A,2.63,1.5,2.58,1.51
ES1,05/10/2024,Real Madrid,Villarreal,2,0,H,1.33,3.4,1.31,3.42
ES1,06/10/2024,Girona,Ath Bilbao,2,1,H,2.04,1.86,2.01,1.83
ES1,06/10/2024,Alaves,Barcelona,0,3,A,1.62,2.3,1.64,2.29
ES1,06/10/2024,Sevilla,Betis,1,0,H,2.1,1.73,2.16,1.71
ES1,06/10/2024,Sociedad,Ath Madrid,1,1,D,2.38,1.57,2.42,1.57
ES1,18/10/2024,Alaves,Valladolid,2,3,A,2.1,1.73,2.15,1.72
ES1,19/10/2024,Ath Bilbao,Espanol,4,1,H,1.95,1.95,1.93,1.9
ES1,19/10/2024,Osasuna,Betis,1,2,A,2.1,1.73,2.14,1.73
ES1,19/10/2024,Girona,Sociedad,0,1,A,2.2,1.67,2.23,1.67
ES1,19/10/2024,Celta,Real Madrid,1,2,A,1.62,2.3,1.62,2.33
ES1,20/10/2024,Mallorca,Vallecano,1,0,H,2.75,1.44,2.79,1.44
ES1,20/10/2024,Ath Madrid,Leganes,3,1,H,2.02,1.88,1.99,1.84
ES1,20/10/2024,Villarreal,Getafe,1,1,D,2,1.8,2.04,1.79
ES1,20/10/2024,Barcelona,Sevilla,5,1,H,1.44,2.75,1.43,2.72
ES1,21/10/2024,Valencia,Las Palmas,2,3,A,2.2,1.67,2.28,1.64
ES1,25/10/2024,Espanol,Sevilla,0,2,A,2.3,1.62,2.26,1.66
ES1,26/10/2024,Valladolid,Villarreal,1,2,A,1.73,2.1,1.72,2.16
ES1,26/10/2024,Vallecano,Alaves,1,0,H,2.5,1.53,2.49,1.55
ES1,26/10/2024,Las Palmas,Girona,1,0,H,2,1.9,1.96,1.87
ES1,26/10/2024,Real Madrid,Barcelona,0,4,A,1.4,3,1.41,2.92
ES1,27/10/2024,Leganes,Celta,3,0,H,2.3,1.62,2.34,1.61
ES1,27/10/2024,Getafe,Valencia,1,1,D,3.2,1.36,3.07,1.37
ES1,27/10/2024,Betis,Ath Madrid,1,0,H,2.2,1.67,2.26,1.64
ES1,27/10/2024,Sociedad,Osasuna,0,2,A,2.2,1.67,2.25,1.66
ES1,28/10/2024,Mallorca,Ath Bilbao,0,0,D,2.63,1.5,2.57,1.52
ES1,01/11/2024,Alaves,Mallorca,1,0,H,2.63,1.5,2.65,1.47
ES1,02/11/2024,Osasuna,Valladolid,1,0,H,2.1,1.73,2.15,1.73
ES1,02/11/2024,Girona,Leganes,4,3,H,2.2,1.67,2.23,1.67
ES1,03/11/2024,Ath Madrid,Las Palmas,2,0,H,1.62,2.3,1.63,2.27
ES1,03/11/2024,Barcelona,Espanol,3,1,H,1.2,4.5,1.19,4.44
ES1,03/11/2024,Sevilla,Sociedad,0,2,A,2.5,1.53,2.48,1.53
ES1,03/11/2024,Ath Bilbao,Betis,1,1,D,2.1,1.73,2.11,1.75
ES1,04/11/2024,Celta,Getafe,1,0,H,2.5,1.53,2.46,1.55
ES1,08/11/2024,Vallecano,Las Palmas,1,3,A,2.2,1.67,2.26,1.66
ES1,09/11/2024,Real Madrid,Osasuna,4,0,H,1.48,2.6,1.46,2.68
ES1,09/11/2024,Villarreal,Alaves,3,0,H,1.73,2.1,1.73,2.12
ES1,09/11/2024,Leganes,Sevilla,1,0,H,2.4,1.53,2.51,1.54
ES1,10/11/2024,Betis,Celta,2,2,D,1.87,2.03,1.84,1.99
ES1,10/11/2024,Mallorca,Ath Madrid,0,1,A,2.63,1.5,2.64,1.47
ES1,10/11/2024,Getafe,Girona,0,1,A,2.63,1.5,2.62,1.5
ES1,10/11/2024,Valladolid,Ath Bilbao,1,1,D,2.2,1.67,2.22,1.68
ES1,10/11/2024,Sociedad,Barcelona,1,0,H,1.62,2.3,1.62,2.31
ES1,22/11/2024,Getafe,Valladolid,2,0,H,2.75,1.44,2.75,1.45
ES1,23/11/2024,Valencia,Betis,4,2,H,2.5,1.53,2.48,1.55
ES1,23/11/2024,Ath Madrid,Alaves,2,1,H,2.03,1.87,2,1.84
ES1,23/11/2024,Girona,Espanol,4,1,H,1.95,1.95,1.93,1.9
ES1,23/11/2024,Las Palmas,Mallorca,2,3,A,2.63,1.5,2.58,1.52
ES1,23/11/2024,Celta,Barcelona,2,2,D,1.44,2.75,1.46,2.71
ES1,24/11/2024,Osasuna,Villarreal,2,2,D,1.8,2,1.81,2.02
ES1,24/11/2024,Sevilla,Vallecano,1,0,H,2.38,1.57,2.39,1.59
ES1,24/11/2024,Leganes,Real Madrid,0,3,A,1.86,2.04,1.83,2
ES1,24/11/2024,Ath Bilbao,Sociedad,1,0,H,2.63,1.5,2.55,1.52
ES1,29/11/2024,Mallorca,Valencia,2,1,H,3.2,1.36,3.03,1.38
ES1,30/11/2024,Barcelona,Las Palmas,1,2,A,1.22,4.33,1.23,4.09
ES1,30/11/2024,Alaves,Leganes,1,1,D,2.75,1.44,2.73,1.46
ES1,30/11/2024,Espanol,Celta,3,1,H,2.05,1.85,2.02,1.82
ES1,30/11/2024,Valladolid,Ath Madrid,0,5,A,2.06,1.84,2.03,1.81
ES1,01/12/2024,Villarreal,Girona,2,2,D,1.67,2.2,1.66,2.21
ES1,01/12/2024,Real Madrid,Getafe,2,0,H,2.03,1.87,1.99,1.84
ES1,01/12/2024,Vallecano,Ath Bilbao,1,2,A,2.38,1.57,2.42,1.57
ES1,01/12/2024,Sociedad,Betis,2,0,H,2.2,1.67,2.23,1.67
ES1,02/12/2024,Sevilla,Osasuna,1,1,D,2.1,1.73,2.16,1.71
ES1,03/12/2024,Mallorca,Barcelona,1,5,A,1.73,2.1,1.72,2.14
ES1,04/12/2024,Ath Bilbao,Real Madrid,2,1,H,1.86,2.04,1.84,2
ES1,06/12/2024,Celta,Mallorca,2,0,H,2.38,1.57,2.41,1.59
ES1,07/12/2024,Las Palmas,Valladolid,2,1,H,2.07,1.83,2.02,1.82
ES1,07/12/2024,Betis,Barcelona,2,2,D,1.5,2.63,1.5,2.6
ES1,07/12/2024,Valencia,Vallecano,0,1,A,2.75,1.44,2.75,1.46
ES1,07/12/2024,Girona,Real Madrid,0,3,A,1.62,2.3,1.62,2.31
ES1,08/12/2024,Leganes,Sociedad,0,3,A,2.75,1.44,2.78,1.45
ES1,08/12/2024,Ath Bilbao,Villarreal,2,0,H,1.84,2.06,1.82,2.01
ES1,08/12/2024,Osasuna,Alaves,2,2,D,2.3,1.62,2.32,1.62
ES1,08/12/2024,Ath Madrid,Sevilla,4,3,H,1.85,2.05,1.82,2.01
ES1,09/12/2024,Getafe,Espanol,1,0,H,3,1.4,2.93,1.41
ES1,13/12/2024,Valladolid,Valencia,1,0,H,2.5,1.53,2.54,1.52
ES1,14/12/2024,Espanol,Osasuna,0,0,D,2.3,1.62,2.29,1.63
ES1,14/12/2024,Mallorca,Girona,2,1,H,2.38,1.57,2.42,1.57
ES1,14/12/2024,Sevilla,Celta,1,0,H,2.04,1.86,2.01,1.83
ES1,14/12/2024,Vallecano,Real Madrid,3,3,D,1.89,2.01,1.84,1.99
ES1,15/12/2024,Ath Madrid,Getafe,1,0,H,2.3,1.62,2.29,1.62
ES1,15/12/2024,Alaves,Ath Bilbao,1,1,D,2.5,1.53,2.47,1.54
ES1,15/12/2024,Sociedad,Las Palmas,0,0,D,2.1,1.73,2.15,1.71
ES1,15/12/2024,Villarreal,Betis,1,2,A,1.67,2.2,1.66,2.23
ES1,15/12/2024,Barcelona,Leganes,0,1,A,1.33,3.4,1.31,3.33
ES1,18/12/2024,Espanol,Valencia,1,1,D,2.63,1.5,2.57,1.5
ES1,18/12/2024,Villarreal,Vallecano,1,1,D,1.9,2,1.86,1.97
ES1,20/12/2024,Girona,Valladolid,3,0,H,1.73,2.1,1.77,2.06
ES1,21/12/2024,Getafe,Mallorca,0,1,A,3.75,1.29,3.46,1.3
ES1,21/12/2024,Celta,Sociedad,2,0,H,2.38,1.57,2.37,1.59
ES1,21/12/2024,Osasuna,Ath Bilbao,1,2,A,2.38,1.57,2.33,1.6
ES1,21/12/2024,Barcelona,Ath Madrid,1,2,A,1.57,2.38,1.58,2.38
ES1,22/12/2024,Valencia,Alaves,2,2,D,2.63,1.5,2.63,1.48
ES1,22/12/2024,Real Madrid,Sevilla,4,2,H,1.53,2.5,1.51,2.52
ES1,22/12/2024,Las Palmas,Espanol,1,0,H,2.1,1.73,2.09,1.74
ES1,22/12/2024,Leganes,Villarreal,2,5,A,2.03,1.87,1.99,1.83
ES1,22/12/2024,Betis,Vallecano,1,1,D,2.2,1.67,2.22,1.67
ES1,03/01/2025,Valencia,Real Madrid,1,2,A,1.67,2.2,1.65,2.23
ES1,10/01/2025,Vallecano,Celta,2,1,H,2.2,1.67,2.22,1.66
ES1,11/01/2025,Alaves,Girona,0,1,A,2.2,1.67,2.18,1.68
ES1,11/01/2025,Valladolid,Betis,1,0,H,2.1,1.73,2.12,1.72
ES1,11/01/2025,Espanol,Leganes,1,1,D,2.75,1.44,2.76,1.44
ES1,11/01/2025,Sevilla,Valencia,1,1,D,2.3,1.62,2.28,1.63
ES1,12/01/2025,Las Palmas,Getafe,1,2,A,2.75,1.44,2.67,1.46
ES1,12/01/2025,Ath Madrid,Osasuna,1,0,H,1.8,2,1.78,2.04
ES1,13/01/2025,Sociedad,Villarreal,1,0,H,2.05,1.85,2.02,1.8
ES1,17/01/2025,Espanol,Valladolid,2,1,H,2.3,1.62,2.32,1.62
ES1,18/01/2025,Girona,Sevilla,1,2,A,2.01,1.89,1.96,1.85
ES1,18/01/2025,Leganes,Ath Madrid,1,0,H,2.1,1.73,2.09,1.74
ES1,18/01/2025,Betis,Alaves,1,3,A,2.1,1.73,2.13,1.72
ES1,18/01/2025,Getafe,Barcelona,1,1,D,1.73,2.1,1.76,2.06
ES1,19/01/2025,Celta,Ath Bilbao,1,2,A,2.3,1.62,2.31,1.61
ES1,19/01/2025,Real Madrid,Las Palmas,4,1,H,1.33,3.4,1.3,3.39
ES1,19/01/2025,Osasuna,Vallecano,1,1,D,2.5,1.53,2.5,1.53
ES1,19/01/2025,Valencia,Sociedad,1,0,H,2.75,1.44,2.82,1.41
ES1,20/01/2025,Villarreal,Mallorca,4,0,H,2,1.8,2.04,1.77
ES1,24/01/2025,Las Palmas,Osasuna,1,1,D,2.2,1.67,2.19,1.68
ES1,25/01/2025,Mallorca,Betis,0,1,A,2.5,1.53,2.53,1.52
ES1,25/01/2025,Ath Madrid,Villarreal,1,1,D,1.62,2.3,1.63,2.28
ES1,25/01/2025,Sevilla,Espanol,1,1,D,2.2,1.67,2.16,1.7
ES1,25/01/2025,Valladolid,Real Madrid,0,3,A,1.44,2.75,1.43,2.77
ES1,26/01/2025,Vallecano,Girona,2,1,H,2.2,1.67,2.2,1.68
ES1,26/01/2025,Sociedad,Getafe,0,3,A,3.2,1.36,3.06,1.37
ES1,26/01/2025,Ath Bilbao,Leganes,0,0,D,2,1.8,2.05,1.77
ES1,26/01/2025,Barcelona,Valencia,7,1,H,1.4,3,1.39,2.91
ES1,27/01/2025,Alaves,Celta,1,1,D,2.2,1.67,2.2,1.67
ES1,31/01/2025,Leganes,Vallecano,0,1,A,2.5,1.53,2.51,1.53
ES1,01/02/2025,Getafe,Sevilla,0,0,D,3,1.4,2.81,1.42
ES1,01/02/2025,Villarreal,Valladolid,5,1,H,1.44,2.75,1.45,2.69
ES1,01/02/2025,Ath Madrid,Mallorca,2,0,H,2.2,1.67,2.22,1.66
ES1,01/02/2025,Espanol,Real Madrid,1,0,H,1.57,2.38,1.59,2.36
ES1,02/02/2025,Barcelona,Alaves,1,0,H,1.36,3.2,1.35,3.1
ES1,02/02/2025,Valencia,Celta,2,1,H,2.3,1.62,2.28,1.63
ES1,02/02/2025,Osasuna,Sociedad,2,1,H,2.75,1.44,2.65,1.46
ES1,02/02/2025,Betis,Ath Bilbao,2,2,D,2.2,1.67,2.22,1.66
ES1,03/02/2025,Girona,Las Palmas,2,1,H,1.84,2.06,1.81,2.01
ES1,07/02/2025,Vallecano,Valladolid,1,0,H,2,1.8,2.05,1.79
ES1,08/02/2025,Celta,Betis,3,2,H,2.1,1.73,2.1,1.75
ES1,08/02/2025,Ath Bilbao,Girona,3,0,H,2.1,1.73,2.09,1.76
ES1,08/02/2025,Las Palmas,Villarreal,1,2,A,1.62,2.3,1.64,2.28
ES1,08/02/2025,Real Madrid,Ath Madrid,1,1,D,1.8,2,1.79,2.04
ES1,09/02/2025,Alaves,Getafe,0,1,A,3.2,1.36,3.04,1.37
ES1,09/02/2025,Valencia,Leganes,2,0,H,2.5,1.53,2.53,1.52
ES1,09/02/2025,Sociedad,Espanol,2,1,H,2.2,1.67,2.25,1.65
ES1,09/02/2025,Sevilla,Barcelona,1,4,A,1.44,2.75,1.45,2.69
ES1,10/02/2025,Mallorca,Osasuna,1,1,D,2.75,1.44,2.76,1.44
ES1,14/02/2025,Girona,Getafe,1,2,A,2.63,1.5,2.61,1.51
ES1,15/02/2025,Leganes,Alaves,3,3,D,2.7,1.41,2.78,1.44
ES1,15/02/2025,Osasuna,Real Madrid,1,1,D,1.57,2.25,1.62,2.31
ES1,15/02/2025,Ath Madrid,Celta,1,1,D,1.78,2,1.82,2.02
ES1,15/02/2025,Villarreal,Valencia,1,1,D,1.73,2.1,1.7,2.18
ES1,16/02/2025,Espanol,Ath Bilbao,1,1,D,2.3,1.62,2.35,1.61
ES1,16/02/2025,Valladolid,Sevilla,0,4,A,2.2,1.67,2.19,1.69
ES1,16/02/2025,Mallorca,Las Palmas,3,1,H,2.38,1.57,2.43,1.57
ES1,16/02/2025,Betis,Sociedad,3,0,H,2.38,1.57,2.41,1.58
ES1,17/02/2025,Barcelona,Vallecano,1,0,H,1.33,3.4,1.31,3.43
ES1,21/02/2025,Celta,Osasuna,1,0,H,1.99,1.91,1.96,1.89
ES1,22/02/2025,Alaves,Espanol,0,1,A,2.63,1.5,2.62,1.5
ES1,22/02/2025,Vallecano,Villarreal,0,1,A,1.8,2,1.79,2.04
ES1,22/02/2025,Valencia,Ath Madrid,0,3,A,2.2,1.67,2.22,1.68
ES1,22/02/2025,Las Palmas,Barcelona,0,2,A,1.3,3.5,1.3,3.5
ES1,23/02/2025,Ath Bilbao,Valladolid,7,1,H,1.62,2.3,1.63,2.3
ES1,23/02/2025,Real Madrid,Girona,2,0,H,1.4,3,1.38,2.97
ES1,23/02/2025,Getafe,Betis,1,2,A,2.63,1.5,2.63,1.49
ES1,23/02/2025,Sociedad,Leganes,3,0,H,2.5,1.53,2.45,1.56
ES1,24/02/2025,Sevilla,Mallorca,1,1,D,2.63,1.5,2.57,1.51
ES1,28/02/2025,Valladolid,Las Palmas,1,1,D,2.2,1.67,2.22,1.68
ES1,01/03/2025,Girona,Celta,2,2,D,1.88,2.02,1.85,1.99
ES1,01/03/2025,Vallecano,Sevilla,1,1,D,2.2,1.67,2.23,1.67
ES1,01/03/2025,Betis,Real Madrid,2,1,H,1.53,2.5,1.52,2.52
ES1,01/03/2025,Ath Madrid,Ath Bilbao,1,0,H,2.2,1.67,2.17,1.7
ES1,02/03/2025,Leganes,Getafe,1,0,H,3.4,1.33,3.21,1.34
ES1,02/03/2025,Barcelona,Sociedad,4,0,H,1.57,2.38,1.56,2.42
ES1,02/03/2025,Mallorca,Alaves,1,1,D,3,1.4,2.87,1.41
ES1,02/03/2025,Osasuna,Valencia,3,3,D,2.3,1.62,2.37,1.6
ES1,08/03/2025,Celta,Leganes,2,1,H,2,1.8,2.04,1.8
ES1,08/03/2025,Alaves,Villarreal,1,0,H,2,1.8,2.05,1.79
ES1,08/03/2025,Valencia,Valladolid,2,1,H,2.1,1.73,2.12,1.73
ES1,09/03/2025,Getafe,Ath Madrid,2,1,H,2.7,1.41,2.72,1.45
ES1,09/03/2025,Real Madrid,Vallecano,2,1,H,1.53,2.32,1.54,2.47
ES1,09/03/2025,Ath Bilbao,Mallorca,1,1,D,2.2,1.67,2.18,1.69
ES1,09/03/2025,Betis,Las Palmas,1,0,H,1.68,2.05,1.73,2.13
ES1,09/03/2025,Sociedad,Sevilla,0,1,A,2.38,1.57,2.4,1.58
ES1,10/03/2025,Espanol,Girona,1,1,D,2.2,1.67,2.21,1.67
ES1,14/03/2025,Las Palmas,Alaves,2,2,D,2.5,1.53,2.45,1.54
ES1,15/03/2025,Valladolid,Celta,0,1,A,1.99,1.91,1.93,1.89
ES1,15/03/2025,Mallorca,Espanol,2,1,H,2.5,1.53,2.54,1.53
ES1,15/03/2025,Villarreal,Real Madrid,1,2,A,1.5,2.63,1.47,2.66
ES1,15/03/2025,Girona,Valencia,1,1,D,2,1.8,2.05,1.78
ES1,16/03/2025,Leganes,Betis,2,3,A,2.2,1.67,2.22,1.67
ES1,16/03/2025,Sevilla,Ath Bilbao,0,1,A,2.3,1.62,2.35,1.6
ES1,16/03/2025,Osasuna,Getafe,1,2,A,3.2,1.36,3.02,1.38
ES1,16/03/2025,Vallecano,Sociedad,2,2,D,2.63,1.5,2.67,1.47
ES1,16/03/2025,Ath Madrid,Barcelona,2,4,A,1.57,2.38,1.57,2.4
ES1,27/03/2025,Barcelona,Osasuna,3,0,H,1.33,3.4,1.33,3.25
ES1,29/03/2025,Sociedad,Valladolid,2,1,H,2,1.8,2.05,1.78
ES1,29/03/2025,Espanol,Ath Madrid,1,1,D,2.2,1.67,2.19,1.68
ES1,29/03/2025,Alaves,Vallecano,0,2,A,2.75,1.44,2.73,1.45
ES1,29/03/2025,Real Madrid,Leganes,3,2,H,1.36,3.2,1.35,3.1
ES1,30/03/2025,Getafe,Villarreal,1,2,A,2.38,1.57,2.36,1.59
ES1,30/03/2025,Barcelona,Girona,4,1,H,1.33,3.4,1.31,3.34
ES1,30/03/2025,Ath Bilbao,Osasuna,0,0,D,2.01,1.89,1.95,1.86
ES1,30/03/2025,Valencia,Mallorca,1,0,H,2.63,1.5,2.58,1.5
ES1,30/03/2025,Betis,Sevilla,2,1,H,2.04,1.86,2.03,1.81
ES1,31/03/2025,Celta,Las Palmas,1,1,D,1.8,2,1.78,2.04
ES1,04/04/2025,Vallecano,Espanol,0,4,A,2.38,1.57,2.45,1.55
ES1,05/04/2025,Girona,Alaves,0,1,A,2.1,1.73,2.13,1.71
ES1,05/04/2025,Real Madrid,Valencia,1,2,A,1.53,2.5,1.51,2.52
ES1,05/04/2025,Mallorca,Celta,1,2,A,2.3,1.62,2.34,1.59
ES1,05/04/2025,Barcelona,Betis,1,1,D,1.36,3.2,1.35,3.08
ES1,06/04/2025,Las Palmas,Sociedad,1,3,A,2.38,1.57,2.39,1.57
ES1,06/04/2025,Sevilla,Ath Madrid,1,2,A,2.2,1.67,2.24,1.65
ES1,06/04/2025,Valladolid,Getafe,0,4,A,2.75,1.44,2.76,1.43
ES1,06/04/2025,Villarreal,Ath Bilbao,0,0,D,1.91,1.99,1.87,1.95
ES1,07/04/2025,Leganes,Osasuna,1,1,D,2.3,1.62,2.3,1.61
ES1,11/04/2025,Valencia,Sevilla,1,0,H,2.3,1.62,2.31,1.63
ES1,12/04/2025,Sociedad,Mallorca,0,2,A,2.5,1.53,2.55,1.51
ES1,12/04/2025,Getafe,Las Palmas,1,3,A,2.5,1.53,2.45,1.55
ES1,12/04/2025,Celta,Espanol,0,2,A,2.07,1.83,2.01,1.82
ES1,12/04/2025,Leganes,Barcelona,0,1,A,1.44,2.75,1.43,2.74
ES1,13/04/2025,Osasuna,Girona,2,1,H,2.1,1.73,2.1,1.74
ES1,13/04/2025,Alaves,Real Madrid,0,1,A,1.73,2.1,1.71,2.14
ES1,13/04/2025,Betis,Villarreal,1,2,A,1.73,2.1,1.72,2.12
ES1,13/04/2025,Ath Bilbao,Vallecano,3,1,H,2.3,1.62,2.32,1.61
ES1,14/04/2025,Ath Madrid,Valladolid,4,2,H,1.5,2.63,1.46,2.65
ES1,18/04/2025,Espanol,Getafe,1,0,H,3,1.4,2.94,1.39
ES1,19/04/2025,Vallecano,Valencia,1,1,D,2.38,1.57,2.37,1.58
ES1,19/04/2025,Barcelona,Celta,4,3,H,1.36,3.2,1.33,3.21
ES1,19/04/2025,Mallorca,Leganes,0,0,D,2.63,1.5,2.54,1.51
ES1,19/04/2025,Las Palmas,Ath Madrid,1,0,H,1.8,2,1.8,2.02
ES1,20/04/2025,Valladolid,Osasuna,2,3,A,2,1.8,2.05,1.77
ES1,20/04/2025,Villarreal,Sociedad,2,2,D,1.98,1.92,1.93,1.88
ES1,20/04/2025,Sevilla,Alaves,1,1,D,2.75,1.44,2.67,1.46
ES1,20/04/2025,Real Madrid,Ath Bilbao,1,0,H,1.73,2.1,1.71,2.13
ES1,21/04/2025,Girona,Betis,1,3,A,2,1.78,1.99,1.82
ES1,22/04/2025,Valencia,Espanol,1,1,D,2.2,1.67,2.18,1.69
ES1,22/04/2025,Barcelona,Mallorca,1,0,H,1.5,2.63,1.48,2.63
ES1,23/04/2025,Ath Bilbao,Las Palmas,1,0,H,1.73,2.1,1.75,2.09
ES1,23/04/2025,Celta,Villarreal,3,0,H,1.67,2.2,1.68,2.18
ES1,23/04/2025,Alaves,Sociedad,1,0,H,2.63,1.5,2.62,1.48
ES1,23/04/2025,Getafe,Real Madrid,0,1,A,2.04,1.86,2,1.82
ES1,24/04/2025,Leganes,Girona,1,1,D,2.15,1.62,2.25,1.64
ES1,24/04/2025,Osasuna,Sevilla,1,0,H,2.25,1.57,2.31,1.61
ES1,24/04/2025,Ath Madrid,Vallecano,3,0,H,2.08,1.82,2.02,1.81
ES1,24/04/2025,Betis,Valladolid,5,1,H,1.46,2.57,1.46,2.64
ES1,27/04/2025,Villarreal,Espanol,1,0,H,1.73,2.1,1.72,2.11
ES1,02/05/2025,Vallecano,Getafe,1,0,H,2.63,1.5,2.66,1.47
ES1,03/05/2025,Alaves,Ath Madrid,0,0,D,2.5,1.53,2.52,1.52
ES1,03/05/2025,Villarreal,Osasuna,4,2,H,1.67,2.2,1.63,2.27
ES1,03/05/2025,Las Palmas,Valencia,2,3,A,2.07,1.83,2.02,1.8
ES1,03/05/2025,Valladolid,Barcelona,1,2,A,1.25,4,1.23,4.02
ES1,04/05/2025,Real Madrid,Celta,3,2,H,1.36,3.2,1.34,3.16
ES1,04/05/2025,Sevilla,Leganes,2,2,D,2.5,1.53,2.53,1.52
ES1,04/05/2025,Espanol,Betis,1,2,A,2.2,1.67,2.24,1.65
ES1,04/05/2025,Sociedad,Ath Bilbao,0,0,D,2.63,1.5,2.55,1.51
ES1,05/05/2025,Girona,Mallorca,1,0,H,2.38,1.57,2.41,1.56
ES1,09/05/2025,Las Palmas,Vallecano,0,1,A,2.02,1.76,2.05,1.78
ES1,10/05/2025,Valencia,Getafe,3,0,H,2.63,1.5,2.59,1.49
ES1,10/05/2025,Celta,Sevilla,3,2,H,2.05,1.85,2.01,1.81
ES1,10/05/2025,Girona,Villarreal,0,1,A,1.57,2.38,1.59,2.35
ES1,10/05/2025,Mallorca,Valladolid,2,1,H,2,1.9,1.96,1.85
ES1,10/05/2025,Ath Madrid,Sociedad,4,0,H,2.08,1.82,2.04,1.79
ES1,11/05/2025,Leganes,Espanol,3,2,H,2.63,1.5,2.54,1.51
ES1,11/05/2025,Barcelona,Real Madrid,4,3,H,1.33,3.4,1.32,3.28
ES1,11/05/2025,Ath Bilbao,Alaves,1,0,H,2.63,1.5,2.57,1.5
ES1,11/05/2025,Betis,Osasuna,1,1,D,1.86,2.04,1.83,2
ES1,13/05/2025,Valladolid,Girona,0,1,A,1.8,2,1.81,2.02
ES1,13/05/2025,Sociedad,Celta,0,1,A,2.05,1.85,2.03,1.81
ES1,13/05/2025,Sevilla,Las Palmas,1,0,H,2.05,1.85,2.01,1.83
ES1,14/05/2025,Alaves,Valencia,1,0,H,2.38,1.57,2.38,1.58
ES1,14/05/2025,Villarreal,Leganes,3,0,H,1.57,2.38,1.57,2.39
ES1,14/05/2025,Real Madrid,Mallorca,2,1,H,1.57,2.38,1.59,2.36
ES1,15/05/2025,Vallecano,Betis,2,2,D,2.07,1.83,2.04,1.79
ES1,15/05/2025,Osasuna,Ath Madrid,2,0,H,2.1,1.73,2.12,1.73
ES1,15/05/2025,Espanol,Barcelona,0,2,A,1.44,2.75,1.42,2.81
ES1,15/05/2025,Getafe,Ath Bilbao,0,2,A,3,1.4,2.89,1.4
ES1,18/05/2025,Ath Madrid,Betis,4,1,H,1.73,2.1,1.76,2.08
ES1,18/05/2025,Barcelona,Villarreal,2,3,A,1.36,3.2,1.35,3.15
ES1,18/05/2025,Celta,Vallecano,1,2,A,1.73,2.1,1.74,2.1
ES1,18/05/2025,Las Palmas,Leganes,0,1,A,1.85,2,1.83,1.98
ES1,18/05/2025,Mallorca,Getafe,1,2,A,2.75,1.44,2.67,1.46
ES1,18/05/2025,Osasuna,Espanol,2,0,H,2.1,1.73,2.09,1.75
ES1,18/05/2025,Sevilla,Real Madrid,0,2,A,1.53,2.5,1.52,2.48
ES1,18/05/2025,Sociedad,Girona,3,2,H,2.1,1.73,2.11,1.73
ES1,18/05/2025,Valencia,Ath Bilbao,0,1,A,2.38,1.57,2.34,1.6
ES1,18/05/2025,Valladolid,Alaves,0,1,A,2.03,1.83,2,1.82
ES1,23/05/2025,Betis,Valencia,1,1,D,1.62,2.3,1.62,2.31
ES1,24/05/2025,Real Madrid,Sociedad,2,0,H,1.44,2.75,1.44,2.74
ES1,24/05/2025,Espanol,Las Palmas,2,0,H,1.83,2.03,1.82,2.01
ES1,24/05/2025,Leganes,Valladolid,3,0,H,1.67,2.2,1.68,2.2
ES1,24/05/2025,Alaves,Osasuna,1,1,D,2.3,1.62,2.35,1.6
ES1,24/05/2025,Getafe,Celta,1,2,A,2.1,1.73,2.07,1.76
ES1,24/05/2025,Vallecano,Mallorca,0,0,D,2.1,1.73,2.14,1.71
ES1,25/05/2025,Girona,Ath Madrid,0,4,A,1.62,2.3,1.61,2.32
ES1,25/05/2025,Villarreal,Sevilla,4,2,H,1.53,2.5,1.5,2.55
ES1,25/05/2025,Ath Bilbao,Barcelona,0,3,A,1.53,2.5,1.52,2.49
ES1,11/08/2023,Almeria,Vallecano,0,2,A,2.1,1.73,2.15,1.72
ES1,11/08/2023,Sevilla,Valencia,1,2,A,2.2,1.67,2.29,1.64
ES1,12/08/2023,Sociedad,Girona,1,1,D,1.95,1.95,1.9,1.92
ES1,12/08/2023,Las Palmas,Mallorca,1,1,D,2.75,1.44,2.7,1.47
ES1,12/08/2023,Ath Bilbao,Real Madrid,0,2,A,1.87,2.03,1.85,1.99
ES1,13/08/2023,Celta,Osasuna,0,2,A,2.3,1.62,2.36,1.6
ES1,13/08/2023,Villarreal,Betis,1,2,A,1.73,2.1,1.72,2.15
ES1,13/08/2023,Getafe,Barcelona,0,0,D,2.1,1.73,2.08,1.77
ES1,14/08/2023,Cadiz,Alaves,1,0,H,2.75,1.44,2.63,1.48
ES1,14/08/2023,Ath Madrid,Granada,3,1,H,1.67,2.2,1.68,2.2
ES1,18/08/2023,Mallorca,Villarreal,0,1,A,2.3,1.62,2.38,1.6
ES1,18/08/2023,Valencia,Las Palmas,1,0,H,2.1,1.73,2.15,1.73
ES1,19/08/2023,Sociedad,Celta,1,1,D,2.38,1.57,2.4,1.58
ES1,19/08/2023,Almeria,Real Madrid,1,3,A,1.62,2.3,1.63,2.32
ES1,19/08/2023,Osasuna,Ath Bilbao,0,2,A,2.38,1.57,2.39,1.59
ES1,20/08/2023,Girona,Getafe,3,0,H,2.63,1.5,2.59,1.5
ES1,20/08/2023,Barcelona,Cadiz,2,0,H,1.57,2.38,1.59,2.39
ES1,20/08/2023,Betis,Ath Madrid,0,0,D,2.1,1.73,2.14,1.73
ES1,21/08/2023,Alaves,Sevilla,4,3,H,2.63,1.5,2.61,1.49
ES1,21/08/2023,Granada,Vallecano,0,2,A,2.38,1.57,2.38,1.58
ES1,25/08/2023,Las Palmas,Sociedad,0,0,D,2.38,1.57,2.44,1.57
ES1,25/08/2023,Celta,Real Madrid,0,1,A,1.73,2.1,1.78,2.08
ES1,26/08/2023,Cadiz,Almeria,1,1,D,2.1,1.73,2.1,1.76
ES1,26/08/2023,Granada,Mallorca,3,2,H,2.75,1.44,2.7,1.47
ES1,26/08/2023,Sevilla,Girona,1,2,A,1.97,1.93,1.95,1.89
ES1,27/08/2023,Villarreal,Barcelona,3,4,A,1.67,2.2,1.68,2.23
ES1,27/08/2023,Valencia,Osasuna,1,2,A,2.2,1.67,2.23,1.68
ES1,27/08/2023,Ath Bilbao,Betis,4,2,H,2.02,1.88,2,1.85
ES1,28/08/2023,Getafe,Alaves,1,0,H,3.2,1.36,3.14,1.37
ES1,28/08/2023,Vallecano,Ath Madrid,0,7,A,2.1,1.73,2.12,1.74
ES1,01/09/2023,Cadiz,Villarreal,3,1,H,1.89,2.01,1.87,1.97
ES1,01/09/2023,Almeria,Celta,2,3,A,2,1.8,2.07,1.78
ES1,02/09/2023,Sociedad,Granada,5,3,H,1.85,2.05,1.82,2.02
ES1,02/09/2023,Real Madrid,Getafe,2,1,H,1.94,1.96,1.88,1.95
ES1,02/09/2023,Alaves,Valencia,1,0,H,2.75,1.44,2.76,1.45
ES1,02/09/2023,Betis,Vallecano,1,0,H,2.1,1.73,2.09,1.77
ES1,03/09/2023,Girona,Las Palmas,1,0,H,2.1,1.73,2.11,1.75
ES1,03/09/2023,Mallorca,Ath Bilbao,0,0,D,2.63,1.5,2.58,1.52
ES1,03/09/2023,Osasuna,Barcelona,1,2,A,1.8,2,1.78,2.06
ES1,15/09/2023,Vallecano,Alaves,2,0,H,2.63,1.5,2.66,1.49
ES1,16/09/2023,Ath Bilbao,Cadiz,3,0,H,2,1.8,2.05,1.79
ES1,16/09/2023,Valencia,Ath Madrid,3,0,H,2.2,1.67,2.16,1.72
ES1,16/09/2023,Celta,Mallorca,0,1,A,2.63,1.5,2.64,1.49
ES1,16/09/2023,Barcelona,Betis,5,0,H,1.57,2.38,1.56,2.45
ES1,17/09/2023,Getafe,Osasuna,3,2,H,3,1.4,2.94,1.41
ES1,17/09/2023,Villarreal,Almeria,2,1,H,1.57,2.38,1.57,2.44
ES1,17/09/2023,Sevilla,Las Palmas,1,0,H,2.03,1.87,2,1.84
ES1,17/09/2023,Real Madrid,Sociedad,2,1,H,1.9,2,1.88,1.96
ES1,18/09/2023,Granada,Girona,2,4,A,2.05,1.85,2.02,1.8
ES1,22/09/2023,Alaves,Ath Bilbao,0,2,A,2.63,1.5,2.57,1.52
ES1,23/09/2023,Girona,Mallorca,5,3,H,2.38,1.57,2.39,1.59
ES1,23/09/2023,Osasuna,Sevilla,0,0,D,2.2,1.67,2.26,1.66
ES1,23/09/2023,Barcelona,Celta,3,2,H,1.5,2.63,1.52,2.55
ES1,23/09/2023,Almeria,Valencia,2,2,D,1.94,1.96,1.93,1.91
ES1,24/09/2023,Sociedad,Getafe,4,3,H,2.5,1.53,2.51,1.54
ES1,24/09/2023,Vallecano,Villarreal,1,1,D,1.73,2.1,1.76,2.1
ES1,24/09/2023,Betis,Cadiz,1,1,D,2.1,1.73,2.14,1.73
ES1,24/09/2023,Las Palmas,Granada,1,0,H,2.08,1.82,2.05,1.79
ES1,24/09/2023,Ath Madrid,Real Madrid,3,1,H,2.06,1.84,2.03,1.82
ES1,26/09/2023,Sevilla,Almeria,5,1,H,1.73,2.1,1.72,2.16
ES1,26/09/2023,Mallorca,Barcelona,2,2,D,1.9,2,1.86,1.98
ES1,27/09/2023,Ath Bilbao,Getafe,2,2,D,2.38,1.57,2.4,1.59
ES1,27/09/2023,Real Madrid,Las Palmas,2,0,H,1.44,2.75,1.44,2.8
ES1,27/09/2023,Villarreal,Girona,1,2,A,1.57,2.38,1.6,2.38
ES1,27/09/2023,Cadiz,Vallecano,0,0,D,2.38,1.57,2.36,1.6
ES1,27/09/2023,Valencia,Sociedad,0,1,A,2.5,1.53,2.45,1.57
ES1,28/09/2023,Celta,Alaves,1,1,D,2.3,1.62,2.39,1.59
ES1,28/09/2023,Granada,Betis,1,1,D,1.97,1.93,1.94,1.9
ES1,28/09/2023,Osasuna,Ath Madrid,0,2,A,2.1,1.73,2.09,1.77
ES1,29/09/2023,Barcelona,Sevilla,1,0,H,1.48,2.6,1.5,2.61
ES1,30/09/2023,Getafe,Villarreal,0,0,D,2.08,1.73,2.11,1.75
ES1,30/09/2023,Vallecano,Mallorca,2,2,D,2.4,1.53,2.45,1.56
ES1,30/09/2023,Girona,Real Madrid,0,3,A,1.6,2.3,1.62,2.34
ES1,30/09/2023,Sociedad,Ath Bilbao,3,0,H,2.35,1.57,2.36,1.61
ES1,01/10/2023,Almeria,Granada,3,3,D,1.73,2.08,1.76,2.09
ES1,01/10/2023,Alaves,Osasuna,0,2,A,2.5,1.5,2.56,1.52
ES1,01/10/2023,Ath Madrid,Cadiz,3,2,H,1.73,2.08,1.75,2.11
ES1,01/10/2023,Betis,Valencia,3,0,H,2.1,1.7,2.16,1.72
ES1,02/10/2023,Las Palmas,Celta,2,1,H,2.25,1.62,2.28,1.64
ES1,06/10/2023,Ath Bilbao,Almeria,3,0,H,1.53,2.4,1.54,2.49
ES1,07/10/2023,Cadiz,Girona,0,1,A,1.98,1.92,1.95,1.87
ES1,07/10/2023,Real Madrid,Osasuna,4,0,H,1.57,2.35,1.58,2.4
ES1,07/10/2023,Mallorca,Valencia,1,1,D,2.5,1.5,2.53,1.53
ES1,07/10/2023,Sevilla,Vallecano,2,2,D,2.05,1.75,2.05,1.79
ES1,08/10/2023,Villarreal,Las Palmas,1,2,A,1.73,2.08,1.76,2.08
ES1,08/10/2023,Ath Madrid,Sociedad,2,1,H,2.1,1.7,2.12,1.72
ES1,08/10/2023,Alaves,Betis,1,1,D,2.35,1.57,2.38,1.59
ES1,08/10/2023,Celta,Getafe,2,2,D,2.5,1.5,2.57,1.51
ES1,08/10/2023,Granada,Barcelona,2,2,D,1.44,2.7,1.47,2.69
ES1,20/10/2023,Osasuna,Granada,2,0,H,1.89,2.01,1.86,1.97
ES1,21/10/2023,Sociedad,Mallorca,1,0,H,2.35,1.57,2.38,1.59
ES1,21/10/2023,Getafe,Betis,1,1,D,2.4,1.53,2.42,1.57
ES1,21/10/2023,Sevilla,Real Madrid,1,1,D,1.67,2.15,1.68,2.21
ES1,21/10/2023,Celta,Ath Madrid,0,3,A,2.03,1.87,2,1.84
ES1,22/10/2023,Las Palmas,Vallecano,0,1,A,2.25,1.62,2.29,1.63
ES1,22/10/2023,Girona,Almeria,5,2,H,1.53,2.4,1.52,2.53
ES1,22/10/2023,Villarreal,Alaves,1,1,D,1.97,1.93,1.94,1.89
ES1,22/10/2023,Barcelona,Ath Bilbao,1,0,H,1.73,2.08,1.74,2.12
ES1,23/10/2023,Valencia,Cadiz,2,0,H,2.2,1.65,2.26,1.65
ES1,27/10/2023,Girona,Celta,1,0,H,1.62,2.25,1.64,2.3
ES1,28/10/2023,Almeria,Las Palmas,1,2,A,1.97,1.93,1.95,1.88
ES1,28/10/2023,Barcelona,Real Madrid,1,2,A,1.57,2.35,1.6,2.4
ES1,28/10/2023,Mallorca,Getafe,0,0,D,2.88,1.4,2.8,1.44
ES1,28/10/2023,Cadiz,Sevilla,2,2,D,2.05,1.75,2.09,1.77
ES1,29/10/2023,Betis,Osasuna,2,1,H,2.1,1.7,2.15,1.72
ES1,29/10/2023,Vallecano,Sociedad,2,2,D,2.35,1.57,2.41,1.59
ES1,29/10/2023,Ath Bilbao,Valencia,2,2,D,2.08,1.73,2.08,1.75
ES1,29/10/2023,Ath Madrid,Alaves,2,1,H,1.89,2.01,1.83,2
ES1,30/10/2023,Granada,Villarreal,2,3,A,1.7,2.1,1.71,2.17
ES1,03/11/2023,Las Palmas,Ath Madrid,2,1,H,2.1,1.7,2.12,1.75
ES1,04/11/2023,Osasuna,Girona,2,4,A,1.98,1.92,1.94,1.89
ES1,04/11/2023,Betis,Mallorca,2,0,H,2.3,1.6,2.34,1.62
ES1,04/11/2023,Celta,Sevilla,1,1,D,1.95,1.95,1.93,1.9
ES1,04/11/2023,Sociedad,Barcelona,0,1,A,1.93,1.97,1.9,1.93
ES1,05/11/2023,Alaves,Almeria,1,0,H,2.01,1.89,1.96,1.87
ES1,05/11/2023,Valencia,Granada,1,0,H,1.91,1.99,1.86,1.97
ES1,05/11/2023,Villarreal,Ath Bilbao,2,3,A,1.84,2.06,1.82,1.99
ES1,05/11/2023,Real Madrid,Vallecano,0,0,D,1.53,2.4,1.53,2.51
ES1,06/11/2023,Getafe,Cadiz,1,0,H,2.7,1.44,2.73,1.46
ES1,10/11/2023,Ath Bilbao,Celta,4,3,H,1.73,2.08,1.75,2.12
ES1,11/11/2023,Vallecano,Girona,1,2,A,1.85,2.05,1.83,2.01
ES1,11/11/2023,Almeria,Sociedad,1,3,A,1.85,2.05,1.82,2.02
ES1,11/11/2023,Granada,Getafe,1,1,D,2.3,1.6,2.34,1.62
ES1,11/11/2023,Osasuna,Las Palmas,1,1,D,2.3,1.6,2.35,1.61
ES1,11/11/2023,Real Madrid,Valencia,5,1,H,1.6,2.3,1.63,2.31
ES1,12/11/2023,Barcelona,Alaves,2,1,H,1.57,2.35,1.57,2.41
ES1,12/11/2023,Sevilla,Betis,1,1,D,1.95,1.95,1.93,1.91
ES1,12/11/2023,Ath Madrid,Villarreal,3,1,H,1.5,2.5,1.5,2.57
ES1,24/11/2023,Alaves,Granada,3,1,H,2.1,1.7,2.05,1.79
ES1,25/11/2023,Vallecano,Barcelona,1,1,D,1.73,2.08,1.73,2.14
ES1,25/11/2023,Valencia,Celta,0,0,D,2.08,1.73,2.11,1.75
ES1,25/11/2023,Getafe,Almeria,2,1,H,2.07,1.83,2.02,1.8
ES1,25/11/2023,Ath Madrid,Mallorca,1,0,H,1.97,1.93,1.94,1.89
ES1,26/11/2023,Villarreal,Osasuna,3,1,H,1.88,2.02,1.86,1.97
ES1,26/11/2023,Sociedad,Sevilla,2,1,H,2.07,1.83,2.04,1.8
ES1,26/11/2023,Cadiz,Real Madrid,0,3,A,1.73,2.08,1.74,2.12
ES1,26/11/2023,Betis,Las Palmas,1,0,H,2.1,1.7,2.12,1.74
ES1,27/11/2023,Girona,Ath Bilbao,1,1,D,1.65,2.2,1.67,2.23
ES1,29/11/2023,Mallorca,Cadiz,1,1,D,2.5,1.5,2.57,1.52
ES1,01/12/2023,Las Palmas,Getafe,2,0,H,2.88,1.4,2.91,1.42
ES1,02/12/2023,Girona,Valencia,2,1,H,1.86,2.04,1.82,2.03
ES1,02/12/2023,Ath Bilbao,Vallecano,4,0,H,1.82,2.08,1.81,2.03
ES1,02/12/2023,Real Madrid,Granada,2,0,H,1.33,3.4,1.36,3.16
ES1,02/12/2023,Osasuna,Sociedad,1,1,D,2.35,1.57,2.42,1.58
ES1,03/12/2023,Mallorca,Alaves,0,0,D,2.7,1.44,2.77,1.45
ES1,03/12/2023,Almeria,Betis,0,0,D,1.7,2.1,1.74,2.12
ES1,03/12/2023,Sevilla,Villarreal,1,1,D,1.67,2.15,1.7,2.18
ES1,03/12/2023,Barcelona,Ath Madrid,1,0,H,1.73,2.08,1.76,2.1
ES1,04/12/2023,Celta,Cadiz,1,1,D,2.05,1.85,2,1.84
ES1,08/12/2023,Getafe,Valencia,1,0,H,2.88,1.4,2.9,1.41
ES1,09/12/2023,Alaves,Las Palmas,0,1,A,2.6,1.48,2.59,1.51
ES1,09/12/2023,Betis,Real Madrid,1,1,D,1.73,2.08,1.76,2.09
ES1,09/12/2023,Villarreal,Sociedad,0,3,A,2,1.9,1.94,1.88
ES1,09/12/2023,Mallorca,Sevilla,1,0,H,2.35,1.57,2.38,1.59
ES1,10/12/2023,Ath Madrid,Almeria,2,1,H,1.4,2.88,1.38,3.06
ES1,10/12/2023,Cadiz,Osasuna,1,1,D,2.4,1.53,2.43,1.57
ES1,10/12/2023,Barcelona,Girona,2,4,A,1.48,2.6,1.48,2.64
ES1,11/12/2023,Granada,Ath Bilbao,1,1,D,1.7,2.1,1.71,2.16
ES1,11/12/2023,Vallecano,Celta,0,0,D,2.08,1.73,2.05,1.79
ES1,15/12/2023,Osasuna,Vallecano,1,0,H,2.4,1.53,2.47,1.57
ES1,16/12/2023,Celta,Granada,1,0,H,1.75,2.05,1.78,2.07
ES1,16/12/2023,Ath Bilbao,Ath Madrid,2,0,H,1.95,1.95,1.9,1.94
ES1,16/12/2023,Sevilla,Getafe,0,3,A,2.25,1.62,2.25,1.66
ES1,16/12/2023,Valencia,Barcelona,1,1,D,1.86,2.04,1.83,2.01
ES1,17/12/2023,Almeria,Mallorca,0,0,D,2.1,1.7,2.12,1.75
ES1,17/12/2023,Sociedad,Betis,0,0,D,2.05,1.75,2.04,1.8
ES1,17/12/2023,Las Palmas,Cadiz,1,1,D,2.4,1.53,2.41,1.59
ES1,17/12/2023,Real Madrid,Villarreal,4,1,H,1.4,2.88,1.38,3.06
ES1,18/12/2023,Girona,Alaves,3,0,H,1.73,2.08,1.75,2.11
ES1,19/12/2023,Vallecano,Valencia,0,1,A,2.35,1.57,2.4,1.59
ES1,19/12/2023,Ath Madrid,Getafe,3,3,D,2.04,1.86,2,1.84
ES1,19/12/2023,Granada,Sevilla,0,3,A,2.05,1.75,2.07,1.78
ES1,20/12/2023,Barcelona,Almeria,3,2,H,1.25,4,1.26,3.87
ES1,20/12/2023,Ath Bilbao,Las Palmas,1,0,H,1.75,2.05,1.79,2.06
ES1,20/12/2023,Villarreal,Celta,3,2,H,1.9,2,1.85,1.99
ES1,21/12/2023,Betis,Girona,1,1,D,1.73,2.08,1.74,2.12
ES1,21/12/2023,Cadiz,Sociedad,0,0,D,2.3,1.6,2.27,1.65
ES1,21/12/2023,Alaves,Real Madrid,0,1,A,1.75,2.05,1.78,2.07
ES1,21/12/2023,Mallorca,Osasuna,3,2,H,2.7,1.44,2.78,1.45
ES1,23/12/2023,Ath Madrid,Sevilla,1,0,H,1.7,2.1,1.71,2.18
ES1,02/01/2024,Getafe,Vallecano,0,2,A,2.6,1.48,2.63,1.5
ES1,02/01/2024,Sociedad,Alaves,1,1,D,2.3,1.6,2.34,1.62
ES1,02/01/2024,Valencia,Villarreal,3,1,H,2.04,1.86,1.99,1.85
ES1,03/01/2024,Granada,Cadiz,2,0,H,2.35,1.57,2.33,1.61
ES1,03/01/2024,Celta,Betis,2,1,H,2.07,1.83,1.99,1.84
ES1,03/01/2024,Real Madrid,Mallorca,1,0,H,1.65,2.2,1.66,2.26
ES1,03/01/2024,Girona,Ath Madrid,4,3,H,1.67,2.15,1.68,2.22
ES1,04/01/2024,Osasuna,Almeria,1,0,H,1.92,1.98,1.88,1.95
ES1,04/01/2024,Sevilla,Ath Bilbao,0,2,A,2.05,1.75,2.04,1.8
ES1,04/01/2024,Las Palmas,Barcelona,1,2,A,1.7,2.1,1.71,2.12
ES1,12/01/2024,Sevilla,Alaves,2,3,A,2.35,1.57,2.4,1.59
ES1,13/01/2024,Las Palmas,Villarreal,3,0,H,2.01,1.89,1.96,1.87
ES1,13/01/2024,Mallorca,Celta,1,1,D,2.6,1.48,2.6,1.5
ES1,13/01/2024,Ath Bilbao,Sociedad,2,1,H,2.15,1.67,2.17,1.7
ES1,13/01/2024,Betis,Granada,1,0,H,1.9,2,1.86,1.97
ES1,14/01/2024,Almeria,Girona,0,0,D,1.5,2.5,1.5,2.59
ES1,14/01/2024,Cadiz,Valencia,1,4,A,2.5,1.5,2.5,1.55
ES1,19/01/2024,Alaves,Cadiz,1,0,H,2.6,1.48,2.61,1.51
ES1,20/01/2024,Vallecano,Las Palmas,0,2,A,2.3,1.6,2.33,1.62
ES1,20/01/2024,Villarreal,Mallorca,1,1,D,2.05,1.75,2.05,1.78
ES1,20/01/2024,Valencia,Ath Bilbao,1,0,H,2.15,1.67,2.17,1.71
ES1,20/01/2024,Celta,Sociedad,0,1,A,2.5,1.5,2.47,1.56
ES1,21/01/2024,Osasuna,Getafe,3,2,H,2.6,1.48,2.64,1.49
ES1,21/01/2024,Real Madrid,Almeria,3,2,H,1.29,3.6,1.29,3.54
ES1,21/01/2024,Betis,Barcelona,2,4,A,1.67,2.15,1.7,2.18
ES1,21/01/2024,Girona,Sevilla,5,1,H,1.67,2.15,1.67,2.22
ES1,22/01/2024,Granada,Ath Madrid,0,1,A,1.8,2,1.78,2.05
ES1,26/01/2024,Almeria,Alaves,0,3,A,2.2,1.65,2.23,1.68
ES1,27/01/2024,Sociedad,Vallecano,0,0,D,2.2,1.65,2.27,1.65
ES1,27/01/2024,Las Palmas,Real Madrid,1,2,A,1.65,2.2,1.67,2.23
ES1,27/01/2024,Barcelona,Villarreal,3,5,A,1.33,3.4,1.35,3.23
ES1,27/01/2024,Mallorca,Betis,0,1,A,2.4,1.53,2.48,1.55
ES1,28/01/2024,Celta,Girona,0,1,A,1.75,2.05,1.74,2.09
ES1,28/01/2024,Cadiz,Ath Bilbao,0,0,D,2.2,1.65,2.21,1.68
ES1,28/01/2024,Sevilla,Osasuna,1,1,D,2.2,1.65,2.22,1.67
ES1,28/01/2024,Ath Madrid,Valencia,2,0,H,1.85,2.05,1.81,2.02
ES1,29/01/2024,Getafe,Granada,2,0,H,2.3,1.6,2.3,1.62
ES1,31/01/2024,Barcelona,Osasuna,1,0,H,1.6,2.3,1.62,2.34
ES1,31/01/2024,Ath Madrid,Vallecano,2,1,H,1.75,2.05,1.77,2.08
ES1,01/02/2024,Getafe,Real Madrid,0,2,A,1.98,1.92,1.92,1.91
ES1,02/02/2024,Ath Bilbao,Mallorca,4,0,H,2.2,1.65,2.24,1.67
ES1,03/02/2024,Valencia,Almeria,2,1,H,2,1.9,1.95,1.88
ES1,03/02/2024,Granada,Las Palmas,1,1,D,2.2,1.65,2.25,1.66
ES1,03/02/2024,Alaves,Barcelona,1,3,A,1.89,2.01,1.87,1.97
ES1,03/02/2024,Girona,Sociedad,0,0,D,2.03,1.87,2,1.85
ES1,04/02/2024,Villarreal,Cadiz,0,0,D,1.89,2.01,1.86,1.98
ES1,04/02/2024,Osasuna,Celta,0,3,A,2.4,1.53,2.45,1.56
ES1,04/02/2024,Betis,Getafe,1,1,D,2.25,1.62,2.28,1.64
ES1,04/02/2024,Real Madrid,Ath Madrid,1,1,D,1.65,2.2,1.67,2.24
ES1,05/02/2024,Vallecano,Sevilla,1,2,A,2.15,1.67,2.18,1.69
ES1,09/02/2024,Cadiz,Betis,0,2,A,2.7,1.44,2.67,1.49
ES1,10/02/2024,Alaves,Villarreal,1,1,D,2.06,1.84,2.01,1.82
ES1,10/02/2024,Sociedad,Osasuna,0,1,A,2.7,1.44,2.79,1.44
ES1,10/02/2024,Real Madrid,Girona,4,0,H,1.44,2.7,1.44,2.8
ES1,10/02/2024,Las Palmas,Valencia,2,0,H,2.6,1.48,2.57,1.52
ES1,11/02/2024,Getafe,Celta,3,2,H,2.5,1.5,2.54,1.53
ES1,11/02/2024,Mallorca,Vallecano,2,1,H,2.7,1.44,2.72,1.46
ES1,11/02/2024,Sevilla,Ath Madrid,1,0,H,1.89,2.01,1.84,1.99
ES1,11/02/2024,Barcelona,Granada,3,3,D,1.4,2.88,1.4,2.91
ES1,12/02/2024,Almeria,Ath Bilbao,0,0,D,1.84,2.06,1.81,2.01
ES1,16/02/2024,Villarreal,Getafe,1,1,D,1.99,1.91,1.95,1.89
ES1,17/02/2024,Ath Madrid,Las Palmas,5,0,H,1.85,2.05,1.81,2.04
ES1,17/02/2024,Osasuna,Cadiz,2,0,H,2.5,1.5,2.55,1.52
ES1,17/02/2024,Celta,Barcelona,1,2,A,1.67,2.15,1.68,2.22
ES1,17/02/2024,Valencia,Sevilla,0,0,D,2.2,1.65,2.21,1.69
ES1,18/02/2024,Vallecano,Real Madrid,1,1,D,1.88,2.02,1.84,2
ES1,18/02/2024,Granada,Almeria,1,1,D,1.99,1.91,1.93,1.88
ES1,18/02/2024,Mallorca,Sociedad,1,2,A,3.4,1.33,3.25,1.33
ES1,18/02/2024,Betis,Alaves,0,0,D,2.2,1.65,2.19,1.69
ES1,19/02/2024,Ath Bilbao,Girona,3,2,H,1.7,2.1,1.71,2.15
ES1,23/02/2024,Sociedad,Villarreal,1,3,A,2.02,1.88,1.96,1.85
ES1,24/02/2024,Barcelona,Getafe,4,0,H,1.62,2.25,1.63,2.3
ES1,24/02/2024,Alaves,Mallorca,1,1,D,3.1,1.36,2.93,1.41
ES1,24/02/2024,Almeria,Ath Madrid,2,2,D,1.73,2.08,1.74,2.08
ES1,25/02/2024,Cadiz,Celta,2,2,D,2.6,1.48,2.62,1.5
ES1,25/02/2024,Betis,Ath Bilbao,3,1,H,2.2,1.65,2.16,1.7
ES1,25/02/2024,Las Palmas,Osasuna,1,1,D,2.5,1.5,2.52,1.53
ES1,25/02/2024,Real Madrid,Sevilla,1,0,H,1.5,2.5,1.51,2.55
ES1,26/02/2024,Girona,Vallecano,3,0,H,1.7,2.1,1.74,2.11
ES1,01/03/2024,Celta,Almeria,1,0,H,1.98,1.92,1.96,1.88
ES1,02/03/2024,Sevilla,Sociedad,3,2,H,2.6,1.48,2.63,1.49
ES1,02/03/2024,Vallecano,Cadiz,1,1,D,2.6,1.48,2.6,1.5
ES1,02/03/2024,Getafe,Las Palmas,3,3,D,2.5,1.5,2.53,1.53
ES1,02/03/2024,Valencia,Real Madrid,2,2,D,2.02,1.88,1.97,1.86
ES1,03/03/2024,Villarreal,Granada,5,1,H,1.62,2.25,1.64,2.3
ES1,03/03/2024,Ath Madrid,Betis,2,1,H,1.73,2.08,1.74,2.11
ES1,03/03/2024,Mallorca,Girona,1,0,H,2.15,1.67,2.15,1.71
ES1,03/03/2024,Ath Bilbao,Barcelona,0,0,D,1.73,2.08,1.74,2.12
ES1,04/03/2024,Osasuna,Alaves,1,0,H,2.6,1.48,2.58,1.5
ES1,08/03/2024,Barcelona,Mallorca,1,0,H,1.75,2.05,1.81,2.03
ES1,09/03/2024,Valencia,Getafe,1,0,H,2.6,1.48,2.69,1.48
ES1,09/03/2024,Cadiz,Ath Madrid,2,0,H,2.1,1.7,2.13,1.74
ES1,09/03/2024,Granada,Sociedad,2,3,A,2.2,1.65,2.27,1.65
ES1,09/03/2024,Girona,Osasuna,2,0,H,1.7,2.1,1.72,2.14
ES1,10/03/2024,Alaves,Vallecano,1,0,H,2.5,1.5,2.57,1.52
ES1,10/03/2024,Las Palmas,Ath Bilbao,0,2,A,2.15,1.67,2.19,1.69
ES1,10/03/2024,Real Madrid,Celta,4,0,H,1.5,2.5,1.52,2.52
ES1,10/03/2024,Betis,Villarreal,2,3,A,1.75,2.05,1.76,2.09
ES1,11/03/2024,Almeria,Sevilla,2,2,D,1.98,1.92,1.93,1.89
ES1,15/03/2024,Sociedad,Cadiz,2,0,H,2.35,1.57,2.43,1.58
ES1,16/03/2024,Mallorca,Granada,1,0,H,2.35,1.57,2.41,1.59
ES1,16/03/2024,Osasuna,Real Madrid,2,4,A,1.85,2.05,1.83,2.01
ES1,16/03/2024,Getafe,Girona,1,0,H,1.88,2.02,1.85,1.99
ES1,16/03/2024,Ath Bilbao,Alaves,2,0,H,2.15,1.67,2.19,1.69
ES1,17/03/2024,Sevilla,Celta,1,2,A,2.05,1.75,2.07,1.78
ES1,17/03/2024,Las Palmas,Almeria,0,1,A,2,1.9,1.93,1.88
ES1,17/03/2024,Villarreal,Valencia,1,0,H,2.03,1.87,1.98,1.85
ES1,17/03/2024,Vallecano,Betis,2,0,H,2.25,1.62,2.25,1.66
ES1,17/03/2024,Ath Madrid,Barcelona,0,3,A,1.65,2.2,1.65,2.26
ES1,29/03/2024,Cadiz,Granada,1,0,H,2.3,1.6,2.33,1.61
ES1,30/03/2024,Getafe,Sevilla,0,1,A,2.2,1.65,2.24,1.67
ES1,30/03/2024,Almeria,Osasuna,0,3,A,2.08,1.73,2.12,1.75
ES1,30/03/2024,Valencia,Mallorca,0,0,D,3.1,1.36,2.99,1.4
ES1,30/03/2024,Barcelona,Las Palmas,1,0,H,1.44,2.7,1.46,2.74
ES1,31/03/2024,Celta,Vallecano,0,0,D,2.15,1.67,2.2,1.69
ES1,31/03/2024,Girona,Betis,3,2,H,1.7,2.1,1.72,2.15
ES1,31/03/2024,Alaves,Sociedad,0,1,A,2.88,1.4,2.75,1.45
ES1,31/03/2024,Real Madrid,Ath Bilbao,2,0,H,1.75,2.05,1.76,2.09
ES1,01/04/2024,Villarreal,Ath Madrid,1,2,A,1.57,2.35,1.59,2.36
ES1,04/04/2024,Granada,Valencia,0,1,A,2.3,1.6,2.33,1.6
ES1,12/04/2024,Betis,Celta,2,1,H,2.09,1.84,2.03,1.81
ES1,13/04/2024,Ath Madrid,Girona,3,1,H,1.62,2.25,1.64,2.29
ES1,13/04/2024,Vallecano,Getafe,0,0,D,2.6,1.48,2.6,1.5
ES1,13/04/2024,Mallorca,Real Madrid,0,1,A,2.05,1.75,2.08,1.77
ES1,13/04/2024,Cadiz,Barcelona,0,1,A,2.01,1.89,1.97,1.86
ES1,14/04/2024,Las Palmas,Sevilla,0,2,A,2.15,1.67,2.17,1.7
ES1,14/04/2024,Granada,Alaves,2,0,H,2.35,1.57,2.34,1.61
ES1,14/04/2024,Ath Bilbao,Villarreal,1,1,D,1.7,2.1,1.7,2.17
ES1,14/04/2024,Sociedad,Almeria,2,2,D,1.75,2.05,1.76,2.08
ES1,15/04/2024,Osasuna,Valencia,0,1,A,2.6,1.48,2.61,1.49
ES1,19/04/2024,Ath Bilbao,Granada,1,1,D,1.73,2.1,1.7,2.2
ES1,20/04/2024,Celta,Las Palmas,4,1,H,2.08,1.82,2.05,1.8
ES1,20/04/2024,Vallecano,Osasuna,2,1,H,2.63,1.5,2.61,1.5
ES1,20/04/2024,Valencia,Betis,1,2,A,2.2,1.67,2.23,1.67
ES1,20/04/2024,Girona,Cadiz,4,1,H,1.73,2.1,1.71,2.17
ES1,21/04/2024,Getafe,Sociedad,1,1,D,2.63,1.5,2.66,1.48
ES1,21/04/2024,Almeria,Villarreal,1,2,A,1.62,2.3,1.63,2.32
ES1,21/04/2024,Alaves,Ath Madrid,2,0,H,2.2,1.67,2.2,1.69
ES1,21/04/2024,Real Madrid,Barcelona,3,2,H,1.53,2.5,1.54,2.48
ES1,22/04/2024,Sevilla,Mallorca,2,1,H,2.63,1.5,2.63,1.49
ES1,26/04/2024,Sociedad,Real Madrid,0,1,A,2.2,1.67,2.23,1.68
ES1,27/04/2024,Las Palmas,Girona,0,2,A,1.73,2.1,1.71,2.18
ES1,27/04/2024,Almeria,Getafe,1,3,A,2.1,1.73,2.1,1.76
ES1,27/04/2024,Alaves,Celta,3,0,H,2.38,1.57,2.41,1.59
ES1,27/04/2024,Ath Madrid,Ath Bilbao,3,1,H,2.01,1.89,1.96,1.87
ES1,28/04/2024,Cadiz,Mallorca,1,1,D,3,1.4,3.04,1.38
ES1,28/04/2024,Granada,Osasuna,3,0,H,2.3,1.62,2.3,1.64
ES1,28/04/2024,Villarreal,Vallecano,3,0,H,1.8,2,1.8,2.03
ES1,28/04/2024,Betis,Sevilla,1,1,D,2,1.8,2.05,1.78
ES1,29/04/2024,Barcelona,Valencia,4,2,H,1.62,2.3,1.64,2.28
ES1,03/05/2024,Getafe,Ath Bilbao,0,2,A,2.5,1.53,2.43,1.58
ES1,04/05/2024,Sociedad,Las Palmas,2,0,H,1.92,1.98,1.88,1.95
ES1,04/05/2024,Real Madrid,Cadiz,3,0,H,1.67,2.2,1.67,2.22
ES1,04/05/2024,Girona,Barcelona,4,2,H,1.44,2.75,1.45,2.77
ES1,04/05/2024,Mallorca,Ath Madrid,0,1,A,2.38,1.57,2.39,1.59
ES1,05/05/2024,Osasuna,Betis,0,2,A,2.2,1.67,2.16,1.71
ES1,05/05/2024,Celta,Villarreal,3,2,H,1.67,2.2,1.66,2.25
ES1,05/05/2024,Valencia,Alaves,0,1,A,2.75,1.44,2.67,1.46
ES1,05/05/2024,Sevilla,Granada,3,0,H,1.86,2.04,1.83,2.01
ES1,05/05/2024,Vallecano,Almeria,0,1,A,1.85,2.05,1.83,2
ES1,10/05/2024,Alaves,Girona,2,2,D,1.8,2,1.8,2.04
ES1,11/05/2024,Mallorca,Las Palmas,1,0,H,2.63,1.5,2.53,1.53
ES1,11/05/2024,Villarreal,Sevilla,3,2,H,1.57,2.38,1.59,2.4
ES1,11/05/2024,Granada,Real Madrid,0,4,A,1.67,2.2,1.63,2.26
ES1,11/05/2024,Ath Bilbao,Osasuna,2,2,D,1.99,1.91,1.94,1.88
ES1,12/05/2024,Cadiz,Getafe,1,0,H,2.5,1.53,2.56,1.52
ES1,12/05/2024,Ath Madrid,Celta,1,0,H,1.62,2.3,1.59,2.37
ES1,12/05/2024,Valencia,Vallecano,0,0,D,2.5,1.53,2.54,1.52
ES1,12/05/2024,Betis,Almeria,3,2,H,1.53,2.5,1.52,2.52
ES1,13/05/2024,Barcelona,Sociedad,2,0,H,1.95,1.95,1.91,1.9
ES1,14/05/2024,Osasuna,Mallorca,1,1,D,3,1.4,2.91,1.42
ES1,14/05/2024,Real Madrid,Alaves,5,0,H,1.5,2.63,1.49,2.63
ES1,14/05/2024,Girona,Villarreal,0,1,A,1.33,3.4,1.33,3.36
ES1,15/05/2024,Sevilla,Cadiz,0,1,A,2,1.8,2.05,1.8
ES1,15/05/2024,Vallecano,Granada,2,1,H,2.2,1.67,2.18,1.71
ES1,15/05/2024,Celta,Ath Bilbao,2,1,H,1.99,1.91,1.96,1.88
ES1,15/05/2024,Getafe,Ath Madrid,0,3,A,2.2,1.67,2.18,1.71
ES1,16/05/2024,Las Palmas,Betis,2,2,D,2.02,1.88,2,1.85
ES1,16/05/2024,Almeria,Barcelona,0,2,A,1.36,3.2,1.36,3.18
ES1,16/05/2024,Sociedad,Valencia,1,0,H,2.2,1.67,2.26,1.66
ES1,18/05/2024,Alaves,Getafe,1,0,H,2.5,1.53,2.51,1.54
ES1,19/05/2024,Ath Bilbao,Sevilla,2,0,H,1.9,2,1.87,1.96
ES1,19/05/2024,Ath Madrid,Osasuna,1,4,A,1.73,2.1,1.74,2.12
ES1,19/05/2024,Barcelona,Vallecano,3,0,H,1.5,2.63,1.49,2.63
ES1,19/05/2024,Betis,Sociedad,0,2,A,2.3,1.62,2.3,1.63
ES1,19/05/2024,Cadiz,Las Palmas,0,0,D,2.38,1.57,2.37,1.6
ES1,19/05/2024,Granada,Celta,1,2,A,1.8,2,1.78,2.07
ES1,19/05/2024,Mallorca,Almeria,2,2,D,2,1.8,2.05,1.8
ES1,19/05/2024,Valencia,Girona,1,3,A,1.73,2.1,1.71,2.13
ES1,19/05/2024,Villarreal,Real Madrid,4,4,D,1.44,2.75,1.43,2.82
ES1,24/05/2024,Girona,Granada,7,0,H,1.29,3.75,1.28,3.66
ES1,25/05/2024,Osasuna,Villarreal,1,1,D,1.57,2.38,1.56,2.47
ES1,25/05/2024,Sociedad,Ath Madrid,0,2,A,1.95,1.95,1.93,1.9
ES1,25/05/2024,Almeria,Cadiz,6,1,H,1.86,2.04,1.84,1.99
ES1,25/05/2024,Vallecano,Ath Bilbao,0,1,A,1.73,2.1,1.76,2.08
ES1,25/05/2024,Real Madrid,Betis,0,0,D,1.36,3.2,1.37,3.08
ES1,26/05/2024,Getafe,Mallorca,1,2,A,2.2,1.67,2.29,1.64
ES1,26/05/2024,Celta,Valencia,2,2,D,1.95,1.95,1.94,1.89
ES1,26/05/2024,Las Palmas,Alaves,1,1,D,2.1,1.73,2.12,1.74
ES1,26/05/2024,Sevilla,Barcelona,1,2,A,1.5,2.63,1.5,2.57
ES2,15/08/2024,Granada,Albacete,1,2,A,2.1,1.7,2.11,1.71
ES2,16/08/2024,Mirandes,Cordoba,1,0,H,2.4,1.53,2.44,1.53
ES2,16/08/2024,Cadiz,Zaragoza,0,4,A,3.1,1.36,2.96,1.37
ES2,17/08/2024,Eibar,Castellon,1,0,H,2.08,1.73,2.05,1.74
ES2,17/08/2024,Ferrol,Malaga,2,2,D,2.5,1.5,2.53,1.49
ES2,17/08/2024,La Coruna,Oviedo,0,1,A,2.35,1.57,2.35,1.57
ES2,18/08/2024,Santander,Almeria,2,2,D,2.2,1.65,2.15,1.67
ES2,18/08/2024,Sp Gijon,Levante,1,2,A,2.6,1.48,2.6,1.47
ES2,18/08/2024,Burgos,Cartagena,3,1,H,2.5,1.5,2.48,1.5
ES2,18/08/2024,Elche,Huesca,0,1,A,2.88,1.4,2.73,1.42
ES2,19/08/2024,Eldense,Tenerife,2,1,H,2.6,1.48,2.59,1.47
ES2,23/08/2024,Santander,Eibar,2,2,D,2.03,1.83,1.99,1.79
ES2,23/08/2024,Huesca,La Coruna,2,1,H,3.1,1.36,2.98,1.37
ES2,24/08/2024,Ferrol,Granada,0,1,A,2.4,1.53,2.4,1.55
ES2,24/08/2024,Sp Gijon,Eldense,0,0,D,2.4,1.53,2.36,1.56
ES2,24/08/2024,Levante,Cadiz,1,1,D,2.25,1.62,2.27,1.61
ES2,24/08/2024,Malaga,Mirandes,1,1,D,2.35,1.57,2.35,1.57
ES2,24/08/2024,Tenerife,Almeria,0,1,A,2.5,1.5,2.49,1.49
ES2,25/08/2024,Albacete,Elche,1,0,H,2.4,1.53,2.4,1.55
ES2,25/08/2024,Castellon,Oviedo,0,0,D,2.25,1.62,2.24,1.62
ES2,26/08/2024,Cartagena,Zaragoza,1,2,A,2.7,1.44,2.64,1.45
ES2,26/08/2024,Cordoba,Burgos,2,2,D,2.35,1.57,2.36,1.56
ES2,30/08/2024,Granada,Huesca,1,3,A,2.25,1.62,2.3,1.6
ES2,30/08/2024,Oviedo,Santander,1,3,A,2.05,1.8,1.99,1.79
ES2,31/08/2024,Cadiz,Tenerife,2,2,D,2.5,1.5,2.49,1.5
ES2,31/08/2024,Almeria,Sp Gijon,1,1,D,2.08,1.73,2.05,1.74
ES2,31/08/2024,Malaga,Albacete,2,1,H,2.35,1.57,2.38,1.55
ES2,01/09/2024,Burgos,Castellon,0,2,A,2.15,1.67,2.13,1.68
ES2,01/09/2024,La Coruna,Ferrol,1,0,H,2.35,1.57,2.36,1.56
ES2,01/09/2024,Eldense,Cartagena,1,2,A,2.4,1.53,2.44,1.52
ES2,01/09/2024,Mirandes,Zaragoza,0,0,D,2.6,1.48,2.54,1.49
ES2,02/09/2024,Eibar,Levante,2,2,D,2,1.85,1.97,1.81
ES2,02/09/2024,Elche,Cordoba,3,1,H,2.35,1.57,2.35,1.57
ES2,06/09/2024,Tenerife,Santander,0,1,A,2.1,1.7,2.1,1.7
ES2,07/09/2024,Granada,La Coruna,1,1,D,2.25,1.62,2.21,1.65
ES2,07/09/2024,Huesca,Burgos,0,1,A,2.4,1.53,2.39,1.55
ES2,07/09/2024,Sp Gijon,Oviedo,3,1,H,2.5,1.5,2.56,1.49
ES2,07/09/2024,Cordoba,Malaga,0,0,D,2.3,1.6,2.31,1.59
ES2,08/09/2024,Ferrol,Mirandes,0,0,D,2.4,1.53,2.4,1.55
ES2,08/09/2024,Cartagena,Levante,0,1,A,2.15,1.67,2.14,1.68
ES2,08/09/2024,Eldense,Almeria,1,0,H,2.1,1.7,2.13,1.69
ES2,08/09/2024,Zaragoza,Elche,3,0,H,2.6,1.48,2.56,1.48
ES2,09/09/2024,Albacete,Eibar,0,1,A,2.08,1.73,2.08,1.72
ES2,09/09/2024,Castellon,Cadiz,1,3,A,2.1,1.78,1.96,1.81
ES2,13/09/2024,Cordoba,La Coruna,2,0,H,2.35,1.57,2.35,1.57
ES2,14/09/2024,Eibar,Tenerife,1,0,H,2.2,1.65,2.18,1.66
ES2,14/09/2024,Levante,Eldense,3,1,H,2.1,1.7,2.08,1.72
ES2,14/09/2024,Malaga,Huesca,1,0,H,2.6,1.48,2.59,1.48
ES2,14/09/2024,Santander,Sp Gijon,1,0,H,2,1.85,1.95,1.83
ES2,15/09/2024,Mirandes,Albacete,2,0,H,2.5,1.5,2.5,1.51
ES2,15/09/2024,Oviedo,Cartagena,1,0,H,2.35,1.57,2.35,1.57
ES2,15/09/2024,Burgos,Zaragoza,1,0,H,2.3,1.6,2.31,1.58
ES2,15/09/2024,Cadiz,Ferrol,0,0,D,2.2,1.65,2.18,1.65
ES2,15/09/2024,Elche,Granada,2,2,D,2.15,1.67,2.12,1.69
ES2,16/09/2024,Almeria,Castellon,2,5,A,2.03,1.83,1.99,1.78
ES2,20/09/2024,Granada,Malaga,2,2,D,2.25,1.62,2.26,1.62
ES2,21/09/2024,Ferrol,Albacete,1,4,A,2.4,1.53,2.42,1.53
ES2,21/09/2024,Eldense,Oviedo,1,1,D,2.6,1.48,2.62,1.46
ES2,21/09/2024,La Coruna,Burgos,0,2,A,2.2,1.65,2.22,1.63
ES2,21/09/2024,Zaragoza,Levante,2,1,H,2.2,1.65,2.22,1.64
ES2,22/09/2024,Tenerife,Sp Gijon,1,1,D,2.6,1.48,2.62,1.47
ES2,22/09/2024,Cartagena,Cadiz,1,2,A,2.4,1.53,2.4,1.54
ES2,22/09/2024,Castellon,Santander,0,1,A,1.73,2.08,1.75,2.05
ES2,22/09/2024,Elche,Mirandes,1,0,H,2.5,1.5,2.5,1.5
ES2,22/09/2024,Almeria,Eibar,2,2,D,1.95,1.9,1.92,1.85
ES2,23/09/2024,Huesca,Cordoba,4,1,H,2.88,1.4,2.84,1.39
ES2,27/09/2024,Albacete,La Coruna,2,5,A,1.95,1.9,1.92,1.86
ES2,28/09/2024,Cadiz,Eldense,1,2,A,2.35,1.57,2.37,1.56
ES2,28/09/2024,Mirandes,Huesca,1,0,H,3.1,1.36,2.96,1.37
ES2,28/09/2024,Sp Gijon,Zaragoza,1,0,H,2.5,1.5,2.55,1.49
ES2,28/09/2024,Malaga,Elche,0,3,A,2.4,1.53,2.43,1.54
ES2,29/09/2024,Levante,Almeria,4,2,H,1.7,2.1,1.7,2.1
ES2,29/09/2024,Burgos,Granada,2,2,D,2.03,1.83,1.98,1.8
ES2,29/09/2024,Castellon,Tenerife,2,1,H,1.88,1.98,1.86,1.92
ES2,29/09/2024,Cordoba,Ferrol,3,1,H,2.35,1.57,2.38,1.56
ES2,29/09/2024,Oviedo,Eibar,1,0,H,2.5,1.5,2.48,1.52
ES2,30/09/2024,Santander,Cartagena,1,2,A,1.88,1.98,1.85,1.91
ES2,04/10/2024,Huesca,Cadiz,3,1,H,3.1,1.36,2.93,1.37
ES2,05/10/2024,Ferrol,Elche,1,0,H,2.6,1.48,2.58,1.47
ES2,05/10/2024,Eibar,Sp Gijon,1,3,A,2.35,1.57,2.36,1.57
ES2,05/10/2024,Mirandes,Granada,0,1,A,2.5,1.5,2.52,1.5
ES2,05/10/2024,Almeria,Burgos,2,0,H,1.73,2.08,1.73,2.08
ES2,05/10/2024,Zaragoza,Santander,2,3,A,2.03,1.83,2,1.78
ES2,05/10/2024,Tenerife,Cartagena,2,0,H,2.5,1.5,2.52,1.5
ES2,06/10/2024,La Coruna,Malaga,0,0,D,2.25,1.62,2.25,1.61
ES2,06/10/2024,Eldense,Castellon,2,3,A,1.95,1.9,1.91,1.86
ES2,06/10/2024,Levante,Oviedo,0,0,D,2.1,1.7,2.11,1.7
ES2,06/10/2024,Albacete,Cordoba,1,1,D,2.05,1.8,2,1.78
ES2,11/10/2024,Tenerife,Zaragoza,2,3,A,2.88,1.4,2.75,1.42
ES2,12/10/2024,Cartagena,Ferrol,0,1,A,2.6,1.48,2.58,1.48
ES2,12/10/2024,Cadiz,Malaga,2,2,D,2.35,1.57,2.35,1.57
ES2,12/10/2024,Eibar,Eldense,1,0,H,2.08,1.73,2.05,1.74
ES2,13/10/2024,Huesca,Albacete,2,2,D,2.4,1.53,2.4,1.53
ES2,13/10/2024,Oviedo,Almeria,3,2,H,2.05,1.75,2.04,1.75
ES2,13/10/2024,Santander,Levante,1,0,H,1.65,2.2,1.62,2.24
ES2,13/10/2024,Burgos,Mirandes,0,1,A,2.5,1.5,2.44,1.53
ES2,13/10/2024,Granada,Cordoba,1,0,H,1.98,1.88,1.96,1.82
ES2,13/10/2024,Elche,La Coruna,0,0,D,2.2,1.65,2.19,1.64
ES2,14/10/2024,Sp Gijon,Castellon,2,1,H,1.73,2.08,1.7,2.1
ES2,18/10/2024,Cordoba,Cartagena,2,1,H,1.95,1.9,1.93,1.84
ES2,19/10/2024,La Coruna,Eldense,1,1,D,2.1,1.7,2.09,1.72
ES2,19/10/2024,Malaga,Oviedo,0,0,D,2.5,1.5,2.54,1.49
ES2,19/10/2024,Castellon,Levante,2,0,H,1.7,2.1,1.72,2.08
ES2,19/10/2024,Granada,Tenerife,4,0,H,2.25,1.62,2.22,1.63
ES2,19/10/2024,Mirandes,Eibar,1,0,H,2.7,1.44,2.68,1.43
ES2,20/10/2024,Cadiz,Santander,0,1,A,1.83,2.03,1.81,1.97
ES2,20/10/2024,Ferrol,Huesca,0,0,D,2.88,1.4,2.8,1.4
ES2,20/10/2024,Elche,Sp Gijon,2,1,H,2.3,1.6,2.33,1.58
ES2,20/10/2024,Zaragoza,Almeria,1,2,A,1.93,1.93,1.87,1.9
ES2,21/10/2024,Albacete,Burgos,2,0,H,2,1.85,1.96,1.82
ES2,22/10/2024,Oviedo,Mirandes,4,1,H,3.4,1.33,3.18,1.33
ES2,22/10/2024,Castellon,Granada,2,3,A,1.7,2.1,1.71,2.1
ES2,23/10/2024,Eibar,Cadiz,1,0,H,2.35,1.57,2.34,1.56
ES2,23/10/2024,Eldense,Zaragoza,2,3,A,2.35,1.57,2.33,1.58
ES2,23/10/2024,Cartagena,Elche,0,0,D,2.4,1.53,2.45,1.52
ES2,23/10/2024,Santander,Cordoba,2,0,H,1.75,2.05,1.74,2.06
ES2,24/10/2024,Almeria,Albacete,3,1,H,1.67,2.15,1.66,2.17
ES2,24/10/2024,Levante,La Coruna,2,1,H,1.88,1.98,1.85,1.93
ES2,24/10/2024,Burgos,Ferrol,1,1,D,2.35,1.57,2.36,1.56
ES2,24/10/2024,Sp Gijon,Huesca,2,1,H,2.6,1.48,2.56,1.49
ES2,24/10/2024,Tenerife,Malaga,0,0,D,2.7,1.44,2.67,1.44
ES2,26/10/2024,Cadiz,Oviedo,2,0,H,2.35,1.57,2.38,1.55
ES2,26/10/2024,Mirandes,Cartagena,3,1,H,2.88,1.4,2.77,1.41
ES2,26/10/2024,Cordoba,Eldense,2,0,H,2.08,1.73,2.06,1.73
ES2,26/10/2024,Zaragoza,Castellon,1,2,A,1.75,2.05,1.76,2.02
ES2,27/10/2024,Malaga,Eibar,1,0,H,2.6,1.48,2.56,1.48
ES2,27/10/2024,Elche,Burgos,1,0,H,2.35,1.57,2.34,1.57
ES2,27/10/2024,La Coruna,Santander,1,2,A,1.95,1.9,1.9,1.86
ES2,27/10/2024,Albacete,Sp Gijon,3,3,D,2.15,1.67,2.12,1.69
ES2,27/10/2024,Huesca,Almeria,2,2,D,2.15,1.67,2.14,1.68
ES2,27/10/2024,Granada,Levante,1,2,A,1.93,1.93,1.91,1.87
ES2,28/10/2024,Ferrol,Tenerife,1,1,D,2.88,1.4,2.77,1.42
ES2,02/11/2024,Eibar,Elche,0,2,A,2.4,1.53,2.46,1.52
ES2,02/11/2024,Cartagena,La Coruna,1,5,A,2.15,1.67,2.16,1.67
ES2,02/11/2024,Sp Gijon,Cadiz,2,0,H,2.3,1.6,2.32,1.58
ES2,02/11/2024,Santander,Albacete,1,1,D,1.67,2.15,1.68,2.15
ES2,02/11/2024,Zaragoza,Granada,2,1,H,2.05,1.75,2.05,1.74
ES2,03/11/2024,Oviedo,Burgos,3,1,H,2.2,1.65,2.2,1.64
ES2,03/11/2024,Tenerife,Mirandes,1,0,H,3.1,1.36,3,1.36
ES2,08/11/2024,Elche,Almeria,1,2,A,1.93,1.93,1.9,1.88
ES2,09/11/2024,Mirandes,Cadiz,2,2,D,3.1,1.36,2.84,1.39
ES2,09/11/2024,Granada,Eldense,3,2,H,2,1.85,1.94,1.84
ES2,09/11/2024,Huesca,Zaragoza,1,1,D,2.6,1.48,2.57,1.47
ES2,09/11/2024,Malaga,Cartagena,1,0,H,2.35,1.57,2.34,1.57
ES2,10/11/2024,Cordoba,Castellon,2,2,D,1.65,2.2,1.63,2.22
ES2,10/11/2024,Burgos,Sp Gijon,0,2,A,2.35,1.57,2.35,1.57
ES2,10/11/2024,Ferrol,Santander,1,2,A,2.08,1.73,2.07,1.73
ES2,10/11/2024,Albacete,Oviedo,2,2,D,2.15,1.67,2.17,1.66
ES2,11/11/2024,La Coruna,Eibar,1,0,H,2.15,1.67,2.14,1.67
ES2,16/11/2024,Eibar,Ferrol,2,0,H,2.35,1.57,2.34,1.57
ES2,16/11/2024,Castellon,Mirandes,1,3,A,1.98,1.88,1.92,1.85
ES2,16/11/2024,Eldense,Albacete,2,0,H,2,1.85,1.95,1.82
ES2,16/11/2024,Levante,Elche,1,1,D,2.15,1.67,2.13,1.68
ES2,16/11/2024,Santander,Burgos,2,0,H,1.7,2.1,1.71,2.1
ES2,16/11/2024,Sp Gijon,Granada,1,2,A,2.05,1.75,2.02,1.76
ES2,17/11/2024,Cadiz,Cordoba,2,0,H,2.08,1.73,2.06,1.73
ES2,17/11/2024,Oviedo,Tenerife,3,1,H,2.5,1.5,2.53,1.48
ES2,17/11/2024,Almeria,La Coruna,2,1,H,1.7,2.1,1.69,2.14
ES2,17/11/2024,Cartagena,Huesca,1,0,H,2.88,1.4,2.79,1.41
ES2,17/11/2024,Zaragoza,Malaga,0,0,D,2.35,1.57,2.36,1.56
ES2,20/11/2024,Eldense,Huesca,2,1,H,2.7,1.44,2.73,1.42
ES2,22/11/2024,Ferrol,Levante,0,0,D,2.25,1.62,2.28,1.59
ES2,23/11/2024,Cartagena,Almeria,1,2,A,1.93,1.93,1.89,1.88
ES2,23/11/2024,Granada,Cadiz,0,0,D,2.05,1.75,2.06,1.73
ES2,23/11/2024,Burgos,Eibar,1,0,H,2.4,1.53,2.45,1.53
ES2,23/11/2024,Cordoba,Zaragoza,2,2,D,2.2,1.65,2.17,1.66
ES2,23/11/2024,Malaga,Santander,0,0,D,2.2,1.65,2.18,1.64
ES2,24/11/2024,Albacete,Tenerife,2,1,H,2.25,1.62,2.2,1.64
ES2,24/11/2024,La Coruna,Sp Gijon,1,1,D,2.1,1.7,2.12,1.69
ES2,24/11/2024,Mirandes,Eldense,1,0,H,2.7,1.44,2.65,1.45
ES2,24/11/2024,Huesca,Castellon,1,1,D,2.08,1.73,2.1,1.71
ES2,24/11/2024,Elche,Oviedo,4,0,H,2.6,1.48,2.61,1.47
ES2,26/11/2024,Almeria,Cordoba,4,0,H,1.62,2.25,1.6,2.27
ES2,27/11/2024,Castellon,Ferrol,0,0,D,1.75,2.05,1.74,2.03
ES2,27/11/2024,Levante,Malaga,4,2,H,2.08,1.73,2.08,1.72
ES2,29/11/2024,Oviedo,Huesca,0,3,A,2.7,1.44,2.66,1.46
ES2,30/11/2024,Almeria,Granada,2,1,H,1.7,2.1,1.71,2.09
ES2,30/11/2024,Zaragoza,Albacete,0,1,A,1.98,1.88,1.95,1.83
ES2,30/11/2024,Cadiz,La Coruna,2,4,A,2.05,1.75,2.03,1.75
ES2,30/11/2024,Santander,Mirandes,0,1,A,2.1,1.7,2.09,1.71
ES2,30/11/2024,Tenerife,Elche,1,1,D,2.88,1.4,2.85,1.39
ES2,01/12/2024,Castellon,Malaga,2,0,H,1.98,1.88,1.92,1.85
ES2,01/12/2024,Eldense,Ferrol,0,0,D,2.6,1.48,2.52,1.48
ES2,01/12/2024,Levante,Burgos,3,1,H,2.03,1.83,1.99,1.78
ES2,01/12/2024,Sp Gijon,Cordoba,2,0,H,2.05,1.75,2.03,1.75
ES2,02/12/2024,Eibar,Cartagena,1,0,H,2.3,1.6,2.29,1.59
ES2,06/12/2024,Mirandes,Levante,2,1,H,2.5,1.5,2.48,1.51
ES2,07/12/2024,Elche,Cadiz,2,1,H,2.25,1.62,2.26,1.61
ES2,07/12/2024,Granada,Santander,3,0,H,1.88,1.98,1.82,1.95
ES2,07/12/2024,La Coruna,Zaragoza,1,1,D,2.08,1.73,2.07,1.73
ES2,07/12/2024,Huesca,Eibar,2,1,H,2.88,1.4,2.77,1.42
ES2,08/12/2024,Ferrol,Oviedo,1,5,A,2.7,1.44,2.71,1.43
ES2,08/12/2024,Malaga,Almeria,1,1,D,2,1.85,1.96,1.82
ES2,08/12/2024,Albacete,Castellon,0,0,D,1.62,2.25,1.59,2.29
ES2,08/12/2024,Burgos,Eldense,1,0,H,2.25,1.62,2.2,1.64
ES2,08/12/2024,Cordoba,Tenerife,3,0,H,2.3,1.6,2.29,1.59
ES2,09/12/2024,Cartagena,Sp Gijon,1,0,H,2.3,1.6,2.27,1.6
ES2,13/12/2024,Almeria,Mirandes,1,0,H,2.1,1.7,2.1,1.71
ES2,14/12/2024,Levante,Cordoba,2,2,D,1.75,2.05,1.75,2.04
ES2,14/12/2024,Cadiz,Albacete,1,0,H,2.05,1.8,2.04,1.76
ES2,14/12/2024,Castellon,Cartagena,4,1,H,1.75,2.05,1.74,2.05
ES2,14/12/2024,Eibar,Zaragoza,2,1,H,2.5,1.5,2.48,1.51
ES2,14/12/2024,Eldense,Elche,0,0,D,2.5,1.5,2.52,1.5
ES2,14/12/2024,Oviedo,Granada,2,0,H,2.15,1.67,2.15,1.67
ES2,15/12/2024,Sp Gijon,Ferrol,1,3,A,2.3,1.6,2.31,1.58
ES2,15/12/2024,Burgos,Malaga,0,0,D,2.35,1.57,2.34,1.56
ES2,15/12/2024,Santander,Huesca,0,1,A,2.03,1.83,2,1.78
ES2,17/12/2024,Albacete,Levante,0,0,D,2,1.85,1.94,1.83
ES2,17/12/2024,Granada,Cartagena,4,1,H,1.73,2.08,1.75,2.04
ES2,17/12/2024,Cordoba,Eibar,2,1,H,2.25,1.62,2.23,1.63
ES2,17/12/2024,Zaragoza,Oviedo,2,3,A,2.7,1.44,2.71,1.44
ES2,18/12/2024,Ferrol,Almeria,1,4,A,2.03,1.83,1.99,1.79
ES2,18/12/2024,Malaga,Eldense,3,0,H,2.7,1.44,2.61,1.46
ES2,18/12/2024,Mirandes,Sp Gijon,1,1,D,2.7,1.44,2.76,1.41
ES2,19/12/2024,Cadiz,Burgos,1,1,D,2.25,1.62,2.23,1.62
ES2,19/12/2024,Elche,Santander,3,0,H,1.98,1.88,1.92,1.85
ES2,19/12/2024,Huesca,Tenerife,1,0,H,3.1,1.36,2.91,1.37
ES2,19/12/2024,La Coruna,Castellon,5,1,H,1.7,2.1,1.68,2.13
ES2,20/12/2024,Cartagena,Albacete,0,0,D,2.35,1.57,2.29,1.6
ES2,21/12/2024,Eibar,Granada,1,1,D,2.3,1.6,2.3,1.59
ES2,21/12/2024,Oviedo,Cordoba,2,3,A,2.05,1.8,2,1.78
ES2,21/12/2024,Sp Gijon,Malaga,1,3,A,2.35,1.57,2.32,1.58
ES2,21/12/2024,Zaragoza,Ferrol,1,0,H,2.25,1.62,2.27,1.61
ES2,22/12/2024,Burgos,Tenerife,1,0,H,2.5,1.5,2.49,1.5
ES2,22/12/2024,Castellon,Elche,0,2,A,1.83,2.03,1.79,1.98
ES2,22/12/2024,Almeria,Cadiz,1,1,D,1.93,1.93,1.88,1.89
ES2,22/12/2024,Santander,Eldense,2,2,D,1.95,1.9,1.93,1.84
ES2,22/12/2024,La Coruna,Mirandes,0,4,A,2.3,1.6,2.28,1.59
ES2,22/12/2024,Levante,Huesca,1,1,D,2.2,1.65,2.18,1.65
ES2,07/01/2025,Tenerife,Levante,0,3,A,2.25,1.62,2.26,1.61
ES2,10/01/2025,Granada,Burgos,0,0,D,2.25,1.62,2.26,1.61
ES2,11/01/2025,Ferrol,Cartagena,0,0,D,2.5,1.5,2.53,1.47
ES2,11/01/2025,Albacete,Santander,2,2,D,1.93,1.93,1.91,1.85
ES2,11/01/2025,Huesca,Mirandes,1,0,H,3.1,1.36,2.92,1.37
ES2,11/01/2025,Malaga,La Coruna,1,1,D,2.05,1.75,2.07,1.72
ES2,11/01/2025,Tenerife,Castellon,2,0,H,2.1,1.7,2.13,1.68
ES2,11/01/2025,Oviedo,Sp Gijon,1,1,D,2.5,1.5,2.48,1.51
ES2,12/01/2025,Cordoba,Almeria,0,3,A,1.75,2.05,1.76,2.02
ES2,12/01/2025,Cadiz,Levante,0,0,D,2.15,1.67,2.17,1.65
ES2,12/01/2025,Elche,Zaragoza,1,0,H,2.4,1.53,2.36,1.55
ES2,13/01/2025,Eldense,Eibar,1,3,A,2.7,1.44,2.66,1.43
ES2,17/01/2025,Cartagena,Oviedo,0,1,A,2.35,1.57,2.39,1.54
ES2,18/01/2025,Eldense,Cadiz,1,4,A,2.6,1.48,2.57,1.46
ES2,18/01/2025,Eibar,Albacete,1,1,D,2.25,1.62,2.22,1.62
ES2,18/01/2025,Sp Gijon,Elche,1,1,D,2.6,1.48,2.56,1.48
ES2,18/01/2025,Levante,Granada,3,1,H,2.05,1.75,2.03,1.75
ES2,19/01/2025,Burgos,La Coruna,0,1,A,2.4,1.53,2.34,1.56
ES2,19/01/2025,Santander,Ferrol,6,0,H,1.88,1.98,1.86,1.91
ES2,19/01/2025,Castellon,Cordoba,1,2,A,1.62,2.25,1.6,2.26
ES2,19/01/2025,Zaragoza,Tenerife,2,2,D,2.4,1.53,2.45,1.51
ES2,19/01/2025,Almeria,Huesca,0,0,D,2.05,1.75,2.06,1.73
ES2,20/01/2025,Mirandes,Malaga,3,2,H,2.88,1.4,2.76,1.41
ES2,24/01/2025,Elche,Eibar,2,0,H,2.5,1.5,2.49,1.51
ES2,25/01/2025,Cordoba,Santander,1,2,A,1.75,2.05,1.74,2.05
ES2,25/01/2025,Huesca,Cartagena,4,0,H,2.6,1.44,2.53,1.48
ES2,25/01/2025,La Coruna,Levante,1,2,A,2,1.85,1.94,1.84
ES2,25/01/2025,Tenerife,Eldense,0,1,A,2.7,1.44,2.63,1.45
ES2,26/01/2025,Granada,Sp Gijon,3,1,H,2.35,1.57,2.33,1.57
ES2,26/01/2025,Albacete,Almeria,2,1,H,1.85,2,1.84,1.94
ES2,26/01/2025,Oviedo,Castellon,1,0,H,1.98,1.88,1.93,1.84
ES2,26/01/2025,Malaga,Zaragoza,1,2,A,2.4,1.53,2.45,1.52
ES2,27/01/2025,Cadiz,Mirandes,3,1,H,2.5,1.5,2.53,1.48
ES2,29/01/2025,Tenerife,La Coruna,0,0,D,2.5,1.5,2.47,1.52
ES2,31/01/2025,Eldense,Granada,0,3,A,2.6,1.48,2.53,1.5
ES2,01/02/2025,Mirandes,Elche,3,0,H,2.88,1.4,2.8,1.4
ES2,01/02/2025,Sp Gijon,Burgos,2,0,H,2.7,1.44,2.62,1.46
ES2,01/02/2025,Almeria,Oviedo,1,1,D,2,1.85,1.95,1.84
ES2,01/02/2025,Santander,Malaga,2,1,H,2,1.85,1.94,1.84
ES2,02/02/2025,Castellon,Huesca,0,1,A,2.15,1.67,2.19,1.64
ES2,02/02/2025,Eibar,La Coruna,0,1,A,2.2,1.65,2.24,1.62
ES2,02/02/2025,Cartagena,Cordoba,0,1,A,2.08,1.73,2.07,1.72
ES2,02/02/2025,Zaragoza,Cadiz,0,0,D,2.35,1.57,2.39,1.55
ES2,02/02/2025,Tenerife,Albacete,3,1,H,2.5,1.5,2.49,1.51
ES2,03/02/2025,Levante,Ferrol,0,1,A,1.95,1.9,1.93,1.85
ES2,07/02/2025,Albacete,Zaragoza,2,1,H,2.3,1.6,2.32,1.59
ES2,08/02/2025,Ferrol,Castellon,1,3,A,2.15,1.67,2.14,1.67
ES2,08/02/2025,Granada,Mirandes,0,0,D,2.35,1.57,2.35,1.57
ES2,08/02/2025,Malaga,Levante,1,1,D,2.15,1.67,2.16,1.66
ES2,08/02/2025,Sp Gijon,Eibar,0,0,D,2.5,1.5,2.46,1.51
ES2,09/02/2025,Elche,Tenerife,2,0,H,2.4,1.53,2.42,1.52
ES2,09/02/2025,Burgos,Santander,2,1,H,2.05,1.8,2.01,1.77
ES2,09/02/2025,Cordoba,Huesca,1,2,A,2.4,1.53,2.42,1.53
ES2,09/02/2025,Cadiz,Cartagena,5,2,H,2.1,1.7,2.12,1.69
ES2,09/02/2025,La Coruna,Almeria,3,1,H,1.83,2.03,1.79,1.98
ES2,10/02/2025,Oviedo,Eldense,0,0,D,2.35,1.57,2.34,1.56
ES2,14/02/2025,Mirandes,Ferrol,4,1,H,2.7,1.44,2.65,1.46
ES2,15/02/2025,Castellon,Eibar,2,0,H,2.03,1.83,1.99,1.79
ES2,15/02/2025,Cartagena,Malaga,0,1,A,2.5,1.47,2.5,1.5
ES2,15/02/2025,Santander,Cadiz,2,3,A,2.05,1.72,2.05,1.74
ES2,15/02/2025,Tenerife,Cordoba,2,3,A,2.35,1.54,2.33,1.58
ES2,16/02/2025,Levante,Sp Gijon,0,0,D,2.25,1.62,2.25,1.62
ES2,16/02/2025,Eldense,La Coruna,2,0,H,2.4,1.53,2.35,1.57
ES2,16/02/2025,Huesca,Granada,1,1,D,2.5,1.5,2.56,1.49
ES2,16/02/2025,Zaragoza,Burgos,0,1,A,2.7,1.44,2.63,1.46
ES2,16/02/2025,Oviedo,Albacete,1,0,H,2.1,1.7,2.1,1.71
ES2,17/02/2025,Almeria,Elche,1,1,D,2.05,1.75,2.01,1.77
ES2,21/02/2025,Malaga,Tenerife,1,0,H,2.7,1.44,2.66,1.45
ES2,22/02/2025,Ferrol,Cordoba,0,1,A,2.2,1.65,2.2,1.64
ES2,22/02/2025,Burgos,Oviedo,1,2,A,2.88,1.4,2.85,1.39
ES2,22/02/2025,Eibar,Santander,2,2,D,2.05,1.8,2.02,1.77
ES2,22/02/2025,Granada,Zaragoza,2,2,D,2.25,1.62,2.25,1.62
ES2,22/02/2025,Sp Gijon,Almeria,1,1,D,2.1,1.7,2.13,1.69
ES2,23/02/2025,La Coruna,Huesca,0,0,D,2.35,1.57,2.37,1.56
ES2,23/02/2025,Elche,Cartagena,2,1,H,2.05,1.8,1.98,1.8
ES2,23/02/2025,Albacete,Eldense,0,1,A,2.2,1.65,2.2,1.64
ES2,23/02/2025,Levante,Mirandes,1,0,H,2.08,1.73,2.09,1.72
ES2,23/02/2025,Cadiz,Castellon,0,0,D,2.05,1.8,1.98,1.8
ES2,28/02/2025,Cartagena,Eibar,0,2,A,2.6,1.48,2.62,1.47
ES2,01/03/2025,Castellon,Burgos,2,1,H,2.15,1.67,2.18,1.65
ES2,01/03/2025,Huesca,Ferrol,3,1,H,2.6,1.48,2.6,1.46
ES2,01/03/2025,Zaragoza,Sp Gijon,1,1,D,2.6,1.48,2.56,1.48
ES2,01/03/2025,Almeria,Malaga,2,2,D,1.7,2.1,1.68,2.14
ES2,02/03/2025,Cordoba,Granada,5,0,H,2.05,1.75,2.02,1.77
ES2,02/03/2025,Oviedo,La Coruna,1,2,A,2.35,1.57,2.36,1.56
ES2,02/03/2025,Albacete,Cadiz,3,0,H,2.3,1.6,2.29,1.6
ES2,02/03/2025,Eldense,Levante,1,2,A,2.2,1.65,2.2,1.65
ES2,02/03/2025,Santander,Elche,2,0,H,2.05,1.75,2,1.78
ES2,03/03/2025,Mirandes,Tenerife,2,0,H,2.7,1.44,2.68,1.44
ES2,05/03/2025,Ferrol,Burgos,0,1,A,3.1,1.36,3.03,1.35
ES2,07/03/2025,Eibar,Almeria,1,0,H,2.05,1.75,2.01,1.76
ES2,07/03/2025,La Coruna,Cordoba,1,1,D,1.97,1.77,1.98,1.79
ES2,08/03/2025,Mirandes,Oviedo,1,0,H,2.88,1.4,2.87,1.4
ES2,08/03/2025,Elche,Castellon,3,1,H,2.05,1.8,2.01,1.77
ES2,08/03/2025,Sp Gijon,Santander,1,1,D,2.05,1.75,2.02,1.76
ES2,08/03/2025,Zaragoza,Eldense,2,4,A,2.3,1.6,2.33,1.57
ES2,09/03/2025,Tenerife,Huesca,2,0,H,3.1,1.36,2.96,1.36
ES2,09/03/2025,Malaga,Cadiz,0,2,A,2.5,1.5,2.54,1.49
ES2,09/03/2025,Levante,Cartagena,3,0,H,1.73,2.08,1.72,2.08
ES2,09/03/2025,Granada,Ferrol,3,0,H,2.1,1.7,2.12,1.69
ES2,10/03/2025,Burgos,Albacete,1,0,H,2.5,1.5,2.5,1.5
ES2,14/03/2025,Oviedo,Elche,1,1,D,2.88,1.4,2.72,1.43
ES2,15/03/2025,Ferrol,Eibar,0,0,D,2.88,1.4,2.82,1.39
ES2,15/03/2025,Albacete,Malaga,2,0,H,2.2,1.65,2.17,1.66
ES2,15/03/2025,Cartagena,Burgos,0,1,A,2.88,1.4,2.72,1.42
ES2,15/03/2025,Almeria,Zaragoza,4,1,H,1.75,2.05,1.75,2.03
ES2,15/03/2025,Cordoba,Sp Gijon,1,1,D,2.2,1.62,2.17,1.66
ES2,16/03/2025,Eldense,Mirandes,2,2,D,2.4,1.53,2.35,1.55
ES2,16/03/2025,Huesca,Levante,1,2,A,2.35,1.57,2.34,1.57
ES2,16/03/2025,Santander,Tenerife,2,1,H,2.08,1.73,2.06,1.73
ES2,16/03/2025,Cadiz,Granada,1,0,H,2.4,1.53,2.45,1.52
ES2,17/03/2025,Castellon,La Coruna,2,2,D,1.83,2.03,1.77,2.01
ES2,21/03/2025,Burgos,Almeria,3,1,H,2.5,1.5,2.48,1.52
ES2,22/03/2025,Elche,Eldense,2,0,H,2.15,1.67,2.12,1.68
ES2,22/03/2025,Malaga,Ferrol,2,0,H,2.6,1.48,2.56,1.48
ES2,22/03/2025,Mirandes,Santander,2,1,H,2.2,1.65,2.17,1.65
ES2,22/03/2025,Granada,Oviedo,1,0,H,2.6,1.48,2.6,1.47
ES2,23/03/2025,Levante,Castellon,3,2,H,1.73,2.08,1.72,2.07
ES2,23/03/2025,Eibar,Huesca,2,1,H,2.88,1.4,2.73,1.42
ES2,23/03/2025,Sp Gijon,Albacete,0,2,A,2.25,1.62,2.23,1.62
ES2,23/03/2025,La Coruna,Cartagena,2,2,D,1.8,2,1.76,2.02
ES2,23/03/2025,Tenerife,Cadiz,2,1,H,2.7,1.44,2.67,1.44
ES2,24/03/2025,Zaragoza,Cordoba,1,1,D,2.05,1.75,2.03,1.74
ES2,28/03/2025,Tenerife,Granada,2,1,H,2.5,1.5,2.49,1.51
ES2,29/03/2025,Eldense,Burgos,0,0,D,2.7,1.44,2.74,1.43
ES2,29/03/2025,Ferrol,La Coruna,0,1,A,2.35,1.57,2.38,1.54
ES2,29/03/2025,Cartagena,Castellon,2,2,D,1.98,1.88,1.96,1.81
ES2,29/03/2025,Santander,Zaragoza,2,0,H,1.95,1.9,1.91,1.85
ES2,29/03/2025,Almeria,Levante,1,0,H,1.83,2.03,1.79,1.98
ES2,30/03/2025,Cordoba,Elche,1,2,A,2.3,1.6,2.27,1.59
ES2,30/03/2025,Oviedo,Malaga,2,1,H,2.35,1.57,2.36,1.56
ES2,30/03/2025,Albacete,Mirandes,3,2,H,2.4,1.53,2.4,1.54
ES2,30/03/2025,Huesca,Sp Gijon,3,2,H,2.7,1.44,2.66,1.43
ES2,31/03/2025,Cadiz,Eibar,0,0,D,2.7,1.44,2.72,1.43
ES2,04/04/2025,Castellon,Albacete,2,2,D,1.62,2.25,1.61,2.26
ES2,05/04/2025,Eibar,Oviedo,1,1,D,2.88,1.4,2.85,1.39
ES2,05/04/2025,Cartagena,Eldense,0,1,A,2.4,1.53,2.41,1.53
ES2,05/04/2025,Granada,Almeria,3,1,H,1.88,1.98,1.85,1.92
ES2,05/04/2025,Sp Gijon,Tenerife,1,3,A,2.35,1.57,2.38,1.55
ES2,06/04/2025,Zaragoza,Mirandes,1,0,H,2.7,1.44,2.7,1.43
ES2,06/04/2025,Levante,Santander,3,1,H,1.75,2.05,1.76,2.02
ES2,06/04/2025,Burgos,Huesca,2,1,H,3.4,1.33,3.27,1.31
ES2,06/04/2025,Malaga,Cordoba,0,1,A,2.2,1.65,2.19,1.64
ES2,06/04/2025,La Coruna,Cadiz,1,0,H,2.35,1.57,2.36,1.56
ES2,07/04/2025,Elche,Ferrol,1,0,H,2.15,1.67,2.12,1.68
ES2,11/04/2025,Cordoba,Levante,2,2,D,1.95,1.9,1.93,1.86
ES2,12/04/2025,Zaragoza,Eibar,2,2,D,2.6,1.48,2.57,1.48
ES2,12/04/2025,Cadiz,Elche,0,1,A,2.7,1.44,2.65,1.45
ES2,12/04/2025,Tenerife,Burgos,0,0,D,3.1,1.36,2.89,1.38
ES2,12/04/2025,Oviedo,Ferrol,3,0,H,2.25,1.62,2.26,1.61
ES2,13/04/2025,Albacete,Granada,0,2,A,2.03,1.83,1.99,1.8
ES2,13/04/2025,Santander,Castellon,1,1,D,1.62,2.25,1.63,2.21
ES2,13/04/2025,Eldense,Sp Gijon,1,2,A,2.3,1.6,2.31,1.58
ES2,13/04/2025,Mirandes,La Coruna,2,2,D,2.4,1.53,2.44,1.52
ES2,13/04/2025,Almeria,Cartagena,2,1,H,1.53,2.4,1.5,2.45
ES2,14/04/2025,Huesca,Malaga,1,0,H,2.7,1.44,2.61,1.46
ES2,18/04/2025,Sp Gijon,Mirandes,3,1,H,2.5,1.5,2.47,1.5
ES2,18/04/2025,Castellon,Almeria,4,1,H,1.62,2.25,1.59,2.3
ES2,19/04/2025,Ferrol,Eldense,1,0,H,2.88,1.4,2.83,1.39
ES2,19/04/2025,Huesca,Santander,1,3,A,2.2,1.65,2.22,1.63
ES2,19/04/2025,Levante,Zaragoza,5,2,H,2.05,1.8,1.99,1.8
ES2,19/04/2025,Burgos,Cadiz,2,2,D,3.1,1.36,2.95,1.36
ES2,20/04/2025,Cartagena,Granada,2,3,A,2.15,1.67,2.16,1.66
ES2,20/04/2025,Cordoba,Oviedo,0,0,D,2.15,1.67,2.18,1.65
ES2,20/04/2025,Elche,Albacete,2,2,D,2,1.85,1.93,1.83
ES2,20/04/2025,La Coruna,Tenerife,0,0,D,2.25,1.62,2.21,1.63
ES2,21/04/2025,Eibar,Malaga,2,2,D,2.5,1.5,2.47,1.51
ES2,25/04/2025,Cadiz,Sp Gijon,1,0,H,2.2,1.65,2.25,1.62
ES2,26/04/2025,Albacete,Cartagena,3,1,H,1.6,2.3,1.6,2.28
ES2,26/04/2025,Eldense,Cordoba,1,1,D,2.05,1.8,2.01,1.77
ES2,26/04/2025,Oviedo,Levante,1,0,H,2.15,1.67,2.13,1.68
ES2,26/04/2025,Granada,Elche,1,1,D,2.3,1.6,2.33,1.58
ES2,26/04/2025,Mirandes,Burgos,2,1,H,2.88,1.4,2.79,1.4
ES2,27/04/2025,Santander,La Coruna,2,1,H,1.67,2.15,1.68,2.14
ES2,27/04/2025,Malaga,Castellon,1,0,H,2,1.85,1.96,1.82
ES2,27/04/2025,Tenerife,Eibar,1,1,D,2.88,1.4,2.78,1.4
ES2,27/04/2025,Zaragoza,Huesca,1,1,D,2.25,1.62,2.29,1.59
ES2,29/04/2025,Almeria,Ferrol,2,1,H,1.8,2,1.78,2
ES2,02/05/2025,Cordoba,Cadiz,4,2,H,2.05,1.75,2.03,1.76
ES2,03/05/2025,Huesca,Oviedo,1,2,A,3.1,1.36,3.08,1.34
ES2,03/05/2025,Eibar,Mirandes,0,1,A,2.6,1.48,2.59,1.46
ES2,03/05/2025,Malaga,Granada,1,0,H,2.2,1.65,2.22,1.64
ES2,03/05/2025,Burgos,Elche,0,1,A,2.88,1.4,2.86,1.38
ES2,04/05/2025,Levante,Tenerife,1,1,D,1.94,1.79,1.95,1.82
ES2,04/05/2025,Ferrol,Zaragoza,1,2,A,2.3,1.6,2.32,1.58
ES2,04/05/2025,Almeria,Eldense,5,0,H,1.73,2.08,1.72,2.07
ES2,04/05/2025,Cartagena,Santander,1,0,H,1.7,2.1,1.71,2.09
ES2,04/05/2025,La Coruna,Albacete,5,1,H,2.1,1.7,2.1,1.7
ES2,05/05/2025,Castellon,Sp Gijon,4,3,H,1.85,2,1.81,1.95
ES2,09/05/2025,Cadiz,Almeria,2,1,H,1.75,2.05,1.75,2.06
ES2,10/05/2025,Mirandes,Castellon,3,2,H,1.93,1.93,1.9,1.87
ES2,10/05/2025,Sp Gijon,La Coruna,2,1,H,2.15,1.67,2.16,1.65
ES2,10/05/2025,Burgos,Cordoba,3,2,H,2.25,1.62,2.29,1.59
ES2,10/05/2025,Elche,Levante,1,3,A,2.1,1.7,2.11,1.69
ES2,10/05/2025,Zaragoza,Cartagena,3,2,H,1.67,2.15,1.65,2.17
ES2,11/05/2025,Santander,Oviedo,1,1,D,2.05,1.75,2.06,1.73
ES2,11/05/2025,Albacete,Huesca,3,2,H,2,1.85,1.97,1.8
ES2,11/05/2025,Eldense,Malaga,1,0,H,2.08,1.73,2.05,1.74
ES2,11/05/2025,Tenerife,Ferrol,0,0,D,2.35,1.57,2.33,1.57
ES2,12/05/2025,Granada,Eibar,0,2,A,2.2,1.65,2.21,1.63
ES2,16/05/2025,Levante,Albacete,1,0,H,1.44,2.7,1.46,2.59
ES2,17/05/2025,Eibar,Burgos,1,0,H,2.6,1.48,2.61,1.45
ES2,17/05/2025,La Coruna,Granada,2,3,A,1.85,1.95,1.84,1.93
ES2,17/05/2025,Cartagena,Tenerife,1,0,H,2.1,1.7,2.12,1.68
ES2,17/05/2025,Huesca,Elche,2,1,H,2.4,1.53,2.42,1.52
ES2,17/05/2025,Malaga,Sp Gijon,2,1,H,2.25,1.62,2.26,1.6
ES2,18/05/2025,Ferrol,Cadiz,1,0,H,2.6,1.48,2.52,1.47
ES2,18/05/2025,Castellon,Eldense,1,1,D,1.65,2.2,1.63,2.22
ES2,18/05/2025,Oviedo,Zaragoza,1,0,H,2.4,1.53,2.38,1.54
ES2,18/05/2025,Almeria,Santander,2,0,H,1.48,2.6,1.46,2.56
ES2,19/05/2025,Cordoba,Mirandes,1,2,A,1.98,1.83,1.97,1.8
ES2,24/05/2025,Albacete,Ferrol,2,0,H,1.8,2,1.81,1.97
ES2,25/05/2025,Burgos,Levante,2,3,A,1.95,1.85,1.92,1.84
ES2,25/05/2025,Cadiz,Huesca,4,0,H,2.35,1.57,2.4,1.54
ES2,25/05/2025,Eibar,Cordoba,4,1,H,2.25,1.62,2.22,1.61
ES2,25/05/2025,Elche,Malaga,2,0,H,1.85,1.95,1.83,1.94
ES2,25/05/2025,Eldense,Santander,3,3,D,1.67,2.15,1.65,2.17
ES2,25/05/2025,Granada,Castellon,2,1,H,1.5,2.5,1.47,2.54
ES2,25/05/2025,Mirandes,Almeria,0,0,D,1.88,1.93,1.87,1.89
ES2,25/05/2025,Sp Gijon,Cartagena,3,2,H,1.6,2.3,1.58,2.31
ES2,25/05/2025,Tenerife,Oviedo,0,1,A,2.5,1.5,2.46,1.51
ES2,25/05/2025,Zaragoza,La Coruna,1,0,H,1.75,2.05,1.76,2.01
ES2,30/05/2025,Castellon,Zaragoza,4,1,H,1.53,2.4,1.51,2.45
ES2,31/05/2025,Ferrol,Sp Gijon,0,2,A,2.2,1.65,2.19,1.64
ES2,31/05/2025,Malaga,Burgos,2,2,D,2.35,1.57,2.39,1.53
ES2,01/06/2025,Almeria,Tenerife,2,0,H,1.53,2.4,1.51,2.41
ES2,01/06/2025,Cartagena,Mirandes,1,3,A,1.6,2.3,1.56,2.34
ES2,01/06/2025,Huesca,Eldense,3,2,H,2.1,1.7,2.09,1.7
ES2,01/06/2025,La Coruna,Elche,0,4,A,1.5,2.5,1.49,2.48
ES2,01/06/2025,Levante,Eibar,1,0,H,1.6,2.3,1.6,2.24
ES2,01/06/2025,Oviedo,Cadiz,2,1,H,2.6,1.48,2.53,1.47
ES2,01/06/2025,Santander,Granada,2,1,H,1.6,2.3,1.57,2.33
ES2,01/06/2025,Cordoba,Albacete,1,1,D,1.53,2.4,1.48,2.51
ES2,11/08/2023,Amorebieta,Levante,1,1,D,2.35,1.57,2.37,1.57
ES2,11/08/2023,Valladolid,Sp Gijon,2,0,H,2.2,1.65,2.22,1.64
ES2,12/08/2023,Santander,Eibar,4,0,H,2.35,1.57,2.36,1.57
ES2,12/08/2023,Zaragoza,Villarreal B,2,0,H,2.35,1.57,2.36,1.57
ES2,12/08/2023,Elche,Ferrol,0,1,A,2.05,1.75,2.07,1.73
ES2,13/08/2023,Burgos,Huesca,1,1,D,2.35,1.57,2.42,1.54
ES2,13/08/2023,Albacete,Espanol,1,1,D,2.15,1.67,2.16,1.67
ES2,13/08/2023,Cartagena,Eldense,0,1,A,2.5,1.5,2.51,1.51
ES2,13/08/2023,Leganes,Andorra,0,1,A,2.5,1.5,2.52,1.49
ES2,14/08/2023,Mirandes,Alcorcon,4,0,H,2.5,1.5,2.48,1.51
ES2,14/08/2023,Tenerife,Oviedo,1,0,H,2.7,1.44,2.65,1.45
ES2,18/08/2023,Andorra,Cartagena,3,2,H,2.25,1.62,2.27,1.61
ES2,18/08/2023,Zaragoza,Valladolid,1,0,H,2.4,1.53,2.42,1.54
ES2,19/08/2023,Eibar,Elche,2,1,H,2.4,1.53,2.42,1.53
ES2,19/08/2023,Espanol,Santander,2,0,H,2.25,1.62,2.26,1.61
ES2,19/08/2023,Levante,Burgos,3,2,H,2.4,1.53,2.46,1.52
ES2,19/08/2023,Alcorcon,Leganes,0,2,A,2.7,1.44,2.65,1.45
ES2,20/08/2023,Oviedo,Ferrol,1,1,D,2.7,1.44,2.69,1.44
ES2,20/08/2023,Sp Gijon,Mirandes,3,0,H,2.25,1.62,2.25,1.61
ES2,20/08/2023,Albacete,Amorebieta,2,2,D,2.5,1.5,2.51,1.49
ES2,21/08/2023,Villarreal B,Eldense,3,1,H,2.1,1.7,2.11,1.69
ES2,21/08/2023,Huesca,Tenerife,0,2,A,2.7,1.44,2.68,1.44
ES2,25/08/2023,Cartagena,Levante,0,1,A,2.35,1.57,2.37,1.57
ES2,26/08/2023,Burgos,Oviedo,1,0,H,3.1,1.36,3.05,1.36
ES2,26/08/2023,Tenerife,Zaragoza,0,1,A,2.7,1.44,2.69,1.45
ES2,26/08/2023,Elche,Villarreal B,1,0,H,2.2,1.65,2.24,1.63
ES2,26/08/2023,Valladolid,Alcorcon,0,2,A,2.35,1.57,2.42,1.55
ES2,27/08/2023,Ferrol,Sp Gijon,2,0,H,2.6,1.48,2.57,1.48
ES2,27/08/2023,Amorebieta,Andorra,3,0,H,2.5,1.5,2.52,1.5
ES2,27/08/2023,Mirandes,Espanol,0,1,A,2.25,1.62,2.28,1.61
ES2,27/08/2023,Leganes,Albacete,2,0,H,2.6,1.48,2.57,1.49
ES2,28/08/2023,Eldense,Eibar,2,1,H,2.5,1.5,2.5,1.51
ES2,28/08/2023,Santander,Huesca,0,0,D,2.5,1.5,2.55,1.49
ES2,01/09/2023,Alcorcon,Ferrol,1,1,D,2.7,1.44,2.66,1.46
ES2,01/09/2023,Albacete,Valladolid,2,0,H,2.25,1.62,2.27,1.62
ES2,02/09/2023,Sp Gijon,Burgos,2,1,H,2.6,1.48,2.6,1.47
ES2,02/09/2023,Levante,Oviedo,1,1,D,2.5,1.5,2.51,1.5
ES2,02/09/2023,Elche,Santander,1,1,D,2.25,1.62,2.28,1.61
ES2,02/09/2023,Villarreal B,Cartagena,1,2,A,2.1,1.7,2.1,1.71
ES2,03/09/2023,Andorra,Tenerife,0,1,A,2.7,1.44,2.66,1.45
ES2,03/09/2023,Eibar,Leganes,0,1,A,2.7,1.44,2.64,1.46
ES2,03/09/2023,Espanol,Amorebieta,3,2,H,2.1,1.7,2.11,1.7
ES2,03/09/2023,Zaragoza,Eldense,2,0,H,2.5,1.5,2.54,1.49
ES2,03/09/2023,Huesca,Mirandes,1,1,D,2.35,1.57,2.36,1.58
ES2,08/09/2023,Levante,Espanol,1,4,A,2.1,1.7,2.14,1.68
ES2,09/09/2023,Burgos,Eibar,1,0,H,2.6,1.48,2.64,1.46
ES2,09/09/2023,Oviedo,Sp Gijon,0,0,D,2.7,1.44,2.71,1.44
ES2,09/09/2023,Leganes,Huesca,2,0,H,2.7,1.44,2.66,1.45
ES2,09/09/2023,Tenerife,Albacete,2,0,H,2.5,1.5,2.54,1.5
ES2,10/09/2023,Ferrol,Villarreal B,2,2,D,2.35,1.57,2.39,1.55
ES2,10/09/2023,Santander,Amorebieta,1,0,H,2.25,1.62,2.29,1.6
ES2,10/09/2023,Cartagena,Zaragoza,1,3,A,2.5,1.5,2.51,1.51
ES2,10/09/2023,Mirandes,Andorra,4,3,H,2.15,1.67,2.17,1.65
ES2,10/09/2023,Valladolid,Elche,1,1,D,2.35,1.57,2.34,1.58
ES2,11/09/2023,Eldense,Alcorcon,2,2,D,2.6,1.48,2.61,1.46
ES2,15/09/2023,Zaragoza,Santander,1,1,D,2.5,1.5,2.49,1.52
ES2,16/09/2023,Huesca,Villarreal B,2,2,D,2.25,1.62,2.27,1.61
ES2,16/09/2023,Alcorcon,Levante,0,2,A,2.4,1.53,2.41,1.54
ES2,16/09/2023,Valladolid,Cartagena,1,0,H,2.08,1.73,2.08,1.73
ES2,16/09/2023,Albacete,Burgos,2,1,H,2.35,1.57,2.34,1.57
ES2,17/09/2023,Amorebieta,Mirandes,2,0,H,2.25,1.62,2.24,1.62
ES2,17/09/2023,Eibar,Ferrol,2,0,H,2.5,1.5,2.56,1.48
ES2,17/09/2023,Elche,Leganes,1,0,H,2.5,1.5,2.52,1.5
ES2,17/09/2023,Espanol,Eldense,3,3,D,2.1,1.7,2.13,1.69
ES2,17/09/2023,Sp Gijon,Tenerife,2,1,H,2.6,1.48,2.6,1.48
ES2,18/09/2023,Andorra,Oviedo,1,0,H,2.6,1.48,2.62,1.46
ES2,22/09/2023,Cartagena,Eibar,1,2,A,2.3,1.6,2.36,1.57
ES2,23/09/2023,Andorra,Sp Gijon,0,0,D,2.4,1.53,2.45,1.54
ES2,23/09/2023,Levante,Eldense,2,0,H,2.2,1.65,2.24,1.63
ES2,23/09/2023,Burgos,Elche,4,0,H,2.25,1.62,2.31,1.59
ES2,23/09/2023,Alcorcon,Huesca,0,2,A,2.6,1.48,2.64,1.46
ES2,23/09/2023,Santander,Albacete,2,1,H,2.3,1.6,2.31,1.59
ES2,24/09/2023,Villarreal B,Amorebieta,3,1,H,2.08,1.73,2.09,1.72
ES2,24/09/2023,Oviedo,Valladolid,0,1,A,2.7,1.44,2.74,1.43
ES2,24/09/2023,Mirandes,Leganes,1,3,A,2.5,1.5,2.54,1.5
ES2,25/09/2023,Ferrol,Zaragoza,1,0,H,2.7,1.44,2.63,1.46
ES2,25/09/2023,Tenerife,Espanol,1,0,H,2.49,1.51,2.49,1.51
ES2,29/09/2023,Leganes,Santander,2,1,H,2.7,1.44,2.68,1.45
ES2,30/09/2023,Eibar,Tenerife,3,0,H,2.5,1.5,2.58,1.48
ES2,30/09/2023,Elche,Levante,0,0,D,2.1,1.7,2.09,1.72
ES2,30/09/2023,Albacete,Andorra,3,1,H,2.15,1.67,2.15,1.67
ES2,30/09/2023,Villarreal B,Alcorcon,2,2,D,2.25,1.62,2.24,1.63
ES2,01/10/2023,Eldense,Oviedo,1,3,A,2.7,1.44,2.71,1.44
ES2,01/10/2023,Amorebieta,Cartagena,0,0,D,2.15,1.67,2.18,1.66
ES2,01/10/2023,Valladolid,Burgos,3,0,H,2.15,1.67,2.19,1.65
ES2,01/10/2023,Zaragoza,Mirandes,0,1,A,2.25,1.62,2.24,1.63
ES2,01/10/2023,Huesca,Sp Gijon,0,1,A,2.6,1.48,2.62,1.46
ES2,02/10/2023,Espanol,Ferrol,3,0,H,1.95,1.9,1.94,1.84
ES2,03/10/2023,Alcorcon,Albacete,1,2,A,2.25,1.62,2.28,1.6
ES2,03/10/2023,Levante,Villarreal B,1,1,D,1.85,2,1.84,1.94
ES2,03/10/2023,Tenerife,Santander,2,0,H,2.4,1.53,2.43,1.54
ES2,04/10/2023,Eldense,Valladolid,0,1,A,2.35,1.57,2.32,1.58
ES2,04/10/2023,Oviedo,Huesca,1,0,H,2.7,1.44,2.7,1.44
ES2,04/10/2023,Burgos,Leganes,1,0,H,2.7,1.44,2.7,1.44
ES2,04/10/2023,Sp Gijon,Elche,2,0,H,2.15,1.67,2.17,1.66
ES2,05/10/2023,Andorra,Zaragoza,0,1,A,2.5,1.5,2.52,1.5
ES2,05/10/2023,Mirandes,Eibar,1,3,A,2.35,1.57,2.38,1.56
ES2,05/10/2023,Cartagena,Espanol,0,2,A,2.03,1.83,2,1.79
ES2,05/10/2023,Ferrol,Amorebieta,1,0,H,2.35,1.57,2.35,1.57
ES2,06/10/2023,Albacete,Levante,0,2,A,2.15,1.67,2.12,1.7
ES2,07/10/2023,Huesca,Eldense,0,1,A,2.6,1.48,2.56,1.49
ES2,07/10/2023,Santander,Sp Gijon,3,2,H,2.4,1.53,2.44,1.54
ES2,07/10/2023,Leganes,Oviedo,0,0,D,2.88,1.4,2.85,1.4
ES2,08/10/2023,Amorebieta,Eibar,1,2,A,2.25,1.62,2.23,1.63
ES2,08/10/2023,Valladolid,Mirandes,3,2,H,2.03,1.83,1.99,1.79
ES2,08/10/2023,Ferrol,Cartagena,1,1,D,2.15,1.67,2.18,1.66
ES2,08/10/2023,Tenerife,Burgos,2,1,H,2.5,1.5,2.52,1.5
ES2,08/10/2023,Zaragoza,Alcorcon,0,2,A,2.4,1.53,2.4,1.56
ES2,09/10/2023,Elche,Andorra,2,1,H,2.1,1.7,2.11,1.7
ES2,09/10/2023,Villarreal B,Espanol,3,1,H,1.8,2,1.79,1.99
ES2,13/10/2023,Oviedo,Albacete,3,0,H,2.6,1.48,2.53,1.49
ES2,14/10/2023,Mirandes,Tenerife,1,1,D,2.4,1.53,2.46,1.52
ES2,14/10/2023,Cartagena,Santander,2,3,A,2.25,1.62,2.27,1.61
ES2,14/10/2023,Sp Gijon,Zaragoza,2,2,D,2.6,1.48,2.57,1.48
ES2,14/10/2023,Espanol,Valladolid,2,0,H,1.93,1.93,1.88,1.89
ES2,15/10/2023,Burgos,Villarreal B,3,2,H,2.08,1.73,2.07,1.73
ES2,15/10/2023,Andorra,Alcorcon,2,0,H,2.4,1.53,2.36,1.57
ES2,15/10/2023,Eldense,Elche,1,1,D,2.1,1.7,2.12,1.69
ES2,15/10/2023,Eibar,Huesca,1,1,D,2.35,1.57,2.37,1.56
ES2,15/10/2023,Leganes,Amorebieta,6,0,H,2.5,1.5,2.51,1.5
ES2,16/10/2023,Levante,Ferrol,1,0,H,2.1,1.7,2.13,1.68
ES2,20/10/2023,Espanol,Leganes,0,1,A,2.05,1.75,2.02,1.76
ES2,21/10/2023,Amorebieta,Oviedo,0,0,D,2.7,1.44,2.66,1.45
ES2,21/10/2023,Villarreal B,Mirandes,0,3,A,1.83,2.03,1.82,1.96
ES2,21/10/2023,Tenerife,Levante,0,0,D,2.4,1.53,2.41,1.55
ES2,21/10/2023,Zaragoza,Eibar,2,3,A,2.5,1.5,2.52,1.49
ES2,22/10/2023,Ferrol,Eldense,1,1,D,2.35,1.57,2.38,1.55
ES2,22/10/2023,Huesca,Elche,0,1,A,2.5,1.5,2.47,1.52
ES2,22/10/2023,Albacete,Sp Gijon,1,3,A,2.15,1.67,2.14,1.68
ES2,22/10/2023,Santander,Burgos,3,0,H,2.25,1.62,2.26,1.6
ES2,22/10/2023,Valladolid,Andorra,2,0,H,2.08,1.73,2.07,1.73
ES2,23/10/2023,Alcorcon,Cartagena,1,1,D,2.25,1.62,2.28,1.61
ES2,27/10/2023,Eibar,Valladolid,5,1,H,2.4,1.53,2.43,1.54
ES2,28/10/2023,Eldense,Amorebieta,2,0,H,2.25,1.62,2.29,1.61
ES2,28/10/2023,Andorra,Levante,2,0,H,2.35,1.57,2.32,1.59
ES2,28/10/2023,Sp Gijon,Espanol,2,0,H,2.05,1.75,2.05,1.75
ES2,28/10/2023,Elche,Tenerife,2,1,H,2.4,1.53,2.43,1.54
ES2,29/10/2023,Mirandes,Cartagena,2,1,H,2.08,1.73,2.08,1.73
ES2,29/10/2023,Huesca,Albacete,0,0,D,2.6,1.48,2.54,1.49
ES2,29/10/2023,Leganes,Villarreal B,1,0,H,2,1.85,1.97,1.82
ES2,29/10/2023,Oviedo,Alcorcon,2,0,H,2.7,1.44,2.62,1.46
ES2,29/10/2023,Santander,Ferrol,1,3,A,2.4,1.53,2.44,1.54
ES2,30/10/2023,Burgos,Zaragoza,1,1,D,2.5,1.5,2.49,1.5
ES2,03/11/2023,Espanol,Eibar,2,2,D,2.15,1.67,2.14,1.69
ES2,04/11/2023,Villarreal B,Sp Gijon,0,3,A,2,1.85,1.96,1.83
ES2,04/11/2023,Levante,Mirandes,2,2,D,1.93,1.93,1.89,1.89
ES2,04/11/2023,Valladolid,Tenerife,2,0,H,2.4,1.53,2.43,1.53
ES2,04/11/2023,Albacete,Elche,1,1,D,2.15,1.67,2.14,1.69
ES2,05/11/2023,Ferrol,Andorra,1,0,H,2.35,1.57,2.35,1.57
ES2,05/11/2023,Amorebieta,Huesca,0,1,A,2.7,1.44,2.71,1.44
ES2,05/11/2023,Alcorcon,Santander,3,1,H,2.2,1.65,2.21,1.64
ES2,05/11/2023,Cartagena,Leganes,0,3,A,2.3,1.6,2.37,1.57
ES2,05/11/2023,Eldense,Burgos,2,0,H,2.5,1.5,2.48,1.52
ES2,06/11/2023,Zaragoza,Oviedo,0,0,D,2.88,1.4,2.77,1.42
ES2,10/11/2023,Leganes,Levante,2,1,H,2.5,1.5,2.49,1.51
ES2,11/11/2023,Santander,Valladolid,2,3,A,2.05,1.75,2.08,1.73
ES2,11/11/2023,Elche,Zaragoza,2,0,H,2.25,1.62,2.3,1.6
ES2,11/11/2023,Mirandes,Ferrol,1,2,A,2.35,1.57,2.35,1.57
ES2,11/11/2023,Sp Gijon,Amorebieta,1,1,D,2,1.85,1.94,1.84
ES2,12/11/2023,Burgos,Alcorcon,4,2,H,2.4,1.53,2.46,1.53
ES2,12/11/2023,Andorra,Eldense,1,3,A,2.15,1.67,2.14,1.69
ES2,12/11/2023,Huesca,Espanol,1,1,D,2.35,1.57,2.32,1.59
ES2,12/11/2023,Tenerife,Villarreal B,0,1,A,2.05,1.75,2.06,1.74
ES2,12/11/2023,Eibar,Albacete,1,1,D,2.25,1.62,2.27,1.61
ES2,13/11/2023,Oviedo,Cartagena,1,1,D,2.5,1.5,2.53,1.5
ES2,17/11/2023,Valladolid,Leganes,1,1,D,2.5,1.5,2.49,1.51
ES2,18/11/2023,Alcorcon,Sp Gijon,0,0,D,2.4,1.53,2.33,1.58
ES2,18/11/2023,Amorebieta,Tenerife,2,0,H,2.6,1.48,2.59,1.48
ES2,18/11/2023,Zaragoza,Huesca,0,2,A,2.88,1.4,2.84,1.4
ES2,18/11/2023,Espanol,Elche,2,0,H,2,1.85,1.96,1.82
ES2,19/11/2023,Ferrol,Burgos,1,1,D,2.35,1.57,2.33,1.58
ES2,19/11/2023,Eldense,Mirandes,2,2,D,2.15,1.67,2.16,1.67
ES2,19/11/2023,Oviedo,Eibar,2,1,H,2.7,1.44,2.67,1.45
ES2,19/11/2023,Cartagena,Albacete,1,1,D,2.15,1.67,2.19,1.65
ES2,19/11/2023,Villarreal B,Andorra,0,0,D,1.8,2.05,1.92,1.86
ES2,20/11/2023,Levante,Santander,2,4,A,1.93,1.93,1.88,1.9
ES2,24/11/2023,Huesca,Valladolid,0,1,A,2.7,1.44,2.65,1.46
ES2,25/11/2023,Burgos,Andorra,0,0,D,2.25,1.62,2.28,1.61
ES2,25/11/2023,Santander,Villarreal B,2,0,H,1.75,2.05,1.77,2.03
ES2,25/11/2023,Albacete,Zaragoza,1,0,H,2.25,1.62,2.26,1.62
ES2,25/11/2023,Eibar,Levante,3,1,H,2.05,1.75,2.07,1.74
ES2,26/11/2023,Leganes,Ferrol,2,2,D,2.6,1.48,2.63,1.47
ES2,26/11/2023,Elche,Amorebieta,2,0,H,2,1.85,1.98,1.8
ES2,26/11/2023,Mirandes,Oviedo,2,1,H,2.7,1.44,2.65,1.46
ES2,26/11/2023,Tenerife,Cartagena,1,1,D,2.5,1.5,2.53,1.5
ES2,26/11/2023,Espanol,Alcorcon,2,0,H,1.88,1.98,1.85,1.92
ES2,27/11/2023,Sp Gijon,Eldense,2,0,H,2.05,1.8,2.02,1.77
ES2,01/12/2023,Oviedo,Espanol,2,0,H,2.88,1.4,2.81,1.41
ES2,02/12/2023,Cartagena,Sp Gijon,1,0,H,2.3,1.6,2.25,1.62
ES2,02/12/2023,Eldense,Tenerife,0,3,A,2.6,1.48,2.55,1.49
ES2,02/12/2023,Zaragoza,Leganes,1,0,H,2.88,1.4,2.77,1.42
ES2,02/12/2023,Levante,Valladolid,2,1,H,2.15,1.67,2.15,1.68
ES2,03/12/2023,Andorra,Huesca,1,0,H,2.7,1.44,2.64,1.47
ES2,03/12/2023,Alcorcon,Elche,0,2,A,2.35,1.57,2.33,1.59
ES2,03/12/2023,Ferrol,Albacete,5,4,H,2.5,1.5,2.52,1.5
ES2,03/12/2023,Mirandes,Santander,0,0,D,2.03,1.83,2,1.78
ES2,03/12/2023,Amorebieta,Burgos,0,1,A,2.5,1.5,2.51,1.51
ES2,04/12/2023,Villarreal B,Eibar,1,0,H,1.93,1.93,1.89,1.88
ES2,08/12/2023,Albacete,Villarreal B,2,0,H,1.75,2.05,1.76,2.04
ES2,08/12/2023,Espanol,Zaragoza,1,1,D,2.1,1.7,2.14,1.69
ES2,09/12/2023,Valladolid,Amorebieta,2,1,H,1.95,1.9,1.92,1.87
ES2,09/12/2023,Sp Gijon,Levante,0,0,D,2.08,1.73,2.07,1.73
ES2,09/12/2023,Burgos,Mirandes,0,0,D,2.4,1.53,2.37,1.56
ES2,10/12/2023,Elche,Cartagena,1,2,A,2.1,1.7,2.1,1.71
ES2,10/12/2023,Santander,Oviedo,2,2,D,2.4,1.53,2.44,1.53
ES2,10/12/2023,Eibar,Andorra,2,2,D,2.1,1.7,2.11,1.71
ES2,10/12/2023,Leganes,Eldense,1,1,D,2.4,1.53,2.45,1.52
ES2,10/12/2023,Huesca,Ferrol,1,0,H,2.88,1.4,2.82,1.4
ES2,11/12/2023,Tenerife,Alcorcon,1,0,H,2.4,1.53,2.43,1.53
ES2,15/12/2023,Oviedo,Elche,3,2,H,2.6,1.48,2.58,1.48
ES2,16/12/2023,Eldense,Santander,3,3,D,2.08,1.73,2.04,1.75
ES2,16/12/2023,Andorra,Espanol,1,1,D,2.25,1.62,2.25,1.63
ES2,16/12/2023,Cartagena,Burgos,0,3,A,2.5,1.5,2.47,1.51
ES2,16/12/2023,Sp Gijon,Leganes,1,1,D,2.7,1.44,2.64,1.46
ES2,16/12/2023,Mirandes,Albacete,2,0,H,2.05,1.75,2.06,1.74
ES2,17/12/2023,Alcorcon,Eibar,1,0,H,2.15,1.67,2.16,1.68
ES2,17/12/2023,Levante,Huesca,2,1,H,2.5,1.5,2.49,1.51
ES2,17/12/2023,Amorebieta,Zaragoza,1,1,D,2.7,1.44,2.65,1.45
ES2,17/12/2023,Ferrol,Tenerife,3,1,H,2.88,1.4,2.77,1.42
ES2,18/12/2023,Villarreal B,Valladolid,1,0,H,2.05,1.8,1.98,1.81
ES2,19/12/2023,Albacete,Eldense,1,1,D,2.25,1.62,2.25,1.62
ES2,19/12/2023,Santander,Andorra,2,0,H,2.08,1.73,2.07,1.73
ES2,19/12/2023,Elche,Mirandes,0,0,D,2.05,1.8,1.98,1.8
ES2,19/12/2023,Espanol,Burgos,3,3,D,2.25,1.62,2.2,1.65
ES2,20/12/2023,Zaragoza,Levante,2,2,D,2.35,1.57,2.38,1.56
ES2,20/12/2023,Eibar,Sp Gijon,1,1,D,2.25,1.62,2.27,1.61
ES2,20/12/2023,Leganes,Tenerife,1,1,D,3.1,1.36,3.09,1.35
ES2,21/12/2023,Huesca,Cartagena,3,0,H,2.7,1.44,2.67,1.45
ES2,21/12/2023,Villarreal B,Oviedo,1,1,D,2.4,1.53,2.4,1.55
ES2,21/12/2023,Amorebieta,Alcorcon,1,2,A,2.4,1.53,2.44,1.53
ES2,21/12/2023,Valladolid,Ferrol,0,1,A,2.4,1.53,2.41,1.55
ES2,12/01/2024,Eibar,Santander,2,0,H,1.88,1.98,1.85,1.93
ES2,13/01/2024,Alcorcon,Mirandes,0,0,D,2.35,1.57,2.24,1.63
ES2,13/01/2024,Levante,Albacete,3,2,H,2.2,1.65,2.18,1.66
ES2,13/01/2024,Oviedo,Amorebieta,1,1,D,2.35,1.57,2.38,1.56
ES2,13/01/2024,Tenerife,Elche,0,1,A,2.6,1.48,2.61,1.47
ES2,13/01/2024,Burgos,Valladolid,1,0,H,2.4,1.53,2.38,1.56
ES2,13/01/2024,Ferrol,Espanol,0,0,D,2.2,1.65,2.18,1.66
ES2,14/01/2024,Andorra,Leganes,2,3,A,2.7,1.44,2.7,1.44
ES2,14/01/2024,Cartagena,Villarreal B,4,1,H,2.05,1.75,2.04,1.76
ES2,14/01/2024,Sp Gijon,Huesca,0,0,D,2.7,1.44,2.74,1.43
ES2,15/01/2024,Eldense,Zaragoza,1,1,D,2.7,1.44,2.63,1.46
ES2,20/01/2024,Albacete,Alcorcon,0,1,A,2.08,1.73,2.06,1.73
ES2,20/01/2024,Amorebieta,Eldense,0,2,A,2.4,1.53,2.37,1.56
ES2,20/01/2024,Zaragoza,Andorra,2,0,H,2.6,1.48,2.58,1.48
ES2,20/01/2024,Espanol,Villarreal B,2,1,H,1.75,2.05,1.78,2
ES2,20/01/2024,Tenerife,Sp Gijon,1,2,A,2.88,1.4,2.85,1.4
ES2,20/01/2024,Ferrol,Oviedo,1,3,A,2.7,1.44,2.64,1.46
ES2,21/01/2024,Santander,Cartagena,0,2,A,2.05,1.8,2.01,1.78
ES2,21/01/2024,Mirandes,Levante,1,1,D,2.2,1.65,2.16,1.67
ES2,21/01/2024,Huesca,Eibar,2,3,A,2.7,1.44,2.71,1.44
ES2,21/01/2024,Elche,Valladolid,0,0,D,2.25,1.62,2.24,1.62
ES2,22/01/2024,Leganes,Burgos,2,0,H,2.7,1.44,2.69,1.44
ES2,26/01/2024,Eibar,Mirandes,1,0,H,2.05,1.75,2.05,1.75
ES2,27/01/2024,Alcorcon,Zaragoza,0,0,D,2.7,1.44,2.72,1.43
ES2,27/01/2024,Cartagena,Amorebieta,1,0,H,2.4,1.53,2.41,1.54
ES2,27/01/2024,Oviedo,Leganes,1,0,H,2.88,1.4,2.82,1.41
ES2,27/01/2024,Levante,Tenerife,0,0,D,2.5,1.5,2.54,1.5
ES2,28/01/2024,Eldense,Espanol,3,2,H,2.35,1.57,2.38,1.56
ES2,28/01/2024,Andorra,Elche,0,1,A,2.35,1.57,2.33,1.58
ES2,28/01/2024,Villarreal B,Huesca,1,1,D,2.4,1.53,2.4,1.55
ES2,28/01/2024,Burgos,Albacete,2,1,H,2.5,1.5,2.46,1.52
ES2,28/01/2024,Sp Gijon,Ferrol,1,2,A,2.4,1.53,2.39,1.55
ES2,29/01/2024,Valladolid,Santander,3,1,H,2.05,1.8,1.99,1.8
ES2,02/02/2024,Elche,Burgos,2,0,H,2.6,1.48,2.55,1.49
ES2,03/02/2024,Albacete,Cartagena,1,1,D,2.15,1.67,2.15,1.68
ES2,03/02/2024,Huesca,Alcorcon,1,0,H,2.88,1.4,2.83,1.41
ES2,03/02/2024,Mirandes,Villarreal B,3,0,H,2.1,1.7,2.05,1.75
ES2,03/02/2024,Leganes,Valladolid,0,0,D,2.7,1.44,2.68,1.45
ES2,03/02/2024,Tenerife,Andorra,0,0,D,2.5,1.5,2.54,1.49
ES2,04/02/2024,Ferrol,Eibar,1,1,D,2.4,1.53,2.37,1.56
ES2,04/02/2024,Amorebieta,Santander,0,1,A,2.25,1.62,2.24,1.62
ES2,04/02/2024,Oviedo,Eldense,1,1,D,2.5,1.5,2.56,1.48
ES2,04/02/2024,Espanol,Levante,2,1,H,2.08,1.73,2.09,1.72
ES2,05/02/2024,Zaragoza,Sp Gijon,3,0,H,2.88,1.4,2.76,1.43
ES2,09/02/2024,Levante,Leganes,0,0,D,2.7,1.44,2.66,1.45
ES2,10/02/2024,Amorebieta,Elche,1,0,H,2.5,1.5,2.48,1.52
ES2,10/02/2024,Eldense,Huesca,0,0,D,2.88,1.4,2.81,1.41
ES2,10/02/2024,Sp Gijon,Oviedo,1,0,H,2.7,1.44,2.7,1.44
ES2,10/02/2024,Santander,Espanol,2,0,H,2.08,1.73,2.08,1.73
ES2,11/02/2024,Villarreal B,Tenerife,1,0,H,2.5,1.5,2.48,1.52
ES2,11/02/2024,Alcorcon,Andorra,1,0,H,2.6,1.48,2.55,1.49
ES2,11/02/2024,Cartagena,Mirandes,1,0,H,2.5,1.5,2.47,1.52
ES2,11/02/2024,Eibar,Zaragoza,1,0,H,2.35,1.57,2.4,1.55
ES2,11/02/2024,Burgos,Ferrol,2,0,H,2.4,1.53,2.43,1.53
ES2,12/02/2024,Valladolid,Albacete,0,0,D,2.2,1.65,2.17,1.66
ES2,16/02/2024,Zaragoza,Cartagena,1,2,A,2.88,1.4,2.8,1.42
ES2,17/02/2024,Andorra,Villarreal B,1,1,D,2.2,1.65,2.17,1.67
ES2,17/02/2024,Oviedo,Burgos,5,0,H,2.6,1.48,2.62,1.47
ES2,17/02/2024,Sp Gijon,Valladolid,1,1,D,2.6,1.48,2.57,1.48
ES2,17/02/2024,Espanol,Mirandes,3,0,H,2.25,1.62,2.24,1.63
ES2,18/02/2024,Albacete,Santander,2,0,H,2.05,1.75,2.05,1.75
ES2,18/02/2024,Ferrol,Levante,0,0,D,2.25,1.62,2.26,1.61
ES2,18/02/2024,Leganes,Alcorcon,3,0,H,2.7,1.44,2.72,1.43
ES2,18/02/2024,Huesca,Amorebieta,0,0,D,2.88,1.4,2.82,1.41
ES2,18/02/2024,Elche,Eibar,0,0,D,2.5,1.5,2.48,1.51
ES2,19/02/2024,Tenerife,Eldense,1,0,H,2.88,1.4,2.73,1.43
ES2,23/02/2024,Valladolid,Oviedo,3,0,H,2.6,1.48,2.64,1.46
ES2,24/02/2024,Santander,Leganes,2,1,H,2.5,1.5,2.48,1.52
ES2,24/02/2024,Eibar,Espanol,2,3,A,2.15,1.67,2.17,1.67
ES2,24/02/2024,Villarreal B,Zaragoza,0,0,D,2.6,1.48,2.58,1.48
ES2,25/02/2024,Eldense,Ferrol,2,0,H,2.5,1.5,2.48,1.52
ES2,25/02/2024,Alcorcon,Tenerife,1,1,D,3.1,1.36,2.98,1.37
ES2,25/02/2024,Burgos,Sp Gijon,1,0,H,2.4,1.53,2.43,1.53
ES2,25/02/2024,Cartagena,Elche,0,1,A,2.7,1.44,2.68,1.45
ES2,25/02/2024,Amorebieta,Albacete,1,1,D,2.5,1.5,2.41,1.53
ES2,26/02/2024,Mirandes,Huesca,0,3,A,3.1,1.36,2.89,1.39
ES2,01/03/2024,Sp Gijon,Albacete,2,1,H,2.35,1.57,2.36,1.57
ES2,02/03/2024,Eldense,Villarreal B,2,0,H,2.15,1.67,2.15,1.67
ES2,02/03/2024,Espanol,Huesca,0,0,D,2.6,1.48,2.55,1.49
ES2,02/03/2024,Ferrol,Santander,2,2,D,2.15,1.67,2.15,1.68
ES2,02/03/2024,Oviedo,Levante,3,2,H,2.35,1.57,2.34,1.57
ES2,02/03/2024,Burgos,Cartagena,3,0,H,2.5,1.5,2.49,1.51
ES2,03/03/2024,Andorra,Valladolid,2,1,H,2.5,1.5,2.51,1.5
ES2,03/03/2024,Tenerife,Mirandes,2,1,H,2.7,1.44,2.67,1.44
ES2,03/03/2024,Zaragoza,Amorebieta,0,1,A,2.6,1.48,2.59,1.48
ES2,03/03/2024,Leganes,Eibar,0,2,A,2.7,1.44,2.66,1.45
ES2,04/03/2024,Elche,Alcorcon,3,0,H,2.35,1.57,2.35,1.56
ES2,08/03/2024,Huesca,Andorra,2,0,H,3.4,1.33,3.13,1.34
ES2,09/03/2024,Albacete,Oviedo,1,2,A,2.4,1.53,2.44,1.54
ES2,09/03/2024,Mirandes,Eldense,3,1,H,2.6,1.48,2.5,1.51
ES2,09/03/2024,Valladolid,Zaragoza,2,0,H,2.6,1.48,2.6,1.47
ES2,09/03/2024,Cartagena,Ferrol,2,1,H,2.7,1.44,2.67,1.45
ES2,10/03/2024,Santander,Tenerife,4,2,H,2.7,1.44,2.68,1.45
ES2,10/03/2024,Levante,Sp Gijon,1,0,H,2.2,1.65,2.18,1.66
ES2,10/03/2024,Villarreal B,Elche,0,1,A,2.35,1.57,2.34,1.57
ES2,10/03/2024,Eibar,Burgos,0,1,A,2.25,1.62,2.25,1.62
ES2,10/03/2024,Alcorcon,Espanol,1,1,D,2.5,1.5,2.54,1.49
ES2,11/03/2024,Amorebieta,Leganes,0,1,A,2.7,1.44,2.71,1.44
ES2,13/03/2024,Levante,Andorra,0,0,D,2.15,1.67,2.18,1.66
ES2,15/03/2024,Eldense,Cartagena,0,0,D,2.7,1.44,2.72,1.44
ES2,16/03/2024,Burgos,Levante,1,1,D,2.35,1.57,2.32,1.59
ES2,16/03/2024,Eibar,Villarreal B,2,0,H,1.93,1.93,1.89,1.89
ES2,16/03/2024,Oviedo,Santander,1,1,D,2.05,1.75,2.04,1.76
ES2,16/03/2024,Tenerife,Huesca,0,0,D,3.4,1.33,3.15,1.34
ES2,16/03/2024,Sp Gijon,Alcorcon,1,0,H,2.4,1.53,2.41,1.54
ES2,17/03/2024,Leganes,Mirandes,4,0,H,2.5,1.5,2.53,1.5
ES2,17/03/2024,Ferrol,Valladolid,2,0,H,2.5,1.5,2.53,1.5
ES2,17/03/2024,Elche,Albacete,3,2,H,2.25,1.62,2.28,1.61
ES2,17/03/2024,Zaragoza,Espanol,0,1,A,2.7,1.44,2.73,1.43
ES2,18/03/2024,Andorra,Amorebieta,0,1,A,2.5,1.5,2.43,1.54
ES2,23/03/2024,Alcorcon,Oviedo,1,0,H,2.7,1.44,2.69,1.44
ES2,23/03/2024,Cartagena,Andorra,1,0,H,2.6,1.48,2.54,1.49
ES2,23/03/2024,Villarreal B,Leganes,1,2,A,2.5,1.5,2.53,1.5
ES2,23/03/2024,Espanol,Tenerife,1,1,D,2.7,1.44,2.62,1.46
ES2,24/03/2024,Amorebieta,Sp Gijon,3,1,H,2.6,1.48,2.58,1.48
ES2,24/03/2024,Huesca,Burgos,3,0,H,3.1,1.36,3.05,1.35
ES2,24/03/2024,Valladolid,Eibar,3,1,H,2.35,1.57,2.37,1.56
ES2,24/03/2024,Levante,Elche,3,2,H,2.4,1.53,2.38,1.55
ES2,24/03/2024,Mirandes,Zaragoza,0,0,D,2.88,1.4,2.8,1.41
ES2,24/03/2024,Santander,Eldense,2,1,H,2.2,1.65,2.21,1.64
ES2,25/03/2024,Albacete,Ferrol,1,1,D,2.35,1.57,2.38,1.55
ES2,29/03/2024,Burgos,Espanol,0,0,D,2.5,1.5,2.52,1.5
ES2,30/03/2024,Valladolid,Levante,0,0,D,2.15,1.67,2.17,1.66
ES2,30/03/2024,Andorra,Mirandes,1,0,H,2.5,1.5,2.45,1.53
ES2,30/03/2024,Eibar,Eldense,5,1,H,2.2,1.65,2.23,1.64
ES2,30/03/2024,Leganes,Cartagena,0,0,D,2.5,1.5,2.52,1.5
ES2,30/03/2024,Albacete,Huesca,1,1,D,2.7,1.44,2.7,1.44
ES2,30/03/2024,Sp Gijon,Santander,2,3,A,2.05,1.75,2.03,1.76
ES2,31/03/2024,Alcorcon,Amorebieta,1,1,D,2.88,1.4,2.72,1.43
ES2,31/03/2024,Ferrol,Elche,1,0,H,2.6,1.48,2.55,1.5
ES2,31/03/2024,Zaragoza,Tenerife,3,1,H,3.4,1.33,3.27,1.32
ES2,31/03/2024,Oviedo,Villarreal B,2,1,H,2,1.85,1.96,1.81
ES2,05/04/2024,Amorebieta,Ferrol,3,1,H,2.88,1.4,2.74,1.43
ES2,05/04/2024,Elche,Oviedo,0,2,A,2.3,1.6,2.34,1.57
ES2,06/04/2024,Eldense,Andorra,0,2,A,2.6,1.48,2.52,1.5
ES2,06/04/2024,Levante,Zaragoza,2,1,H,2.6,1.48,2.64,1.46
ES2,07/04/2024,Huesca,Leganes,0,0,D,3.5,1.3,3.32,1.31
ES2,07/04/2024,Mirandes,Sp Gijon,1,3,A,2.5,1.5,2.43,1.53
ES2,07/04/2024,Villarreal B,Burgos,2,1,H,2.25,1.62,2.22,1.63
ES2,07/04/2024,Espanol,Albacete,2,1,H,2.15,1.67,2.16,1.67
ES2,07/04/2024,Tenerife,Eibar,2,1,H,2.6,1.48,2.6,1.47
ES2,07/04/2024,Cartagena,Valladolid,0,2,A,2.7,1.44,2.63,1.46
ES2,08/04/2024,Santander,Alcorcon,0,1,A,2.15,1.67,2.14,1.68
ES2,12/04/2024,Leganes,Espanol,0,0,D,2.88,1.4,2.72,1.43
ES2,13/04/2024,Sp Gijon,Cartagena,1,0,H,2.35,1.57,2.34,1.58
ES2,13/04/2024,Valladolid,Eldense,1,0,H,2.35,1.57,2.34,1.58
ES2,13/04/2024,Levante,Amorebieta,1,2,A,2.15,1.67,2.15,1.68
ES2,14/04/2024,Oviedo,Mirandes,1,1,D,2.2,1.65,2.2,1.65
ES2,14/04/2024,Albacete,Tenerife,1,0,H,2.7,1.44,2.67,1.44
ES2,14/04/2024,Andorra,Eibar,0,2,A,2.25,1.62,2.28,1.61
ES2,14/04/2024,Burgos,Santander,2,1,H,2.05,1.75,2.06,1.73
ES2,14/04/2024,Zaragoza,Elche,1,1,D,2.88,1.4,2.77,1.42
ES2,14/04/2024,Ferrol,Huesca,2,1,H,3.1,1.36,3.04,1.35
ES2,15/04/2024,Alcorcon,Villarreal B,1,0,H,2.25,1.62,2.28,1.6
ES2,19/04/2024,Tenerife,Leganes,0,0,D,4,1.25,3.52,1.28
ES2,20/04/2024,Amorebieta,Valladolid,0,3,A,2.7,1.44,2.63,1.46
ES2,20/04/2024,Santander,Levante,0,0,D,1.93,1.93,1.88,1.89
ES2,20/04/2024,Villarreal B,Ferrol,1,0,H,2.3,1.6,2.3,1.59
ES2,20/04/2024,Elche,Sp Gijon,2,1,H,2.15,1.67,2.17,1.66
ES2,20/04/2024,Huesca,Zaragoza,1,2,A,3.5,1.3,3.29,1.31
ES2,21/04/2024,Espanol,Andorra,1,1,D,2.1,1.7,2.1,1.7
ES2,21/04/2024,Eibar,Alcorcon,2,0,H,2.1,1.7,2.09,1.7
ES2,21/04/2024,Eldense,Albacete,0,1,A,2.25,1.62,2.24,1.61
ES2,21/04/2024,Mirandes,Burgos,2,1,H,2.4,1.53,2.4,1.54
ES2,22/04/2024,Cartagena,Oviedo,2,0,H,2.5,1.5,2.51,1.49
ES2,26/04/2024,Andorra,Santander,1,1,D,1.98,1.88,1.93,1.85
ES2,27/04/2024,Burgos,Amorebieta,2,2,D,2.25,1.62,2.26,1.61
ES2,27/04/2024,Leganes,Zaragoza,1,1,D,3.1,1.36,3.1,1.34
ES2,27/04/2024,Elche,Espanol,2,2,D,2.25,1.62,2.28,1.6
ES2,28/04/2024,Sp Gijon,Villarreal B,0,3,A,2,1.85,1.94,1.83
ES2,28/04/2024,Alcorcon,Eldense,0,0,D,2.6,1.44,2.57,1.47
ES2,28/04/2024,Oviedo,Tenerife,0,1,A,2.6,1.48,2.63,1.45
ES2,28/04/2024,Levante,Cartagena,0,1,A,2.15,1.67,2.15,1.67
ES2,28/04/2024,Valladolid,Huesca,1,0,H,2.6,1.48,2.57,1.47
ES2,28/04/2024,Albacete,Eibar,2,1,H,2.1,1.7,2.12,1.69
ES2,29/04/2024,Ferrol,Mirandes,0,2,A,2.4,1.5,2.42,1.53
ES2,03/05/2024,Villarreal B,Levante,0,3,A,1.83,2.03,1.82,1.96
ES2,04/05/2024,Mirandes,Valladolid,0,1,A,2.4,1.53,2.45,1.52
ES2,04/05/2024,Huesca,Oviedo,0,2,A,2.88,1.4,2.84,1.4
ES2,04/05/2024,Santander,Elche,3,1,H,2.05,1.8,2.01,1.77
ES2,04/05/2024,Cartagena,Alcorcon,1,0,H,2.7,1.44,2.66,1.45
ES2,05/05/2024,Eibar,Amorebieta,5,0,H,1.98,1.88,1.93,1.83
ES2,05/05/2024,Andorra,Albacete,0,1,A,2.25,1.62,2.21,1.63
ES2,05/05/2024,Espanol,Sp Gijon,0,0,D,2.15,1.67,2.17,1.66
ES2,05/05/2024,Eldense,Leganes,1,2,A,2.88,1.4,2.76,1.42
ES2,05/05/2024,Zaragoza,Burgos,1,3,A,2.7,1.44,2.68,1.44
ES2,05/05/2024,Tenerife,Ferrol,2,0,H,2.6,1.48,2.6,1.46
ES2,10/05/2024,Burgos,Eldense,1,2,A,2.15,1.67,2.2,1.65
ES2,11/05/2024,Santander,Mirandes,1,0,H,1.93,1.93,1.89,1.87
ES2,11/05/2024,Ferrol,Alcorcon,2,1,H,2.6,1.48,2.53,1.49
ES2,11/05/2024,Sp Gijon,Andorra,5,2,H,2.15,1.67,2.18,1.66
ES2,11/05/2024,Valladolid,Espanol,0,0,D,2.35,1.57,2.35,1.57
ES2,11/05/2024,Levante,Eibar,2,2,D,2,1.85,1.96,1.82
ES2,12/05/2024,Amorebieta,Villarreal B,2,0,H,2.08,1.73,2.07,1.73
ES2,12/05/2024,Oviedo,Zaragoza,1,0,H,2.5,1.5,2.5,1.5
ES2,12/05/2024,Albacete,Leganes,1,0,H,2.6,1.48,2.53,1.49
ES2,12/05/2024,Cartagena,Tenerife,2,0,H,2.7,1.44,2.63,1.45
ES2,12/05/2024,Elche,Huesca,0,3,A,2.35,1.57,2.33,1.56
ES2,17/05/2024,Mirandes,Elche,1,1,D,2.1,1.7,2.13,1.7
ES2,18/05/2024,Andorra,Burgos,1,0,H,2.15,1.67,2.14,1.68
ES2,18/05/2024,Huesca,Santander,0,3,A,2.15,1.67,2.13,1.69
ES2,18/05/2024,Leganes,Sp Gijon,2,1,H,2.4,1.53,2.43,1.53
ES2,18/05/2024,Eldense,Levante,0,0,D,2.05,1.75,2.05,1.75
ES2,18/05/2024,Tenerife,Amorebieta,0,1,A,2.35,1.57,2.38,1.54
ES2,19/05/2024,Eibar,Cartagena,1,0,H,1.75,2.05,1.76,2.03
ES2,19/05/2024,Alcorcon,Valladolid,1,1,D,2.5,1.5,2.51,1.49
ES2,19/05/2024,Zaragoza,Ferrol,2,2,D,2.6,1.48,2.55,1.48
ES2,20/05/2024,Espanol,Oviedo,2,1,H,2.25,1.62,2.26,1.6
ES2,20/05/2024,Villarreal B,Albacete,2,2,D,1.88,1.98,1.85,1.91
ES2,26/05/2024,Albacete,Mirandes,2,2,D,2.15,1.67,2.16,1.66
ES2,26/05/2024,Amorebieta,Espanol,0,0,D,2.1,1.7,2.11,1.69
ES2,26/05/2024,Burgos,Tenerife,1,1,D,2.25,1.62,2.3,1.58
ES2,26/05/2024,Cartagena,Huesca,0,2,A,2.6,1.48,2.6,1.45
ES2,26/05/2024,Elche,Eldense,1,2,A,1.98,1.88,1.93,1.83
ES2,26/05/2024,Ferrol,Leganes,2,2,D,2.6,1.48,2.52,1.48
ES2,26/05/2024,Levante,Alcorcon,2,2,D,1.75,2.05,1.74,2.04
ES2,26/05/2024,Oviedo,Andorra,3,0,H,1.65,2.2,1.62,2.23
ES2,26/05/2024,Santander,Zaragoza,0,2,A,1.85,2,1.82,1.95
ES2,26/05/2024,Sp Gijon,Eibar,1,0,H,1.7,2.1,1.68,2.12
ES2,26/05/2024,Valladolid,Villarreal B,3,2,H,1.7,2.1,1.69,2.11
ES2,02/06/2024,Alcorcon,Burgos,1,1,D,2.05,1.75,2.04,1.74
ES2,02/06/2024,Andorra,Ferrol,1,0,H,2.03,1.83,1.96,1.81
ES2,02/06/2024,Huesca,Levante,0,0,D,2.1,1.7,2.08,1.71
ES2,02/06/2024,Eibar,Oviedo,4,3,H,2.05,1.8,1.98,1.79
ES2,02/06/2024,Eldense,Sp Gijon,0,1,A,1.85,2,1.8,1.98
ES2,02/06/2024,Espanol,Cartagena,3,0,H,1.88,1.98,1.83,1.93
ES2,02/06/2024,Leganes,Elche,2,0,H,2.6,1.48,2.59,1.47
ES2,02/06/2024,Mirandes,Amorebieta,1,0,H,1.93,1.93,1.89,1.88
ES2,02/06/2024,Tenerife,Valladolid,2,1,H,2.35,1.57,2.42,1.52
ES2,02/06/2024,Villarreal B,Santander,1,0,H,1.57,2.35,1.56,2.34
ES2,02/06/2024,Zaragoza,Albacete,1,1,D,2.05,1.8,1.98,1.78
IT1,17/08/2024,Genoa,Inter,2,2,D,1.9,2,1.88,1.96
IT1,17/08/2024,Parma,Fiorentina,1,1,D,1.9,2,1.88,1.95
IT1,17/08/2024,Empoli,Monza,0,0,D,2.1,1.73,2.11,1.75
IT1,17/08/2024,Milan,Torino,2,2,D,1.95,1.95,1.92,1.91
IT1,18/08/2024,Bologna,Udinese,1,1,D,2.3,1.62,2.34,1.61
IT1,18/08/2024,Verona,Napoli,3,0,H,1.93,1.97,1.9,1.93
IT1,18/08/2024,Cagliari,Roma,0,0,D,1.99,1.91,1.94,1.86
IT1,18/08/2024,Lazio,Venezia,3,1,H,1.89,2.01,1.85,1.98
IT1,19/08/2024,Lecce,Atalanta,0,4,A,1.98,1.92,1.93,1.9
IT1,19/08/2024,Juventus,Como,3,0,H,1.86,2.04,1.83,2
IT1,24/08/2024,Parma,Milan,2,1,H,1.73,2.1,1.71,2.17
IT1,24/08/2024,Udinese,Lazio,2,1,H,2.3,1.62,2.39,1.59
IT1,24/08/2024,Inter,Lecce,2,0,H,1.57,2.38,1.58,2.39
IT1,24/08/2024,Monza,Genoa,0,1,A,2.3,1.62,2.31,1.63
IT1,25/08/2024,Fiorentina,Venezia,0,0,D,1.88,2.02,1.85,1.98
IT1,25/08/2024,Torino,Atalanta,2,1,H,2.1,1.73,2.08,1.77
IT1,25/08/2024,Napoli,Bologna,3,0,H,2.03,1.87,1.99,1.84
IT1,25/08/2024,Roma,Empoli,1,2,A,1.87,2.03,1.84,1.98
IT1,26/08/2024,Cagliari,Como,1,1,D,2.01,1.89,1.98,1.84
IT1,26/08/2024,Verona,Juventus,0,3,A,2,1.8,2.06,1.78
IT1,30/08/2024,Venezia,Torino,0,1,A,2.15,1.67,2.19,1.69
IT1,30/08/2024,Inter,Atalanta,4,0,H,1.62,2.3,1.62,2.34
IT1,31/08/2024,Bologna,Empoli,1,1,D,2.1,1.73,2.15,1.72
IT1,31/08/2024,Lecce,Cagliari,1,0,H,2.3,1.62,2.35,1.61
IT1,31/08/2024,Lazio,Milan,2,2,D,1.9,2,1.88,1.95
IT1,31/08/2024,Napoli,Parma,2,1,H,1.73,2.1,1.7,2.17
IT1,01/09/2024,Fiorentina,Monza,2,2,D,2.04,1.86,2,1.84
IT1,01/09/2024,Genoa,Verona,0,2,A,2.3,1.62,2.35,1.61
IT1,01/09/2024,Juventus,Roma,0,0,D,2,1.8,2.06,1.78
IT1,01/09/2024,Udinese,Como,1,0,H,2.1,1.73,2.13,1.74
IT1,14/09/2024,Como,Bologna,2,2,D,2.2,1.67,2.24,1.67
IT1,14/09/2024,Empoli,Juventus,0,0,D,2.2,1.67,2.19,1.7
IT1,14/09/2024,Milan,Venezia,4,0,H,1.53,2.5,1.53,2.5
IT1,15/09/2024,Genoa,Roma,1,1,D,2.2,1.67,2.19,1.69
IT1,15/09/2024,Atalanta,Fiorentina,3,2,H,1.73,2.1,1.74,2.12
IT1,15/09/2024,Torino,Lecce,0,0,D,2.3,1.62,2.37,1.6
IT1,15/09/2024,Cagliari,Napoli,0,4,A,1.89,2.01,1.86,1.97
IT1,15/09/2024,Monza,Inter,1,1,D,1.67,2.2,1.68,2.22
IT1,16/09/2024,Parma,Udinese,2,3,A,2.04,1.86,2,1.83
IT1,16/09/2024,Lazio,Verona,2,1,H,2.06,1.84,2.01,1.82
IT1,20/09/2024,Cagliari,Empoli,0,2,A,2.2,1.67,2.2,1.69
IT1,20/09/2024,Verona,Torino,2,3,A,2.63,1.5,2.57,1.52
IT1,21/09/2024,Venezia,Genoa,2,0,H,2.2,1.67,2.21,1.68
IT1,21/09/2024,Juventus,Napoli,0,0,D,2.2,1.67,2.2,1.69
IT1,21/09/2024,Lecce,Parma,2,2,D,1.91,1.99,1.89,1.94
IT1,22/09/2024,Fiorentina,Lazio,2,1,H,2.06,1.84,2.04,1.81
IT1,22/09/2024,Monza,Bologna,1,2,A,2.3,1.62,2.28,1.64
IT1,22/09/2024,Roma,Udinese,3,0,H,2.05,1.85,2.01,1.83
IT1,22/09/2024,Inter,Milan,1,2,A,1.67,2.2,1.65,2.26
IT1,24/09/2024,Atalanta,Como,2,3,A,1.67,2.2,1.64,2.27
IT1,27/09/2024,Milan,Lecce,3,0,H,1.5,2.63,1.52,2.52
IT1,28/09/2024,Udinese,Inter,2,3,A,1.73,2.1,1.76,2.1
IT1,28/09/2024,Genoa,Juventus,0,3,A,2.3,1.62,2.35,1.61
IT1,28/09/2024,Bologna,Atalanta,1,1,D,2.02,1.88,1.99,1.85
IT1,29/09/2024,Torino,Lazio,2,3,A,2.2,1.67,2.22,1.68
IT1,29/09/2024,Como,Verona,3,2,H,2.1,1.73,2.14,1.73
IT1,29/09/2024,Roma,Venezia,2,1,H,1.73,2.1,1.73,2.15
IT1,29/09/2024,Empoli,Fiorentina,0,0,D,2.2,1.67,2.2,1.69
IT1,29/09/2024,Napoli,Monza,2,0,H,1.73,2.1,1.75,2.1
IT1,30/09/2024,Parma,Cagliari,2,3,A,1.73,2.1,1.76,2.09
IT1,04/10/2024,Napoli,Como,3,1,H,1.73,2.1,1.77,2.09
IT1,04/10/2024,Verona,Venezia,2,1,H,2.1,1.73,2.16,1.72
IT1,05/10/2024,Udinese,Lecce,1,0,H,2.1,1.73,2.15,1.72
IT1,05/10/2024,Atalanta,Genoa,5,1,H,1.8,2,1.8,2.04
IT1,05/10/2024,Inter,Torino,3,2,H,1.67,2.2,1.69,2.21
IT1,06/10/2024,Juventus,Cagliari,1,1,D,1.99,1.91,1.95,1.88
IT1,06/10/2024,Bologna,Parma,0,0,D,1.87,2.03,1.84,2
IT1,06/10/2024,Lazio,Empoli,2,1,H,2.02,1.88,2,1.84
IT1,06/10/2024,Monza,Roma,1,1,D,2.1,1.73,2.16,1.71
IT1,06/10/2024,Fiorentina,Milan,2,1,H,1.73,2.1,1.73,2.13
IT1,19/10/2024,Como,Parma,1,1,D,1.67,2.2,1.65,2.27
IT1,19/10/2024,Genoa,Bologna,2,2,D,2.3,1.62,2.33,1.62
IT1,19/10/2024,Milan,Udinese,1,0,H,1.57,2.38,1.59,2.39
IT1,19/10/2024,Juventus,Lazio,1,0,H,2.2,1.67,2.22,1.68
IT1,20/10/2024,Empoli,Napoli,0,1,A,2.1,1.73,2.07,1.77
IT1,20/10/2024,Lecce,Fiorentina,0,6,A,2.04,1.86,2.02,1.82
IT1,20/10/2024,Venezia,Atalanta,0,2,A,1.73,2.1,1.74,2.12
IT1,20/10/2024,Cagliari,Torino,3,2,H,2.1,1.73,2.12,1.74
IT1,20/10/2024,Roma,Inter,0,1,A,1.73,2.1,1.74,2.1
IT1,21/10/2024,Verona,Monza,0,3,A,2.3,1.62,2.3,1.63
IT1,25/10/2024,Udinese,Cagliari,2,0,H,2.1,1.73,2.1,1.76
IT1,25/10/2024,Torino,Como,1,0,H,2.2,1.67,2.25,1.67
IT1,26/10/2024,Napoli,Lecce,1,0,H,1.73,2.1,1.74,2.12
IT1,26/10/2024,Atalanta,Verona,6,1,H,1.53,2.5,1.52,2.52
IT1,27/10/2024,Parma,Empoli,1,1,D,2,1.9,1.96,1.87
IT1,27/10/2024,Lazio,Genoa,3,0,H,1.88,2.02,1.84,2
IT1,27/10/2024,Monza,Venezia,2,2,D,2.2,1.67,2.26,1.65
IT1,27/10/2024,Inter,Juventus,4,4,D,2.2,1.67,2.2,1.69
IT1,27/10/2024,Fiorentina,Roma,5,1,H,2.07,1.83,2.04,1.8
IT1,29/10/2024,Cagliari,Bologna,0,2,A,2.1,1.73,2.16,1.72
IT1,29/10/2024,Lecce,Verona,1,0,H,2.2,1.67,2.24,1.67
IT1,29/10/2024,Milan,Napoli,0,2,A,1.95,1.95,1.91,1.93
IT1,30/10/2024,Empoli,Inter,0,3,A,1.8,2,1.79,2.04
IT1,30/10/2024,Venezia,Udinese,3,2,H,2.2,1.67,2.17,1.71
IT1,30/10/2024,Atalanta,Monza,2,0,H,1.62,2.3,1.61,2.35
IT1,30/10/2024,Juventus,Parma,2,2,D,1.73,2.1,1.73,2.14
IT1,31/10/2024,Genoa,Fiorentina,0,1,A,2.02,1.88,1.98,1.85
IT1,31/10/2024,Como,Lazio,1,5,A,2.01,1.89,1.98,1.86
IT1,31/10/2024,Roma,Torino,1,0,H,1.99,1.91,1.95,1.88
IT1,02/11/2024,Bologna,Lecce,1,0,H,2.2,1.67,2.22,1.68
IT1,02/11/2024,Udinese,Juventus,0,2,A,2.3,1.62,2.35,1.61
IT1,02/11/2024,Monza,Milan,0,1,A,1.9,2,1.88,1.96
IT1,03/11/2024,Napoli,Atalanta,0,3,A,1.92,1.98,1.89,1.94
IT1,03/11/2024,Torino,Fiorentina,0,1,A,2.1,1.73,2.1,1.75
IT1,03/11/2024,Verona,Roma,3,2,H,2.04,1.86,1.98,1.85
IT1,03/11/2024,Inter,Venezia,1,0,H,1.44,2.75,1.4,2.89
IT1,04/11/2024,Empoli,Como,1,0,H,2.3,1.62,2.26,1.65
IT1,04/11/2024,Parma,Genoa,0,1,A,1.85,2.05,1.82,2.01
IT1,04/11/2024,Lazio,Cagliari,2,1,H,1.84,2.06,1.81,2.01
IT1,07/11/2024,Genoa,Como,1,1,D,2.2,1.67,2.24,1.67
IT1,08/11/2024,Lecce,Empoli,1,1,D,2.75,1.44,2.74,1.46
IT1,09/11/2024,Venezia,Parma,1,2,A,1.67,2.2,1.69,2.2
IT1,09/11/2024,Cagliari,Milan,3,3,D,1.67,2.2,1.68,2.2
IT1,09/11/2024,Juventus,Torino,2,0,H,2.2,1.67,2.24,1.67
IT1,10/11/2024,Atalanta,Udinese,2,1,H,1.62,2.3,1.64,2.27
IT1,10/11/2024,Fiorentina,Verona,3,1,H,1.8,2,1.78,2.05
IT1,10/11/2024,Roma,Bologna,2,3,A,2.2,1.67,2.18,1.7
IT1,10/11/2024,Monza,Lazio,0,1,A,2.1,1.73,2.14,1.72
IT1,10/11/2024,Inter,Napoli,1,1,D,1.9,2,1.87,1.96
IT1,23/11/2024,Verona,Inter,0,5,A,1.57,2.38,1.59,2.39
IT1,23/11/2024,Milan,Juventus,0,0,D,2.2,1.67,2.17,1.71
IT1,23/11/2024,Parma,Atalanta,1,3,A,1.57,2.38,1.54,2.46
IT1,24/11/2024,Genoa,Cagliari,2,2,D,2.2,1.67,2.2,1.69
IT1,24/11/2024,Como,Fiorentina,0,2,A,2.1,1.73,2.14,1.73
IT1,24/11/2024,Torino,Monza,1,1,D,2.75,1.44,2.71,1.46
IT1,24/11/2024,Napoli,Roma,1,0,H,2,1.8,2.06,1.78
IT1,24/11/2024,Lazio,Bologna,3,0,H,2.1,1.73,2.12,1.74
IT1,25/11/2024,Empoli,Udinese,1,1,D,2.75,1.44,2.74,1.45
IT1,25/11/2024,Venezia,Lecce,0,1,A,2.1,1.73,2.09,1.76
IT1,29/11/2024,Cagliari,Verona,1,0,H,1.89,2.01,1.89,1.93
IT1,30/11/2024,Como,Monza,1,1,D,2.2,1.67,2.18,1.7
IT1,30/11/2024,Milan,Empoli,3,0,H,1.73,2.1,1.75,2.11
IT1,30/11/2024,Bologna,Venezia,3,0,H,1.95,1.95,1.93,1.9
IT1,01/12/2024,Udinese,Genoa,0,2,A,2.2,1.67,2.22,1.67
IT1,01/12/2024,Parma,Lazio,3,1,H,1.67,2.2,1.65,2.26
IT1,01/12/2024,Torino,Napoli,0,1,A,2.3,1.62,2.34,1.61
IT1,01/12/2024,Lecce,Juventus,1,1,D,2.3,1.62,2.3,1.63
IT1,02/12/2024,Roma,Atalanta,0,2,A,1.87,2.03,1.84,1.99
IT1,06/12/2024,Inter,Parma,3,1,H,1.33,3.4,1.33,3.33
IT1,06/12/2024,Atalanta,Milan,2,1,H,1.73,2.1,1.75,2.12
IT1,07/12/2024,Genoa,Torino,0,0,D,2.5,1.53,2.45,1.56
IT1,07/12/2024,Juventus,Bologna,2,2,D,2.3,1.62,2.32,1.62
IT1,07/12/2024,Roma,Lecce,4,1,H,2,1.8,2.03,1.81
IT1,08/12/2024,Fiorentina,Cagliari,1,0,H,1.67,2.2,1.66,2.24
IT1,08/12/2024,Verona,Empoli,1,4,A,2.5,1.53,2.42,1.57
IT1,08/12/2024,Venezia,Como,2,2,D,2,1.9,1.96,1.86
IT1,08/12/2024,Napoli,Lazio,0,1,A,2.1,1.73,2.14,1.72
IT1,09/12/2024,Monza,Udinese,1,2,A,2.38,1.57,2.42,1.57
IT1,13/12/2024,Empoli,Torino,0,1,A,3,1.4,2.86,1.41
IT1,14/12/2024,Cagliari,Atalanta,0,1,A,1.62,2.3,1.62,2.32
IT1,14/12/2024,Udinese,Napoli,1,3,A,2.2,1.67,2.21,1.68
IT1,14/12/2024,Juventus,Venezia,2,2,D,1.85,2.05,1.84,1.99
IT1,15/12/2024,Lecce,Monza,2,1,H,2.38,1.57,2.43,1.56
IT1,15/12/2024,Bologna,Fiorentina,1,0,H,2.1,1.73,2.14,1.71
IT1,15/12/2024,Parma,Verona,2,3,A,1.73,2.1,1.7,2.15
IT1,15/12/2024,Como,Roma,2,0,H,2.02,1.88,1.98,1.84
IT1,15/12/2024,Milan,Genoa,0,0,D,1.67,2.2,1.68,2.19
IT1,16/12/2024,Lazio,Inter,0,6,A,1.99,1.91,1.94,1.87
IT1,20/12/2024,Verona,Milan,0,1,A,1.73,2.1,1.72,2.14
IT1,21/12/2024,Torino,Bologna,0,2,A,2.63,1.5,2.61,1.49
IT1,21/12/2024,Genoa,Napoli,1,2,A,2.2,1.67,2.17,1.7
IT1,21/12/2024,Lecce,Lazio,1,2,A,2,1.8,2.04,1.78
IT1,22/12/2024,Roma,Parma,5,0,H,1.62,2.3,1.61,2.32
IT1,22/12/2024,Venezia,Cagliari,2,1,H,1.92,1.98,1.88,1.93
IT1,22/12/2024,Atalanta,Empoli,3,2,H,1.67,2.2,1.67,2.2
IT1,22/12/2024,Monza,Juventus,1,2,A,2.3,1.62,2.3,1.63
IT1,23/12/2024,Fiorentina,Udinese,1,2,A,1.91,1.99,1.87,1.94
IT1,23/12/2024,Inter,Como,2,0,H,1.53,2.5,1.52,2.48
IT1,28/12/2024,Empoli,Genoa,1,2,A,2.63,1.5,2.65,1.47
IT1,28/12/2024,Parma,Monza,2,1,H,1.73,2.1,1.74,2.1
IT1,28/12/2024,Cagliari,Inter,0,3,A,1.62,2.3,1.64,2.26
IT1,28/12/2024,Lazio,Atalanta,1,1,D,1.8,2,1.83,1.99
IT1,29/12/2024,Udinese,Torino,2,2,D,2.5,1.53,2.47,1.54
IT1,29/12/2024,Napoli,Venezia,1,0,H,1.62,2.3,1.62,2.3
IT1,29/12/2024,Juventus,Fiorentina,2,2,D,2.1,1.73,2.12,1.72
IT1,29/12/2024,Milan,Roma,1,1,D,1.93,1.97,1.88,1.92
IT1,30/12/2024,Como,Lecce,2,0,H,2,1.8,2.03,1.78
IT1,30/12/2024,Bologna,Verona,2,3,A,2.01,1.89,1.97,1.84
IT1,04/01/2025,Venezia,Empoli,1,1,D,2.2,1.67,2.22,1.66
IT1,04/01/2025,Fiorentina,Napoli,0,3,A,2.1,1.73,2.12,1.72
IT1,04/01/2025,Verona,Udinese,0,0,D,2.1,1.73,2.1,1.74
IT1,05/01/2025,Monza,Cagliari,1,2,A,2.03,1.87,2,1.82
IT1,05/01/2025,Lecce,Genoa,0,0,D,2.38,1.57,2.4,1.57
IT1,05/01/2025,Torino,Parma,0,0,D,2.01,1.89,1.96,1.84
IT1,05/01/2025,Roma,Lazio,2,0,H,2.04,1.86,1.99,1.82
IT1,10/01/2025,Lazio,Como,1,1,D,2.1,1.73,2.08,1.75
IT1,11/01/2025,Empoli,Lecce,1,3,A,2.5,1.53,2.45,1.55
IT1,11/01/2025,Udinese,Atalanta,0,0,D,1.85,2.05,1.79,2.03
IT1,11/01/2025,Torino,Juventus,1,1,D,2.63,1.5,2.53,1.51
IT1,11/01/2025,Milan,Cagliari,1,1,D,1.62,2.3,1.6,2.34
IT1,12/01/2025,Genoa,Parma,1,0,H,1.91,1.99,1.88,1.93
IT1,12/01/2025,Venezia,Inter,0,1,A,1.57,2.38,1.56,2.42
IT1,12/01/2025,Bologna,Roma,2,2,D,2.1,1.73,2.15,1.71
IT1,12/01/2025,Napoli,Verona,2,0,H,1.67,2.2,1.64,2.25
IT1,13/01/2025,Monza,Fiorentina,2,1,H,2.04,1.86,1.99,1.82
IT1,14/01/2025,Como,Milan,1,2,A,1.84,2.06,1.81,2.01
IT1,14/01/2025,Atalanta,Juventus,1,1,D,2.3,1.62,2.29,1.63
IT1,15/01/2025,Inter,Bologna,2,2,D,1.73,2.1,1.77,2.06
IT1,17/01/2025,Roma,Genoa,3,1,H,2.02,1.88,1.98,1.84
IT1,18/01/2025,Bologna,Monza,3,1,H,2.07,1.83,2.01,1.81
IT1,18/01/2025,Juventus,Milan,2,0,H,2.1,1.73,2.14,1.7
IT1,18/01/2025,Atalanta,Napoli,2,3,A,2.1,1.73,2.1,1.73
IT1,19/01/2025,Fiorentina,Torino,1,1,D,2.2,1.67,2.2,1.67
IT1,19/01/2025,Cagliari,Lecce,4,1,H,2.05,1.85,2,1.82
IT1,19/01/2025,Parma,Venezia,1,1,D,1.73,2.1,1.72,2.12
IT1,19/01/2025,Verona,Lazio,0,3,A,2.05,1.85,1.99,1.82
IT1,19/01/2025,Inter,Empoli,3,1,H,1.57,2.38,1.57,2.39
IT1,20/01/2025,Como,Udinese,4,1,H,2,1.8,2.03,1.78
IT1,24/01/2025,Torino,Cagliari,2,0,H,2.3,1.62,2.29,1.63
IT1,25/01/2025,Como,Atalanta,1,2,A,1.8,2,1.78,2.04
IT1,25/01/2025,Napoli,Juventus,2,1,H,2.45,1.49,2.49,1.53
IT1,25/01/2025,Empoli,Bologna,1,1,D,2.3,1.62,2.31,1.61
IT1,26/01/2025,Milan,Parma,3,2,H,1.44,2.75,1.42,2.81
IT1,26/01/2025,Udinese,Roma,1,2,A,2.1,1.73,2.08,1.75
IT1,26/01/2025,Lecce,Inter,0,4,A,1.67,2.2,1.65,2.24
IT1,26/01/2025,Lazio,Fiorentina,1,2,A,2.04,1.86,1.99,1.83
IT1,27/01/2025,Venezia,Verona,1,1,D,2,1.8,2.04,1.78
IT1,27/01/2025,Genoa,Monza,2,0,H,2.5,1.53,2.43,1.56
IT1,31/01/2025,Parma,Lecce,1,3,A,1.86,2.04,1.84,1.99
IT1,01/02/2025,Monza,Verona,0,1,A,2.2,1.67,2.21,1.67
IT1,01/02/2025,Udinese,Venezia,3,2,H,2.08,1.82,2.03,1.8
IT1,01/02/2025,Atalanta,Torino,1,1,D,1.95,1.95,1.9,1.92
IT1,01/02/2025,Bologna,Como,2,0,H,2.03,1.87,2,1.83
IT1,02/02/2025,Juventus,Empoli,4,1,H,2,1.9,1.95,1.87
IT1,02/02/2025,Fiorentina,Genoa,2,1,H,2,1.8,2.05,1.78
IT1,02/02/2025,Milan,Inter,1,1,D,1.8,2,1.81,2
IT1,02/02/2025,Roma,Napoli,1,1,D,2,1.8,2.05,1.77
IT1,03/02/2025,Cagliari,Lazio,1,2,A,1.91,1.99,1.89,1.92
IT1,06/02/2025,Fiorentina,Inter,3,0,H,1.8,2,1.79,2.02
IT1,07/02/2025,Como,Juventus,1,2,A,2,1.8,2.07,1.78
IT1,08/02/2025,Verona,Atalanta,0,5,A,1.73,2.1,1.75,2.1
IT1,08/02/2025,Empoli,Milan,0,2,A,1.95,1.95,1.92,1.91
IT1,08/02/2025,Torino,Genoa,1,1,D,2.63,1.5,2.61,1.48
IT1,09/02/2025,Venezia,Roma,0,1,A,1.8,2,1.79,2.04
IT1,09/02/2025,Cagliari,Parma,2,1,H,1.73,2.1,1.74,2.12
IT1,09/02/2025,Lazio,Monza,5,1,H,1.73,2.1,1.74,2.11
IT1,09/02/2025,Lecce,Bologna,0,0,D,2.2,1.67,2.24,1.66
IT1,09/02/2025,Napoli,Udinese,1,1,D,2.01,1.89,1.95,1.88
IT1,10/02/2025,Inter,Fiorentina,2,1,H,1.67,2.2,1.69,2.18
IT1,14/02/2025,Bologna,Torino,3,2,H,2.5,1.53,2.49,1.55
IT1,15/02/2025,Atalanta,Cagliari,0,0,D,1.62,2.3,1.62,2.33
IT1,15/02/2025,Lazio,Napoli,2,2,D,2.1,1.73,2.13,1.74
IT1,15/02/2025,Milan,Verona,1,0,H,1.57,2.38,1.58,2.38
IT1,16/02/2025,Fiorentina,Como,0,2,A,1.97,1.93,1.92,1.91
IT1,16/02/2025,Monza,Lecce,0,0,D,2.3,1.62,2.31,1.63
IT1,16/02/2025,Udinese,Empoli,3,0,H,2.1,1.73,2.16,1.72
IT1,16/02/2025,Parma,Roma,0,1,A,1.73,2.1,1.75,2.11
IT1,16/02/2025,Juventus,Inter,1,0,H,2.1,1.73,2.1,1.75
IT1,17/02/2025,Genoa,Venezia,2,0,H,2.1,1.73,2.09,1.75
IT1,21/02/2025,Lecce,Udinese,0,1,A,2.3,1.62,2.3,1.64
IT1,22/02/2025,Parma,Bologna,2,0,H,1.91,1.99,1.88,1.96
IT1,22/02/2025,Venezia,Lazio,0,0,D,1.8,2,1.79,2.06
IT1,22/02/2025,Torino,Milan,2,1,H,2.1,1.73,2.11,1.75
IT1,22/02/2025,Inter,Genoa,1,0,H,1.67,2.2,1.67,2.23
IT1,23/02/2025,Como,Napoli,2,1,H,2.2,1.67,2.2,1.69
IT1,23/02/2025,Verona,Fiorentina,1,0,H,2.03,1.87,1.99,1.85
IT1,23/02/2025,Empoli,Atalanta,0,5,A,1.8,2,1.79,2.05
IT1,23/02/2025,Cagliari,Juventus,0,1,A,2.03,1.87,2.01,1.83
IT1,24/02/2025,Roma,Monza,4,0,H,1.73,2.1,1.72,2.14
IT1,27/02/2025,Bologna,Milan,2,1,H,1.96,1.82,1.99,1.84
IT1,28/02/2025,Fiorentina,Lecce,1,0,H,2.3,1.62,2.27,1.65
IT1,01/03/2025,Atalanta,Venezia,0,0,D,1.53,2.5,1.52,2.51
IT1,01/03/2025,Napoli,Inter,1,1,D,2.2,1.67,2.16,1.71
IT1,01/03/2025,Udinese,Parma,1,0,H,1.91,1.99,1.87,1.95
IT1,02/03/2025,Monza,Torino,0,2,A,2.3,1.62,2.33,1.62
IT1,02/03/2025,Bologna,Cagliari,2,1,H,2,1.8,2.04,1.8
IT1,02/03/2025,Genoa,Empoli,1,1,D,2.3,1.62,2.32,1.62
IT1,02/03/2025,Roma,Como,2,1,H,2.03,1.87,1.99,1.85
IT1,02/03/2025,Milan,Lazio,1,2,A,1.86,2.04,1.83,2.01
IT1,03/03/2025,Juventus,Verona,2,0,H,1.8,2,1.8,2.03
IT1,07/03/2025,Cagliari,Genoa,1,1,D,2.5,1.53,2.44,1.56
IT1,08/03/2025,Como,Venezia,1,1,D,2.03,1.87,1.99,1.85
IT1,08/03/2025,Parma,Torino,2,2,D,2.1,1.73,2.12,1.74
IT1,08/03/2025,Lecce,Milan,2,3,A,1.88,2.02,1.84,1.99
IT1,08/03/2025,Inter,Monza,3,2,H,1.5,2.63,1.5,2.57
IT1,09/03/2025,Verona,Bologna,1,2,A,2.3,1.62,2.29,1.63
IT1,09/03/2025,Napoli,Fiorentina,2,1,H,2.05,1.68,2.08,1.76
IT1,09/03/2025,Empoli,Roma,0,1,A,2.05,1.85,2.04,1.8
IT1,09/03/2025,Juventus,Atalanta,0,4,A,2.04,1.86,1.99,1.84
IT1,10/03/2025,Lazio,Udinese,1,1,D,1.95,1.95,1.9,1.92
IT1,14/03/2025,Genoa,Lecce,2,1,H,2.63,1.5,2.65,1.48
IT1,15/03/2025,Monza,Parma,1,1,D,2.1,1.73,2.1,1.75
IT1,15/03/2025,Udinese,Verona,0,1,A,2.1,1.73,2.11,1.74
IT1,15/03/2025,Milan,Como,2,1,H,1.73,2.1,1.75,2.1
IT1,15/03/2025,Torino,Empoli,1,0,H,2.3,1.62,2.29,1.62
IT1,16/03/2025,Venezia,Napoli,0,0,D,2.07,1.83,2.03,1.81
IT1,16/03/2025,Bologna,Lazio,5,0,H,2.2,1.67,2.19,1.69
IT1,16/03/2025,Roma,Cagliari,1,0,H,2,1.9,1.94,1.88
IT1,16/03/2025,Fiorentina,Juventus,3,0,H,2.3,1.62,2.28,1.64
IT1,16/03/2025,Atalanta,Inter,0,2,A,1.95,1.95,1.91,1.92
IT1,29/03/2025,Como,Empoli,1,1,D,2.1,1.73,2.12,1.73
IT1,29/03/2025,Venezia,Bologna,0,1,A,2.2,1.67,2.19,1.68
IT1,29/03/2025,Juventus,Genoa,1,0,H,2.1,1.73,2.14,1.71
IT1,29/03/2025,Lecce,Roma,0,1,A,2.2,1.67,2.15,1.7
IT1,30/03/2025,Cagliari,Monza,3,0,H,2.1,1.73,2.11,1.73
IT1,30/03/2025,Fiorentina,Atalanta,1,0,H,1.95,1.95,1.9,1.92
IT1,30/03/2025,Inter,Udinese,2,1,H,1.8,2,1.8,2.02
IT1,30/03/2025,Napoli,Milan,2,1,H,2.02,1.88,1.98,1.85
IT1,31/03/2025,Verona,Parma,0,0,D,2.1,1.73,2.11,1.73
IT1,31/03/2025,Lazio,Torino,1,1,D,2.08,1.82,2.02,1.8
IT1,04/04/2025,Genoa,Udinese,1,0,H,2.75,1.44,2.66,1.47
IT1,05/04/2025,Monza,Como,1,3,A,2.02,1.88,1.97,1.85
IT1,05/04/2025,Parma,Inter,2,2,D,1.73,2.1,1.7,2.14
IT1,05/04/2025,Milan,Fiorentina,2,2,D,1.73,2.1,1.75,2.08
IT1,06/04/2025,Lecce,Venezia,1,1,D,2.3,1.62,2.33,1.61
IT1,06/04/2025,Empoli,Cagliari,0,0,D,2.2,1.67,2.16,1.69
IT1,06/04/2025,Torino,Verona,1,1,D,2.38,1.57,2.35,1.59
IT1,06/04/2025,Atalanta,Lazio,0,1,A,1.8,2,1.79,2.03
IT1,06/04/2025,Roma,Juventus,1,1,D,2.2,1.67,2.2,1.67
IT1,07/04/2025,Bologna,Napoli,1,1,D,2.5,1.53,2.45,1.54
IT1,11/04/2025,Udinese,Milan,0,4,A,1.89,2.01,1.86,1.98
IT1,12/04/2025,Venezia,Monza,1,0,H,2.1,1.73,2.07,1.76
IT1,12/04/2025,Inter,Cagliari,3,1,H,1.73,2.1,1.72,2.13
IT1,12/04/2025,Juventus,Lecce,2,1,H,1.95,1.95,1.91,1.91
IT1,13/04/2025,Atalanta,Bologna,2,0,H,2.05,1.85,2,1.82
IT1,13/04/2025,Fiorentina,Parma,0,0,D,1.98,1.92,1.9,1.92
IT1,13/04/2025,Verona,Genoa,0,0,D,2.75,1.44,2.7,1.45
IT1,13/04/2025,Como,Torino,1,0,H,2.1,1.73,2.12,1.72
IT1,13/04/2025,Lazio,Roma,1,1,D,2.1,1.73,2.12,1.73
IT1,14/04/2025,Napoli,Empoli,3,0,H,1.95,1.95,1.89,1.92
IT1,19/04/2025,Lecce,Como,0,3,A,2.1,1.73,2.09,1.75
IT1,19/04/2025,Monza,Napoli,0,1,A,1.87,2.03,1.82,2.01
IT1,19/04/2025,Roma,Verona,1,0,H,2.08,1.82,2.02,1.8
IT1,20/04/2025,Empoli,Venezia,2,2,D,2.3,1.62,2.32,1.6
IT1,20/04/2025,Bologna,Inter,1,0,H,2.2,1.67,2.17,1.69
IT1,20/04/2025,Milan,Atalanta,0,1,A,1.67,2.2,1.67,2.2
IT1,23/04/2025,Cagliari,Fiorentina,1,2,A,2.2,1.67,2.15,1.7
IT1,23/04/2025,Genoa,Lazio,0,2,A,2.3,1.62,2.35,1.59
IT1,23/04/2025,Parma,Juventus,1,0,H,2,1.9,1.95,1.87
IT1,23/04/2025,Torino,Udinese,2,0,H,2.5,1.53,2.47,1.54
IT1,27/04/2025,Como,Genoa,1,0,H,2.2,1.67,2.2,1.67
IT1,27/04/2025,Venezia,Milan,0,2,A,1.73,2.1,1.75,2.09
IT1,27/04/2025,Fiorentina,Empoli,2,1,H,2.2,1.67,2.19,1.68
IT1,27/04/2025,Inter,Roma,0,1,A,2.02,1.88,1.97,1.85
IT1,27/04/2025,Juventus,Monza,2,0,H,1.53,2.5,1.55,2.43
IT1,27/04/2025,Atalanta,Lecce,1,1,D,1.57,2.38,1.56,2.41
IT1,27/04/2025,Napoli,Torino,2,0,H,2.07,1.83,2.01,1.81
IT1,28/04/2025,Udinese,Bologna,0,0,D,2.2,1.67,2.26,1.64
IT1,28/04/2025,Lazio,Parma,2,2,D,1.73,2.1,1.74,2.09
IT1,28/04/2025,Verona,Cagliari,0,2,A,2.63,1.5,2.52,1.51
IT1,02/05/2025,Torino,Venezia,1,1,D,2.32,1.53,2.42,1.57
IT1,03/05/2025,Cagliari,Udinese,1,2,A,2.3,1.62,2.34,1.6
IT1,03/05/2025,Parma,Como,0,1,A,1.91,1.99,1.88,1.93
IT1,03/05/2025,Lecce,Napoli,0,1,A,2,1.8,2.01,1.81
IT1,03/05/2025,Inter,Verona,1,0,H,1.85,2.05,1.84,1.98
IT1,04/05/2025,Empoli,Lazio,0,1,A,2,1.78,2.01,1.81
IT1,04/05/2025,Monza,Atalanta,0,4,A,1.5,2.63,1.47,2.59
IT1,04/05/2025,Roma,Fiorentina,1,0,H,2.03,1.87,1.98,1.84
IT1,04/05/2025,Bologna,Juventus,1,1,D,2.3,1.62,2.34,1.6
IT1,05/05/2025,Genoa,Milan,1,2,A,1.99,1.91,1.93,1.88
IT1,09/05/2025,Milan,Bologna,3,1,H,1.99,1.91,1.96,1.87
IT1,10/05/2025,Como,Cagliari,3,1,H,1.97,1.93,1.9,1.92
IT1,10/05/2025,Lazio,Juventus,1,1,D,2.2,1.67,2.19,1.67
IT1,10/05/2025,Empoli,Parma,2,1,H,2.03,1.87,2,1.82
IT1,11/05/2025,Udinese,Monza,1,2,A,1.89,2.01,1.85,1.97
IT1,11/05/2025,Verona,Lecce,1,1,D,2.2,1.67,2.25,1.64
IT1,11/05/2025,Torino,Inter,0,2,A,1.99,1.91,1.95,1.87
IT1,11/05/2025,Napoli,Genoa,2,2,D,2.06,1.84,2.01,1.81
IT1,12/05/2025,Venezia,Fiorentina,2,1,H,2.2,1.67,2.23,1.65
IT1,12/05/2025,Atalanta,Roma,2,1,H,1.8,2,1.81,2.01
IT1,17/05/2025,Genoa,Atalanta,2,3,A,1.87,2.03,1.84,1.98
IT1,18/05/2025,Cagliari,Venezia,3,0,H,2.2,1.67,2.16,1.7
IT1,18/05/2025,Fiorentina,Bologna,3,2,H,2.3,1.62,2.29,1.63
IT1,18/05/2025,Inter,Lazio,2,2,D,1.73,2.1,1.76,2.07
IT1,18/05/2025,Juventus,Udinese,2,0,H,1.95,1.95,1.9,1.92
IT1,18/05/2025,Lecce,Torino,1,0,H,2.3,1.62,2.29,1.62
IT1,18/05/2025,Monza,Empoli,1,3,A,2.2,1.67,2.16,1.69
IT1,18/05/2025,Parma,Napoli,0,0,D,1.95,1.95,1.93,1.89
IT1,18/05/2025,Roma,Milan,3,1,H,1.73,2.1,1.73,2.12
IT1,18/05/2025,Verona,Como,1,1,D,2.1,1.73,2.06,1.77
IT1,23/05/2025,Como,Inter,0,2,A,1.57,2.38,1.59,2.38
IT1,23/05/2025,Napoli,Cagliari,2,0,H,1.53,2.5,1.52,2.5
IT1,24/05/2025,Bologna,Genoa,1,3,A,1.73,2.1,1.72,2.13
IT1,24/05/2025,Milan,Monza,2,0,H,1.33,3.4,1.31,3.31
IT1,25/05/2025,Atalanta,Parma,2,3,A,1.73,2.1,1.69,2.17
IT1,25/05/2025,Empoli,Verona,1,2,A,2.38,1.57,2.39,1.57
IT1,25/05/2025,Lazio,Lecce,0,1,A,1.83,2.03,1.82,2.01
IT1,25/05/2025,Torino,Roma,0,2,A,1.9,1.95,1.9,1.91
IT1,25/05/2025,Udinese,Fiorentina,2,3,A,1.98,1.88,1.95,1.87
IT1,25/05/2025,Venezia,Juventus,2,3,A,1.88,1.98,1.85,1.97
IT1,19/08/2023,Empoli,Verona,0,1,A,2.1,1.73,2.11,1.74
IT1,19/08/2023,Frosinone,Napoli,1,3,A,1.67,2.2,1.68,2.2
IT1,19/08/2023,Genoa,Fiorentina,1,4,A,2.1,1.73,2.06,1.77
IT1,19/08/2023,Inter,Monza,2,0,H,1.57,2.38,1.58,2.41
IT1,20/08/2023,Roma,Salernitana,2,2,D,2.1,1.73,2.1,1.75
IT1,20/08/2023,Sassuolo,Atalanta,0,2,A,1.62,2.3,1.62,2.33
IT1,20/08/2023,Lecce,Lazio,2,1,H,2.2,1.67,2.21,1.68
IT1,20/08/2023,Udinese,Juventus,0,3,A,2.1,1.73,2.1,1.75
IT1,21/08/2023,Torino,Cagliari,0,0,D,2.1,1.73,2.16,1.7
IT1,21/08/2023,Bologna,Milan,0,2,A,2,1.8,2.05,1.78
IT1,26/08/2023,Frosinone,Atalanta,2,1,H,1.67,2.2,1.7,2.19
IT1,26/08/2023,Monza,Empoli,2,0,H,2.07,1.83,2.03,1.81
IT1,26/08/2023,Milan,Torino,4,1,H,2.2,1.67,2.19,1.7
IT1,26/08/2023,Verona,Roma,2,1,H,2.3,1.62,2.29,1.65
IT1,27/08/2023,Fiorentina,Lecce,2,2,D,2.1,1.73,2.07,1.77
IT1,27/08/2023,Juventus,Bologna,1,1,D,1.93,1.97,1.91,1.92
IT1,27/08/2023,Lazio,Genoa,0,1,A,2.06,1.84,2.04,1.8
IT1,27/08/2023,Napoli,Sassuolo,2,0,H,1.44,2.75,1.45,2.78
IT1,28/08/2023,Salernitana,Udinese,1,1,D,2.03,1.87,2.01,1.82
IT1,28/08/2023,Cagliari,Inter,0,2,A,1.73,2.1,1.73,2.13
IT1,01/09/2023,Sassuolo,Verona,3,1,H,1.85,2.05,1.82,2.02
IT1,01/09/2023,Roma,Milan,1,2,A,2.3,1.62,2.31,1.63
IT1,02/09/2023,Bologna,Cagliari,2,1,H,2,1.9,1.95,1.88
IT1,02/09/2023,Udinese,Frosinone,0,0,D,1.99,1.91,1.95,1.88
IT1,02/09/2023,Atalanta,Monza,3,0,H,1.73,2.1,1.72,2.14
IT1,02/09/2023,Napoli,Lazio,1,2,A,1.86,2.04,1.84,1.99
IT1,03/09/2023,Inter,Fiorentina,4,0,H,1.8,2,1.78,2.06
IT1,03/09/2023,Torino,Genoa,1,0,H,2.38,1.57,2.39,1.59
IT1,03/09/2023,Empoli,Juventus,0,2,A,1.94,1.96,1.91,1.92
IT1,03/09/2023,Lecce,Salernitana,2,0,H,2.2,1.67,2.18,1.7
IT1,16/09/2023,Juventus,Lazio,3,1,H,2.1,1.73,2.12,1.74
IT1,16/09/2023,Inter,Milan,5,1,H,1.9,2,1.89,1.94
IT1,16/09/2023,Genoa,Napoli,2,2,D,1.8,2,1.79,2.04
IT1,17/09/2023,Cagliari,Udinese,0,0,D,2.1,1.73,2.1,1.75
IT1,17/09/2023,Frosinone,Sassuolo,4,2,H,1.86,2.04,1.83,2
IT1,17/09/2023,Monza,Lecce,1,1,D,2.1,1.73,2.11,1.75
IT1,17/09/2023,Fiorentina,Atalanta,3,2,H,1.8,2,1.79,2.05
IT1,17/09/2023,Roma,Empoli,7,0,H,1.95,1.95,1.91,1.91
IT1,18/09/2023,Salernitana,Torino,0,3,A,2.2,1.67,2.24,1.66
IT1,18/09/2023,Verona,Bologna,0,0,D,2.1,1.73,2.1,1.75
IT1,22/09/2023,Salernitana,Frosinone,1,1,D,2.1,1.73,2.11,1.75
IT1,22/09/2023,Lecce,Genoa,1,0,H,2.3,1.62,2.37,1.6
IT1,23/09/2023,Milan,Verona,1,0,H,1.73,2.1,1.77,2.08
IT1,23/09/2023,Sassuolo,Juventus,4,2,H,1.73,2.1,1.73,2.13
IT1,23/09/2023,Lazio,Monza,1,1,D,1.9,2,1.85,1.96
IT1,24/09/2023,Empoli,Inter,0,1,A,1.57,2.38,1.55,2.47
IT1,24/09/2023,Atalanta,Cagliari,2,0,H,1.67,2.2,1.68,2.22
IT1,24/09/2023,Udinese,Fiorentina,0,2,A,1.99,1.91,1.92,1.91
IT1,24/09/2023,Bologna,Napoli,0,0,D,1.85,2.05,1.83,2.01
IT1,24/09/2023,Torino,Roma,1,1,D,2.63,1.5,2.62,1.51
IT1,26/09/2023,Juventus,Lecce,1,0,H,1.96,1.94,1.91,1.92
IT1,27/09/2023,Cagliari,Milan,1,3,A,1.99,1.91,1.94,1.89
IT1,27/09/2023,Empoli,Salernitana,1,0,H,2,1.8,2.05,1.79
IT1,27/09/2023,Verona,Atalanta,0,1,A,1.96,1.94,1.92,1.91
IT1,27/09/2023,Inter,Sassuolo,1,2,A,1.4,3,1.4,2.95
IT1,27/09/2023,Lazio,Torino,2,0,H,2.2,1.67,2.21,1.69
IT1,27/09/2023,Napoli,Udinese,4,1,H,1.67,2.2,1.67,2.24
IT1,28/09/2023,Frosinone,Fiorentina,1,1,D,1.87,2.03,1.84,2
IT1,28/09/2023,Monza,Bologna,0,0,D,2.04,1.86,2,1.83
IT1,28/09/2023,Genoa,Roma,4,1,H,2.3,1.62,2.33,1.62
IT1,30/09/2023,Lecce,Napoli,0,4,A,2.01,1.89,1.95,1.87
IT1,30/09/2023,Milan,Lazio,2,0,H,2.06,1.84,2,1.83
IT1,30/09/2023,Salernitana,Inter,0,4,A,1.67,2.15,1.7,2.19
IT1,01/10/2023,Bologna,Empoli,3,0,H,1.9,2,1.87,1.96
IT1,01/10/2023,Udinese,Genoa,2,2,D,2.3,1.6,2.33,1.62
IT1,01/10/2023,Atalanta,Juventus,0,0,D,1.93,1.97,1.89,1.94
IT1,01/10/2023,Roma,Frosinone,2,0,H,1.94,1.96,1.91,1.91
IT1,02/10/2023,Sassuolo,Monza,0,1,A,1.57,2.35,1.58,2.38
IT1,02/10/2023,Torino,Verona,0,0,D,2.3,1.6,2.33,1.61
IT1,02/10/2023,Fiorentina,Cagliari,3,0,H,1.88,2.02,1.83,2
IT1,06/10/2023,Empoli,Udinese,0,0,D,2,1.9,1.97,1.87
IT1,06/10/2023,Lecce,Sassuolo,1,1,D,1.8,2,1.79,2.06
IT1,07/10/2023,Inter,Bologna,2,2,D,1.6,2.3,1.61,2.34
IT1,07/10/2023,Juventus,Torino,2,0,H,2.35,1.57,2.36,1.6
IT1,07/10/2023,Genoa,Milan,0,1,A,2.05,1.75,2.05,1.8
IT1,08/10/2023,Monza,Salernitana,3,0,H,1.88,2.02,1.84,1.98
IT1,08/10/2023,Frosinone,Verona,2,1,H,2.1,1.7,2.13,1.73
IT1,08/10/2023,Lazio,Atalanta,3,2,H,2.03,1.87,1.99,1.85
IT1,08/10/2023,Cagliari,Roma,1,4,A,2.25,1.62,2.28,1.64
IT1,08/10/2023,Napoli,Fiorentina,1,3,A,1.62,2.25,1.64,2.24
IT1,21/10/2023,Verona,Napoli,1,3,A,1.91,1.99,1.87,1.96
IT1,21/10/2023,Torino,Inter,0,3,A,2.06,1.84,2.02,1.82
IT1,21/10/2023,Sassuolo,Lazio,0,2,A,1.62,2.25,1.63,2.29
IT1,22/10/2023,Roma,Monza,1,0,H,1.95,1.95,1.92,1.91
IT1,22/10/2023,Bologna,Frosinone,2,1,H,1.95,1.95,1.9,1.92
IT1,22/10/2023,Salernitana,Cagliari,2,2,D,2.15,1.67,2.17,1.7
IT1,22/10/2023,Atalanta,Genoa,2,0,H,2.03,1.87,1.98,1.85
IT1,22/10/2023,Milan,Juventus,0,1,A,2.1,1.7,2.15,1.72
IT1,23/10/2023,Udinese,Lecce,1,1,D,2.2,1.65,2.2,1.68
IT1,23/10/2023,Fiorentina,Empoli,0,2,A,1.62,2.25,1.65,2.27
IT1,27/10/2023,Genoa,Salernitana,1,0,H,2.15,1.67,2.16,1.72
IT1,28/10/2023,Sassuolo,Bologna,1,1,D,1.7,2.1,1.73,2.15
IT1,28/10/2023,Lecce,Torino,0,1,A,2.5,1.5,2.54,1.53
IT1,28/10/2023,Juventus,Verona,1,0,H,1.85,2.05,1.82,2.02
IT1,29/10/2023,Cagliari,Frosinone,4,3,H,1.99,1.91,1.94,1.88
IT1,29/10/2023,Monza,Udinese,1,1,D,1.92,1.98,1.88,1.94
IT1,29/10/2023,Inter,Roma,1,0,H,2.03,1.87,1.98,1.86
IT1,29/10/2023,Napoli,Milan,2,2,D,2.04,1.86,1.99,1.85
IT1,30/10/2023,Empoli,Atalanta,0,3,A,1.75,2.05,1.79,2.05
IT1,30/10/2023,Lazio,Fiorentina,1,0,H,1.99,1.91,1.96,1.88
IT1,03/11/2023,Bologna,Lazio,1,0,H,2.2,1.65,2.25,1.66
IT1,04/11/2023,Salernitana,Napoli,0,2,A,1.53,2.4,1.57,2.43
IT1,04/11/2023,Atalanta,Inter,1,2,A,1.83,2.07,1.81,2.03
IT1,04/11/2023,Milan,Udinese,0,1,A,1.75,2.05,1.78,2.06
IT1,05/11/2023,Verona,Monza,1,3,A,2.05,1.75,2.06,1.75
IT1,05/11/2023,Cagliari,Genoa,2,1,H,2.15,1.67,2.18,1.7
IT1,05/11/2023,Roma,Lecce,2,1,H,2.1,1.7,2.14,1.72
IT1,05/11/2023,Fiorentina,Juventus,0,1,A,2.06,1.84,2.03,1.81
IT1,06/11/2023,Frosinone,Empoli,2,1,H,1.88,2.02,1.86,1.96
IT1,06/11/2023,Torino,Sassuolo,2,1,H,2,1.9,1.94,1.87
IT1,10/11/2023,Sassuolo,Salernitana,2,2,D,1.62,2.25,1.64,2.3
IT1,10/11/2023,Genoa,Verona,1,0,H,2.4,1.53,2.47,1.56
IT1,11/11/2023,Lecce,Milan,2,2,D,2.08,1.73,2.1,1.75
IT1,11/11/2023,Juventus,Cagliari,2,1,H,1.75,2.05,1.78,2.06
IT1,11/11/2023,Monza,Torino,1,1,D,2.25,1.62,2.28,1.64
IT1,12/11/2023,Napoli,Empoli,0,1,A,1.4,2.88,1.42,2.85
IT1,12/11/2023,Fiorentina,Bologna,2,1,H,2.05,1.85,1.98,1.85
IT1,12/11/2023,Udinese,Atalanta,1,1,D,1.99,1.91,1.94,1.88
IT1,12/11/2023,Lazio,Roma,0,0,D,2.35,1.57,2.34,1.61
IT1,12/11/2023,Inter,Frosinone,2,0,H,1.36,3.1,1.37,3.08
IT1,25/11/2023,Salernitana,Lazio,2,1,H,2.04,1.86,2,1.84
IT1,25/11/2023,Atalanta,Napoli,1,2,A,1.88,2.02,1.81,2.02
IT1,25/11/2023,Milan,Fiorentina,1,0,H,2.06,1.84,2.04,1.8
IT1,26/11/2023,Cagliari,Monza,1,1,D,2,1.9,1.95,1.88
IT1,26/11/2023,Empoli,Sassuolo,3,4,A,1.65,2.2,1.65,2.27
IT1,26/11/2023,Frosinone,Genoa,2,1,H,2.1,1.7,2.1,1.72
IT1,26/11/2023,Roma,Udinese,3,1,H,2.05,1.75,2.06,1.78
IT1,26/11/2023,Juventus,Inter,1,1,D,2.1,1.7,2.13,1.74
IT1,27/11/2023,Verona,Lecce,2,2,D,2.5,1.5,2.51,1.54
IT1,27/11/2023,Bologna,Torino,2,0,H,2.3,1.6,2.38,1.59
IT1,01/12/2023,Monza,Juventus,1,2,A,2.15,1.67,2.21,1.69
IT1,02/12/2023,Genoa,Empoli,1,1,D,2.1,1.7,2.13,1.74
IT1,02/12/2023,Lazio,Cagliari,1,0,H,1.98,1.92,1.94,1.88
IT1,02/12/2023,Milan,Frosinone,3,1,H,1.7,2.1,1.69,2.16
IT1,03/12/2023,Lecce,Bologna,1,1,D,2.2,1.65,2.26,1.65
IT1,03/12/2023,Fiorentina,Salernitana,3,0,H,1.67,2.15,1.67,2.24
IT1,03/12/2023,Udinese,Verona,3,3,D,2.1,1.7,2.15,1.72
IT1,03/12/2023,Sassuolo,Roma,1,2,A,1.75,2.05,1.76,2.09
IT1,03/12/2023,Napoli,Inter,0,3,A,1.75,2.05,1.79,2.06
IT1,04/12/2023,Torino,Atalanta,3,0,H,2.2,1.65,2.24,1.67
IT1,08/12/2023,Juventus,Napoli,1,0,H,2.1,1.7,2.12,1.74
IT1,09/12/2023,Verona,Lazio,1,1,D,2.15,1.67,2.15,1.71
IT1,09/12/2023,Atalanta,Milan,3,2,H,2.05,1.75,2.05,1.8
IT1,09/12/2023,Inter,Udinese,4,0,H,1.57,2.35,1.59,2.37
IT1,10/12/2023,Frosinone,Torino,0,0,D,2.15,1.67,2.14,1.73
IT1,10/12/2023,Monza,Genoa,1,0,H,2.3,1.6,2.26,1.65
IT1,10/12/2023,Salernitana,Bologna,1,2,A,2.1,1.7,2.13,1.73
IT1,10/12/2023,Roma,Fiorentina,1,1,D,2.15,1.67,2.18,1.7
IT1,11/12/2023,Empoli,Lecce,1,1,D,2.08,1.73,2.07,1.77
IT1,11/12/2023,Cagliari,Sassuolo,2,1,H,1.7,2.1,1.69,2.19
IT1,15/12/2023,Genoa,Juventus,1,1,D,2.7,1.44,2.72,1.47
IT1,16/12/2023,Lecce,Frosinone,2,1,H,2.08,1.82,2.02,1.83
IT1,16/12/2023,Napoli,Cagliari,2,1,H,1.57,2.35,1.58,2.4
IT1,16/12/2023,Torino,Empoli,1,0,H,2.05,1.85,1.98,1.84
IT1,17/12/2023,Milan,Monza,3,0,H,1.8,2,1.81,2.03
IT1,17/12/2023,Fiorentina,Verona,1,0,H,1.75,2.05,1.78,2.06
IT1,17/12/2023,Udinese,Sassuolo,2,2,D,1.7,2.1,1.71,2.16
IT1,17/12/2023,Bologna,Roma,2,0,H,2.5,1.5,2.55,1.53
IT1,17/12/2023,Lazio,Inter,0,2,A,2.05,1.85,2,1.84
IT1,18/12/2023,Atalanta,Salernitana,4,1,H,1.57,2.35,1.6,2.35
IT1,22/12/2023,Empoli,Lazio,0,2,A,2.15,1.67,2.16,1.71
IT1,22/12/2023,Sassuolo,Genoa,1,2,A,2.02,1.88,1.96,1.87
IT1,22/12/2023,Monza,Fiorentina,0,1,A,2.1,1.7,2.1,1.76
IT1,22/12/2023,Salernitana,Milan,2,2,D,1.65,2.2,1.65,2.27
IT1,23/12/2023,Frosinone,Juventus,1,2,A,2.08,1.82,2.03,1.81
IT1,23/12/2023,Bologna,Atalanta,1,0,H,2.1,1.7,2.12,1.74
IT1,23/12/2023,Torino,Udinese,1,1,D,2.25,1.62,2.24,1.65
IT1,23/12/2023,Inter,Lecce,2,0,H,1.65,2.2,1.66,2.25
IT1,23/12/2023,Verona,Cagliari,2,0,H,2.08,1.73,2.07,1.77
IT1,23/12/2023,Roma,Napoli,2,0,H,2.15,1.67,2.13,1.73
IT1,29/12/2023,Fiorentina,Torino,1,0,H,2.35,1.57,2.37,1.59
IT1,29/12/2023,Napoli,Monza,0,0,D,1.73,2.08,1.74,2.07
IT1,29/12/2023,Genoa,Inter,1,1,D,2.3,1.6,2.28,1.64
IT1,29/12/2023,Lazio,Frosinone,3,1,H,2.05,1.85,2.01,1.83
IT1,30/12/2023,Atalanta,Lecce,1,0,H,1.92,1.98,1.89,1.95
IT1,30/12/2023,Cagliari,Empoli,0,0,D,2.05,1.85,1.98,1.85
IT1,30/12/2023,Udinese,Bologna,3,0,H,2.4,1.53,2.39,1.59
IT1,30/12/2023,Milan,Sassuolo,1,0,H,1.5,2.5,1.5,2.58
IT1,30/12/2023,Verona,Salernitana,0,1,A,2.08,1.73,2.06,1.78
IT1,30/12/2023,Juventus,Roma,1,0,H,2.7,1.44,2.71,1.48
IT1,05/01/2024,Bologna,Genoa,1,1,D,2.7,1.44,2.7,1.47
IT1,06/01/2024,Inter,Verona,2,1,H,1.5,2.5,1.52,2.53
IT1,06/01/2024,Frosinone,Monza,2,3,A,1.93,1.97,1.87,1.96
IT1,06/01/2024,Lecce,Cagliari,1,1,D,2.2,1.65,2.2,1.69
IT1,06/01/2024,Sassuolo,Fiorentina,1,0,H,1.73,2.08,1.74,2.13
IT1,07/01/2024,Empoli,Milan,0,3,A,1.75,2.05,1.77,2.08
IT1,07/01/2024,Torino,Napoli,3,0,H,2.2,1.65,2.19,1.69
IT1,07/01/2024,Udinese,Lazio,1,2,A,2.2,1.65,2.24,1.66
IT1,07/01/2024,Salernitana,Juventus,1,2,A,1.95,1.95,1.9,1.93
IT1,07/01/2024,Roma,Atalanta,1,1,D,2.15,1.67,2.16,1.71
IT1,13/01/2024,Genoa,Torino,0,0,D,2.7,1.44,2.69,1.47
IT1,13/01/2024,Napoli,Salernitana,2,1,H,1.57,2.35,1.55,2.44
IT1,13/01/2024,Verona,Empoli,2,1,H,2.1,1.7,2.14,1.73
IT1,13/01/2024,Monza,Inter,1,5,A,1.88,2.02,1.83,2.01
IT1,14/01/2024,Lazio,Lecce,1,0,H,2.1,1.7,2.15,1.72
IT1,14/01/2024,Cagliari,Bologna,2,1,H,2.4,1.53,2.44,1.57
IT1,14/01/2024,Fiorentina,Udinese,2,2,D,2.06,1.84,2.01,1.82
IT1,14/01/2024,Milan,Roma,3,1,H,2.15,1.67,2.19,1.69
IT1,15/01/2024,Atalanta,Frosinone,5,0,H,1.62,2.25,1.64,2.28
IT1,16/01/2024,Juventus,Sassuolo,3,0,H,1.73,2.08,1.71,2.14
IT1,20/01/2024,Roma,Verona,2,1,H,2.08,1.73,2.11,1.75
IT1,20/01/2024,Udinese,Milan,2,3,A,1.91,1.99,1.87,1.95
IT1,21/01/2024,Frosinone,Cagliari,3,1,H,2.01,1.89,1.94,1.88
IT1,21/01/2024,Empoli,Monza,3,0,H,2.08,1.82,2.01,1.82
IT1,21/01/2024,Salernitana,Genoa,1,2,A,2.4,1.53,2.43,1.56
IT1,21/01/2024,Lecce,Juventus,0,3,A,2.35,1.57,2.36,1.59
IT1,26/01/2024,Cagliari,Torino,1,2,A,2.4,1.53,2.42,1.58
IT1,27/01/2024,Atalanta,Udinese,2,0,H,1.73,2.08,1.75,2.1
IT1,27/01/2024,Juventus,Empoli,1,1,D,1.87,2.03,1.85,1.98
IT1,27/01/2024,Milan,Bologna,2,2,D,2.08,1.73,2.07,1.78
IT1,28/01/2024,Genoa,Lecce,2,1,H,2.6,1.48,2.62,1.49
IT1,28/01/2024,Monza,Sassuolo,1,0,H,1.75,2.05,1.74,2.1
IT1,28/01/2024,Verona,Frosinone,1,1,D,2.03,1.87,1.97,1.85
IT1,28/01/2024,Lazio,Napoli,0,0,D,2.25,1.62,2.28,1.64
IT1,28/01/2024,Fiorentina,Inter,0,1,A,1.97,1.93,1.91,1.91
IT1,29/01/2024,Salernitana,Roma,1,2,A,2.08,1.73,2.09,1.75
IT1,02/02/2024,Lecce,Fiorentina,3,2,H,2.15,1.67,2.18,1.7
IT1,03/02/2024,Empoli,Genoa,0,0,D,2.5,1.5,2.46,1.56
IT1,03/02/2024,Udinese,Monza,0,0,D,2.04,1.86,1.96,1.84
IT1,03/02/2024,Frosinone,Milan,2,3,A,1.6,2.3,1.62,2.32
IT1,03/02/2024,Bologna,Sassuolo,4,2,H,2.05,1.85,1.99,1.84
IT1,04/02/2024,Torino,Salernitana,0,0,D,2.15,1.67,2.15,1.7
IT1,04/02/2024,Napoli,Verona,2,1,H,1.87,2.03,1.82,2.01
IT1,04/02/2024,Atalanta,Lazio,3,1,H,2.15,1.67,2.18,1.69
IT1,04/02/2024,Inter,Juventus,1,0,H,2.2,1.65,2.26,1.65
IT1,05/02/2024,Roma,Cagliari,4,0,H,1.87,2.03,1.84,1.98
IT1,09/02/2024,Salernitana,Empoli,1,3,A,2.35,1.57,2.35,1.61
IT1,10/02/2024,Cagliari,Lazio,1,3,A,2.3,1.6,2.32,1.62
IT1,10/02/2024,Roma,Inter,2,4,A,2.15,1.67,2.2,1.69
IT1,10/02/2024,Sassuolo,Torino,1,1,D,2.05,1.75,2.05,1.78
IT1,11/02/2024,Fiorentina,Frosinone,5,1,H,1.75,2.05,1.77,2.07
IT1,11/02/2024,Bologna,Lecce,4,0,H,2.2,1.65,2.25,1.66
IT1,11/02/2024,Monza,Verona,0,0,D,2.2,1.65,2.19,1.69
IT1,11/02/2024,Genoa,Atalanta,1,4,A,2.2,1.65,2.23,1.66
IT1,11/02/2024,Milan,Napoli,1,0,H,1.8,2,1.79,2.04
IT1,12/02/2024,Juventus,Udinese,0,1,A,2.04,1.86,1.99,1.83
IT1,14/02/2024,Bologna,Fiorentina,2,0,H,2.2,1.65,2.23,1.67
IT1,16/02/2024,Torino,Lecce,2,0,H,2.25,1.62,2.33,1.62
IT1,16/02/2024,Inter,Salernitana,4,0,H,1.44,2.7,1.46,2.72
IT1,17/02/2024,Napoli,Genoa,1,1,D,2.1,1.7,2.11,1.74
IT1,17/02/2024,Verona,Juventus,2,2,D,2.3,1.6,2.32,1.62
IT1,17/02/2024,Atalanta,Sassuolo,3,0,H,1.48,2.6,1.49,2.61
IT1,18/02/2024,Lazio,Bologna,1,2,A,2.5,1.5,2.47,1.53
IT1,18/02/2024,Empoli,Fiorentina,1,1,D,2.1,1.7,2.08,1.76
IT1,18/02/2024,Udinese,Cagliari,1,1,D,2.05,1.75,2.04,1.79
IT1,18/02/2024,Frosinone,Roma,0,3,A,1.73,2.08,1.74,2.11
IT1,18/02/2024,Monza,Milan,4,2,H,1.97,1.93,1.91,1.9
IT1,22/02/2024,Torino,Lazio,0,2,A,2.7,1.44,2.67,1.47
IT1,23/02/2024,Bologna,Verona,2,0,H,2.1,1.7,2.15,1.72
IT1,24/02/2024,Sassuolo,Empoli,2,3,A,2.03,1.87,1.97,1.86
IT1,24/02/2024,Salernitana,Monza,0,2,A,2.1,1.7,2.11,1.75
IT1,24/02/2024,Genoa,Udinese,2,0,H,2.6,1.48,2.57,1.51
IT1,25/02/2024,Juventus,Frosinone,3,2,H,1.67,2.15,1.69,2.19
IT1,25/02/2024,Cagliari,Napoli,1,1,D,1.88,2.02,1.85,1.98
IT1,25/02/2024,Lecce,Inter,0,4,A,1.73,2.08,1.75,2.09
IT1,25/02/2024,Milan,Atalanta,1,1,D,1.75,2.05,1.77,2.07
IT1,26/02/2024,Roma,Torino,3,2,H,2.4,1.53,2.39,1.58
IT1,26/02/2024,Fiorentina,Lazio,2,1,H,2.2,1.65,2.2,1.67
IT1,28/02/2024,Sassuolo,Napoli,1,6,A,1.7,2.1,1.7,2.17
IT1,28/02/2024,Inter,Atalanta,4,0,H,1.75,2.05,1.78,2.07
IT1,01/03/2024,Lazio,Milan,0,1,A,2.1,1.7,2.14,1.73
IT1,02/03/2024,Udinese,Salernitana,1,1,D,2.05,1.85,1.99,1.84
IT1,02/03/2024,Monza,Roma,1,4,A,2.03,1.87,1.99,1.84
IT1,02/03/2024,Torino,Fiorentina,0,0,D,2.4,1.53,2.42,1.58
IT1,03/03/2024,Verona,Sassuolo,1,0,H,2.03,1.87,1.96,1.86
IT1,03/03/2024,Empoli,Cagliari,0,1,A,2.1,1.7,2.11,1.74
IT1,03/03/2024,Frosinone,Lecce,1,1,D,1.99,1.91,1.91,1.91
IT1,03/03/2024,Atalanta,Bologna,1,2,A,2.08,1.73,2.07,1.77
IT1,03/03/2024,Napoli,Juventus,2,1,H,2.35,1.57,2.35,1.6
IT1,04/03/2024,Inter,Genoa,2,1,H,1.75,2.05,1.76,2.07
IT1,08/03/2024,Napoli,Torino,1,1,D,2.2,1.65,2.23,1.68
IT1,09/03/2024,Cagliari,Salernitana,4,2,H,2.02,1.88,1.97,1.86
IT1,09/03/2024,Sassuolo,Frosinone,1,0,H,1.65,2.2,1.66,2.25
IT1,09/03/2024,Bologna,Inter,0,1,A,2.1,1.7,2.12,1.74
IT1,09/03/2024,Genoa,Monza,2,3,A,2.4,1.53,2.47,1.56
IT1,10/03/2024,Lecce,Verona,0,1,A,2.3,1.6,2.36,1.61
IT1,10/03/2024,Milan,Empoli,1,0,H,1.7,2.1,1.73,2.12
IT1,10/03/2024,Juventus,Atalanta,2,2,D,2.1,1.7,2.13,1.72
IT1,10/03/2024,Fiorentina,Roma,2,2,D,2.07,1.83,2.01,1.8
IT1,11/03/2024,Lazio,Udinese,1,2,A,2.15,1.67,2.2,1.68
IT1,15/03/2024,Empoli,Bologna,0,1,A,2.35,1.57,2.37,1.6
IT1,16/03/2024,Monza,Cagliari,1,0,H,2,1.9,1.95,1.88
IT1,16/03/2024,Udinese,Torino,0,2,A,2.6,1.48,2.6,1.5
IT1,16/03/2024,Salernitana,Lecce,0,1,A,2.1,1.7,2.15,1.72
IT1,16/03/2024,Frosinone,Lazio,2,3,A,1.87,2.03,1.84,1.99
IT1,17/03/2024,Juventus,Genoa,0,0,D,2.2,1.65,2.23,1.67
IT1,17/03/2024,Verona,Milan,1,3,A,2.05,1.85,2,1.84
IT1,17/03/2024,Roma,Sassuolo,1,0,H,1.6,2.3,1.59,2.37
IT1,17/03/2024,Inter,Napoli,1,1,D,1.73,2.08,1.73,2.12
IT1,30/03/2024,Napoli,Atalanta,0,3,A,1.8,2,1.8,2.04
IT1,30/03/2024,Genoa,Frosinone,1,1,D,2.05,1.85,2.02,1.81
IT1,30/03/2024,Torino,Monza,1,0,H,2.3,1.6,2.3,1.63
IT1,30/03/2024,Lazio,Juventus,1,0,H,2.35,1.57,2.41,1.58
IT1,30/03/2024,Fiorentina,Milan,1,2,A,2.01,1.89,1.94,1.87
IT1,01/04/2024,Bologna,Salernitana,3,0,H,1.8,2,1.79,2.04
IT1,01/04/2024,Cagliari,Verona,1,1,D,2.1,1.7,2.14,1.72
IT1,01/04/2024,Sassuolo,Udinese,1,1,D,2.07,1.83,2.03,1.8
IT1,01/04/2024,Lecce,Roma,0,0,D,2.07,1.83,2.03,1.79
IT1,01/04/2024,Inter,Empoli,2,0,H,1.5,2.5,1.51,2.55
IT1,05/04/2024,Salernitana,Sassuolo,2,2,D,1.9,2,1.87,1.96
IT1,06/04/2024,Milan,Lecce,3,0,H,1.7,2.1,1.73,2.13
IT1,06/04/2024,Roma,Lazio,1,0,H,2.15,1.67,2.19,1.69
IT1,06/04/2024,Empoli,Torino,3,2,H,2.5,1.5,2.5,1.54
IT1,07/04/2024,Frosinone,Bologna,0,0,D,1.95,1.95,1.91,1.91
IT1,07/04/2024,Monza,Napoli,2,4,A,1.8,2,1.8,2.04
IT1,07/04/2024,Cagliari,Atalanta,2,1,H,1.75,2.05,1.76,2.09
IT1,07/04/2024,Verona,Genoa,1,2,A,2.5,1.5,2.55,1.52
IT1,07/04/2024,Juventus,Fiorentina,1,0,H,2.15,1.67,2.18,1.7
IT1,08/04/2024,Udinese,Inter,1,2,A,1.75,2.05,1.76,2.07
IT1,12/04/2024,Lazio,Salernitana,4,1,H,1.8,2,1.78,2.06
IT1,13/04/2024,Lecce,Empoli,1,0,H,2.3,1.62,2.3,1.63
IT1,13/04/2024,Torino,Juventus,0,0,D,2.63,1.5,2.59,1.5
IT1,13/04/2024,Bologna,Monza,0,0,D,2.04,1.86,2,1.83
IT1,14/04/2024,Napoli,Frosinone,2,2,D,1.53,2.5,1.51,2.54
IT1,14/04/2024,Sassuolo,Milan,3,3,D,1.67,2.2,1.68,2.22
IT1,14/04/2024,Inter,Cagliari,2,2,D,1.44,2.75,1.42,2.83
IT1,15/04/2024,Fiorentina,Genoa,1,1,D,2.1,1.73,2.05,1.78
IT1,15/04/2024,Atalanta,Verona,2,2,D,1.73,2.1,1.73,2.12
IT1,19/04/2024,Genoa,Lazio,0,1,A,2.38,1.57,2.39,1.59
IT1,19/04/2024,Cagliari,Juventus,2,2,D,2.2,1.67,2.27,1.65
IT1,20/04/2024,Empoli,Napoli,1,0,H,1.73,2.1,1.77,2.08
IT1,20/04/2024,Verona,Udinese,1,0,H,2.2,1.67,2.22,1.66
IT1,21/04/2024,Sassuolo,Lecce,0,3,A,2,1.9,1.96,1.87
IT1,21/04/2024,Torino,Frosinone,0,0,D,2,1.9,1.94,1.88
IT1,21/04/2024,Salernitana,Fiorentina,0,2,A,1.8,2,1.8,2.02
IT1,21/04/2024,Monza,Atalanta,1,2,A,1.89,2.01,1.85,1.97
IT1,22/04/2024,Roma,Bologna,1,3,A,2.38,1.57,2.4,1.58
IT1,22/04/2024,Milan,Inter,1,2,A,1.73,2.1,1.73,2.13
IT1,25/04/2024,Udinese,Roma,1,2,A,2.1,1.73,2.06,1.78
IT1,26/04/2024,Frosinone,Salernitana,3,0,H,1.57,2.38,1.58,2.4
IT1,27/04/2024,Lecce,Monza,1,1,D,2.2,1.67,2.22,1.67
IT1,27/04/2024,Juventus,Milan,0,0,D,2.04,1.86,2.01,1.83
IT1,27/04/2024,Lazio,Verona,1,0,H,2.1,1.73,2.06,1.78
IT1,28/04/2024,Inter,Torino,2,0,H,2,1.8,2.03,1.81
IT1,28/04/2024,Bologna,Udinese,1,1,D,2.1,1.73,2.09,1.75
IT1,28/04/2024,Atalanta,Empoli,2,0,H,1.73,2.1,1.69,2.18
IT1,28/04/2024,Napoli,Roma,2,2,D,1.92,1.98,1.88,1.94
IT1,28/04/2024,Fiorentina,Sassuolo,5,1,H,1.73,2.1,1.76,2.09
IT1,29/04/2024,Genoa,Cagliari,3,0,H,2.3,1.62,2.3,1.62
IT1,03/05/2024,Torino,Bologna,0,0,D,2.75,1.44,2.69,1.47
IT1,04/05/2024,Monza,Lazio,2,2,D,2.04,1.86,1.97,1.86
IT1,04/05/2024,Sassuolo,Inter,1,0,H,1.53,2.5,1.52,2.52
IT1,05/05/2024,Cagliari,Lecce,1,1,D,2.2,1.67,2.2,1.68
IT1,05/05/2024,Empoli,Frosinone,0,0,D,1.95,1.95,1.87,1.9
IT1,05/05/2024,Verona,Fiorentina,2,1,H,2.1,1.73,2.13,1.72
IT1,05/05/2024,Milan,Genoa,3,3,D,1.73,2.1,1.76,2.07
IT1,05/05/2024,Roma,Juventus,1,1,D,2.38,1.57,2.42,1.57
IT1,06/05/2024,Salernitana,Atalanta,1,2,A,1.53,2.5,1.51,2.53
IT1,06/05/2024,Udinese,Napoli,1,1,D,1.88,2.02,1.81,1.98
IT1,10/05/2024,Frosinone,Inter,0,5,A,1.73,2.1,1.71,2.16
IT1,11/05/2024,Napoli,Bologna,0,2,A,1.99,1.91,1.92,1.88
IT1,11/05/2024,Milan,Cagliari,5,1,H,1.57,2.38,1.57,2.42
IT1,12/05/2024,Lazio,Empoli,2,0,H,2.01,1.89,1.96,1.86
IT1,12/05/2024,Genoa,Sassuolo,2,1,H,1.93,1.97,1.89,1.93
IT1,12/05/2024,Verona,Torino,1,2,A,2.5,1.53,2.45,1.56
IT1,12/05/2024,Juventus,Salernitana,1,1,D,1.5,2.63,1.48,2.63
IT1,12/05/2024,Atalanta,Roma,2,1,H,1.88,2.02,1.85,1.97
IT1,13/05/2024,Lecce,Udinese,0,2,A,2.3,1.62,2.29,1.63
IT1,13/05/2024,Fiorentina,Monza,2,1,H,1.73,2.1,1.72,2.14
IT1,17/05/2024,Fiorentina,Napoli,2,2,D,1.73,2.1,1.75,2.11
IT1,18/05/2024,Lecce,Atalanta,0,2,A,1.91,1.99,1.88,1.95
IT1,18/05/2024,Torino,Milan,3,1,H,2.1,1.73,2.14,1.73
IT1,19/05/2024,Sassuolo,Cagliari,0,2,A,1.84,2.06,1.83,2
IT1,19/05/2024,Monza,Frosinone,0,1,A,1.73,2.1,1.71,2.15
IT1,19/05/2024,Udinese,Empoli,1,1,D,2.2,1.67,2.26,1.65
IT1,19/05/2024,Inter,Lazio,1,1,D,1.73,2.1,1.73,2.13
IT1,19/05/2024,Roma,Genoa,1,0,H,1.8,2,1.79,2
IT1,20/05/2024,Salernitana,Verona,1,2,A,1.91,1.99,1.88,1.94
IT1,20/05/2024,Bologna,Juventus,3,3,D,2.3,1.62,2.39,1.58
IT1,23/05/2024,Cagliari,Fiorentina,2,3,A,1.73,2.1,1.71,2.17
IT1,24/05/2024,Genoa,Bologna,2,0,H,2.2,1.67,2.23,1.68
IT1,25/05/2024,Juventus,Monza,2,0,H,1.62,2.3,1.61,2.33
IT1,25/05/2024,Milan,Salernitana,3,3,D,1.25,4,1.26,3.78
IT1,26/05/2024,Atalanta,Torino,3,0,H,1.95,1.95,1.92,1.9
IT1,26/05/2024,Napoli,Lecce,0,0,D,1.57,2.38,1.57,2.41
IT1,26/05/2024,Empoli,Roma,2,1,H,1.88,2.02,1.85,1.98
IT1,26/05/2024,Frosinone,Udinese,0,1,A,1.99,1.91,1.96,1.86
IT1,26/05/2024,Lazio,Sassuolo,1,1,D,1.5,2.63,1.51,2.56
IT1,26/05/2024,Verona,Inter,2,2,D,1.62,2.3,1.64,2.28
IT1,02/06/2024,Atalanta,Fiorentina,2,3,A,1.53,2.5,1.54,2.48
IT2,16/08/2024,Brescia,Palermo,1,0,H,2.1,1.7,2.11,1.71
IT2,17/08/2024,Bari,Juve Stabia,1,3,A,2.35,1.57,2.35,1.57
IT2,17/08/2024,Pisa,Spezia,2,2,D,2.35,1.57,2.37,1.56
IT2,17/08/2024,Salernitana,Cittadella,2,1,H,2.25,1.62,2.24,1.62
IT2,17/08/2024,Sudtirol,Modena,2,1,H,2.4,1.53,2.43,1.54
IT2,18/08/2024,Catanzaro,Sassuolo,1,1,D,2.05,1.75,2.02,1.76
IT2,18/08/2024,Cesena,Carrarese,2,1,H,2.25,1.62,2.27,1.6
IT2,18/08/2024,Cosenza,Cremonese,1,0,H,2.25,1.62,2.25,1.62
IT2,18/08/2024,Frosinone,Sampdoria,2,2,D,2.1,1.7,2.11,1.7
IT2,18/08/2024,Reggiana,Mantova,2,2,D,2.25,1.62,2.24,1.62
IT2,23/08/2024,Modena,Bari,2,1,H,2.5,1.5,2.5,1.51
IT2,24/08/2024,Sudtirol,Salernitana,3,2,H,2.35,1.57,2.38,1.56
IT2,24/08/2024,Brescia,Cittadella,0,1,A,2.35,1.57,2.33,1.58
IT2,24/08/2024,Cremonese,Carrarese,1,0,H,2.2,1.65,2.18,1.66
IT2,24/08/2024,Pisa,Palermo,2,0,H,2.05,1.75,2.04,1.75
IT2,24/08/2024,Sampdoria,Reggiana,0,1,A,2.1,1.7,2.11,1.7
IT2,24/08/2024,Sassuolo,Cesena,2,1,H,1.9,1.95,1.88,1.9
IT2,24/08/2024,Spezia,Frosinone,2,1,H,1.98,1.88,1.91,1.86
IT2,25/08/2024,Catanzaro,Juve Stabia,0,0,D,2.05,1.75,2.05,1.74
IT2,25/08/2024,Mantova,Cosenza,3,2,H,2.05,1.75,2.02,1.76
IT2,27/08/2024,Bari,Sassuolo,1,1,D,2.05,1.75,2.06,1.76
IT2,27/08/2024,Carrarese,Sudtirol,2,0,H,2.6,1.48,2.64,1.46
IT2,27/08/2024,Cittadella,Pisa,1,1,D,2.15,1.67,2.12,1.69
IT2,27/08/2024,Cremonese,Palermo,0,1,A,1.95,1.9,1.88,1.9
IT2,27/08/2024,Frosinone,Modena,1,1,D,2.1,1.7,2.07,1.73
IT2,27/08/2024,Reggiana,Brescia,2,0,H,2.25,1.62,2.29,1.61
IT2,27/08/2024,Salernitana,Sampdoria,3,2,H,2.08,1.73,2.11,1.71
IT2,28/08/2024,Cesena,Catanzaro,2,0,H,2.05,1.8,2.02,1.77
IT2,28/08/2024,Cosenza,Spezia,0,0,D,2.2,1.65,2.2,1.65
IT2,28/08/2024,Juve Stabia,Mantova,1,0,H,2.1,1.7,2.09,1.72
IT2,31/08/2024,Sampdoria,Bari,0,0,D,2.2,1.65,2.2,1.64
IT2,31/08/2024,Modena,Cittadella,0,1,A,2.25,1.62,2.3,1.59
IT2,31/08/2024,Pisa,Reggiana,2,1,H,2.1,1.7,2.1,1.7
IT2,31/08/2024,Sassuolo,Cremonese,1,4,A,2.05,1.75,2.08,1.72
IT2,31/08/2024,Sudtirol,Brescia,1,2,A,2.7,1.44,2.68,1.44
IT2,01/09/2024,Catanzaro,Carrarese,3,1,H,2.15,1.67,2.14,1.68
IT2,01/09/2024,Frosinone,Juve Stabia,0,0,D,2.15,1.67,2.14,1.68
IT2,01/09/2024,Mantova,Salernitana,1,0,H,1.85,2,1.84,1.94
IT2,01/09/2024,Palermo,Cosenza,1,1,D,2.1,1.7,2.1,1.71
IT2,01/09/2024,Spezia,Cesena,2,1,H,2.1,1.7,2.12,1.69
IT2,13/09/2024,Cesena,Modena,2,2,D,2.7,1.44,2.57,1.49
IT2,14/09/2024,Bari,Mantova,2,0,H,2.1,1.7,2.09,1.72
IT2,14/09/2024,Brescia,Frosinone,4,0,H,2.2,1.65,2.21,1.64
IT2,14/09/2024,Cittadella,Catanzaro,0,0,D,2.1,1.7,2.12,1.7
IT2,14/09/2024,Cremonese,Spezia,1,1,D,2.03,1.83,1.99,1.79
IT2,14/09/2024,Juve Stabia,Palermo,1,3,A,2.15,1.67,2.16,1.67
IT2,15/09/2024,Carrarese,Sassuolo,0,2,A,2.03,1.83,2,1.79
IT2,15/09/2024,Cosenza,Sampdoria,2,1,H,2.2,1.65,2.2,1.64
IT2,15/09/2024,Reggiana,Sudtirol,1,3,A,2.6,1.48,2.59,1.47
IT2,15/09/2024,Salernitana,Pisa,2,3,A,1.93,1.93,1.9,1.87
IT2,20/09/2024,Catanzaro,Cremonese,1,2,A,1.98,1.88,1.93,1.85
IT2,21/09/2024,Cosenza,Sassuolo,0,1,A,2,1.85,1.96,1.82
IT2,21/09/2024,Palermo,Cesena,0,0,D,2.1,1.7,2.12,1.7
IT2,21/09/2024,Pisa,Brescia,2,1,H,2.15,1.67,2.17,1.66
IT2,21/09/2024,Reggiana,Salernitana,0,0,D,2.2,1.65,2.2,1.65
IT2,21/09/2024,Sampdoria,Sudtirol,1,0,H,2.35,1.57,2.36,1.56
IT2,21/09/2024,Modena,Juve Stabia,3,0,H,2.5,1.5,2.51,1.5
IT2,22/09/2024,Frosinone,Bari,0,3,A,2.08,1.73,2.07,1.73
IT2,22/09/2024,Mantova,Cittadella,1,0,H,2.05,1.75,2.04,1.76
IT2,22/09/2024,Spezia,Carrarese,4,2,H,2.1,1.7,2.09,1.72
IT2,27/09/2024,Cittadella,Frosinone,1,2,A,2.15,1.67,2.14,1.68
IT2,28/09/2024,Bari,Cosenza,1,1,D,2.25,1.62,2.25,1.62
IT2,28/09/2024,Carrarese,Reggiana,0,0,D,2.25,1.62,2.28,1.61
IT2,28/09/2024,Sassuolo,Spezia,0,0,D,2.03,1.83,1.98,1.8
IT2,29/09/2024,Cesena,Mantova,4,2,H,1.85,2,1.83,1.94
IT2,29/09/2024,Juve Stabia,Pisa,2,0,H,2.25,1.62,2.28,1.6
IT2,29/09/2024,Modena,Sampdoria,1,3,A,2.35,1.57,2.35,1.57
IT2,29/09/2024,Salernitana,Catanzaro,0,0,D,1.83,2.03,1.83,1.95
IT2,30/09/2024,Sudtirol,Palermo,1,3,A,2.35,1.57,2.33,1.57
IT2,30/09/2024,Brescia,Cremonese,3,2,H,2.1,1.7,2.12,1.69
IT2,04/10/2024,Sampdoria,Juve Stabia,1,2,A,2.35,1.57,2.37,1.56
IT2,05/10/2024,Frosinone,Carrarese,0,1,A,1.93,1.93,1.89,1.89
IT2,05/10/2024,Pisa,Cesena,3,1,H,2.08,1.73,2.08,1.71
IT2,05/10/2024,Sassuolo,Cittadella,6,1,H,1.98,1.88,1.92,1.86
IT2,05/10/2024,Spezia,Reggiana,1,0,H,2.15,1.67,2.18,1.65
IT2,06/10/2024,Catanzaro,Modena,2,2,D,2.25,1.62,2.28,1.6
IT2,06/10/2024,Cosenza,Sudtirol,0,2,A,2.6,1.48,2.59,1.47
IT2,06/10/2024,Cremonese,Bari,1,1,D,2.05,1.8,1.99,1.79
IT2,06/10/2024,Mantova,Brescia,1,1,D,2.05,1.75,2.03,1.76
IT2,06/10/2024,Palermo,Salernitana,0,1,A,1.9,1.95,1.87,1.9
IT2,18/10/2024,Bari,Catanzaro,1,1,D,2.15,1.67,2.16,1.67
IT2,19/10/2024,Cittadella,Cosenza,0,0,D,2.15,1.67,2.19,1.65
IT2,19/10/2024,Modena,Palermo,2,2,D,2.3,1.6,2.29,1.59
IT2,19/10/2024,Salernitana,Spezia,0,2,A,2.1,1.7,2.07,1.72
IT2,19/10/2024,Sudtirol,Pisa,1,2,A,2.6,1.48,2.6,1.47
IT2,19/10/2024,Brescia,Sassuolo,2,5,A,2.03,1.83,1.96,1.82
IT2,20/10/2024,Carrarese,Mantova,1,1,D,1.98,1.88,1.93,1.84
IT2,20/10/2024,Juve Stabia,Cremonese,1,2,A,2.1,1.7,2.12,1.69
IT2,20/10/2024,Reggiana,Frosinone,2,0,H,2.08,1.73,2.08,1.72
IT2,20/10/2024,Cesena,Sampdoria,3,5,A,2.1,1.7,2.12,1.69
IT2,25/10/2024,Spezia,Bari,0,0,D,2.2,1.65,2.2,1.65
IT2,26/10/2024,Cesena,Brescia,2,0,H,2,1.85,1.96,1.82
IT2,26/10/2024,Cosenza,Juve Stabia,1,1,D,2.25,1.62,2.25,1.61
IT2,26/10/2024,Cremonese,Salernitana,2,1,H,1.9,1.95,1.85,1.92
IT2,26/10/2024,Palermo,Reggiana,2,0,H,2.05,1.75,2.02,1.77
IT2,26/10/2024,Carrarese,Cittadella,3,0,H,2.35,1.57,2.33,1.57
IT2,26/10/2024,Sassuolo,Modena,2,0,H,2.05,1.75,2.01,1.77
IT2,27/10/2024,Catanzaro,Sudtirol,3,0,H,2.6,1.44,2.55,1.48
IT2,27/10/2024,Frosinone,Pisa,0,0,D,2.15,1.63,2.12,1.69
IT2,27/10/2024,Sampdoria,Mantova,1,0,H,1.98,1.88,1.92,1.85
IT2,29/10/2024,Bari,Carrarese,0,0,D,2.1,1.7,2.1,1.71
IT2,29/10/2024,Brescia,Spezia,1,1,D,2.2,1.65,2.21,1.65
IT2,29/10/2024,Juve Stabia,Sassuolo,2,2,D,2.05,1.8,2,1.79
IT2,29/10/2024,Modena,Cremonese,2,2,D,2.25,1.62,2.26,1.62
IT2,29/10/2024,Reggiana,Cosenza,0,1,A,2.5,1.5,2.52,1.5
IT2,29/10/2024,Salernitana,Cesena,1,1,D,2.03,1.83,2,1.79
IT2,30/10/2024,Sudtirol,Frosinone,1,1,D,2.5,1.5,2.49,1.51
IT2,30/10/2024,Cittadella,Sampdoria,0,0,D,2.2,1.65,2.16,1.66
IT2,30/10/2024,Mantova,Palermo,0,0,D,1.93,1.93,1.89,1.87
IT2,30/10/2024,Pisa,Catanzaro,0,0,D,2.1,1.7,2.12,1.69
IT2,02/11/2024,Bari,Reggiana,2,2,D,2.15,1.67,2.14,1.68
IT2,02/11/2024,Carrarese,Juve Stabia,0,0,D,2.3,1.6,2.3,1.59
IT2,02/11/2024,Spezia,Modena,1,0,H,2.35,1.57,2.36,1.56
IT2,03/11/2024,Catanzaro,Frosinone,0,0,D,2.15,1.67,2.12,1.68
IT2,03/11/2024,Cesena,Sudtirol,1,0,H,2.35,1.57,2.33,1.57
IT2,03/11/2024,Cosenza,Salernitana,1,1,D,2.1,1.7,2.1,1.7
IT2,03/11/2024,Cremonese,Pisa,1,3,A,2.05,1.8,2,1.78
IT2,03/11/2024,Palermo,Cittadella,0,1,A,2,1.85,1.94,1.83
IT2,03/11/2024,Sampdoria,Brescia,0,1,A,1.98,1.88,1.94,1.83
IT2,03/11/2024,Sassuolo,Mantova,1,0,H,1.67,2.15,1.64,2.18
IT2,08/11/2024,Frosinone,Palermo,1,1,D,2.05,1.75,2.05,1.74
IT2,09/11/2024,Brescia,Cosenza,2,3,A,2.15,1.67,2.13,1.68
IT2,09/11/2024,Modena,Carrarese,2,0,H,2.3,1.6,2.32,1.58
IT2,09/11/2024,Pisa,Sampdoria,3,0,H,2.25,1.62,2.27,1.61
IT2,09/11/2024,Sudtirol,Sassuolo,0,1,A,2.1,1.7,2.13,1.69
IT2,09/11/2024,Mantova,Cremonese,1,0,H,1.83,2.03,1.8,1.98
IT2,10/11/2024,Cittadella,Cesena,0,2,A,2.05,1.75,2.02,1.76
IT2,10/11/2024,Juve Stabia,Spezia,0,3,A,2.4,1.53,2.4,1.54
IT2,10/11/2024,Reggiana,Catanzaro,2,2,D,2.2,1.65,2.2,1.64
IT2,10/11/2024,Salernitana,Bari,0,2,A,2.05,1.75,2.04,1.74
IT2,22/11/2024,Cosenza,Modena,1,1,D,2.35,1.57,2.38,1.56
IT2,23/11/2024,Carrarese,Pisa,1,0,H,2.4,1.53,2.4,1.54
IT2,23/11/2024,Catanzaro,Mantova,2,2,D,2,1.85,1.98,1.8
IT2,23/11/2024,Juve Stabia,Brescia,0,0,D,2.25,1.62,2.26,1.61
IT2,23/11/2024,Sassuolo,Salernitana,4,0,H,1.73,2.08,1.74,2.04
IT2,23/11/2024,Cesena,Reggiana,1,1,D,2.15,1.67,2.14,1.68
IT2,24/11/2024,Bari,Cittadella,3,2,H,2.15,1.67,2.13,1.68
IT2,24/11/2024,Cremonese,Frosinone,1,0,H,2.05,1.75,2.02,1.76
IT2,24/11/2024,Spezia,Sudtirol,3,0,H,2.6,1.48,2.5,1.49
IT2,24/11/2024,Palermo,Sampdoria,1,1,D,2.08,1.73,2.07,1.73
IT2,29/11/2024,Reggiana,Sassuolo,0,2,A,1.9,1.95,1.88,1.9
IT2,30/11/2024,Brescia,Bari,1,1,D,2.1,1.7,2.08,1.72
IT2,30/11/2024,Cittadella,Juve Stabia,2,2,D,2.35,1.57,2.37,1.55
IT2,30/11/2024,Sampdoria,Catanzaro,3,3,D,2.1,1.7,2.1,1.69
IT2,30/11/2024,Sudtirol,Cremonese,0,4,A,2.4,1.53,2.45,1.52
IT2,30/11/2024,Mantova,Modena,0,0,D,2.25,1.62,2.27,1.6
IT2,01/12/2024,Frosinone,Cesena,3,2,H,2.15,1.67,2.13,1.68
IT2,01/12/2024,Palermo,Spezia,2,0,H,2.25,1.62,2.22,1.62
IT2,01/12/2024,Pisa,Cosenza,2,2,D,2.2,1.65,2.21,1.63
IT2,01/12/2024,Salernitana,Carrarese,4,1,H,2.15,1.67,2.15,1.66
IT2,06/12/2024,Juve Stabia,Sudtirol,2,1,H,3.1,1.36,2.88,1.4
IT2,07/12/2024,Bari,Cesena,1,0,H,2.15,1.63,2.11,1.69
IT2,07/12/2024,Carrarese,Palermo,1,0,H,2.15,1.63,2.15,1.67
IT2,07/12/2024,Mantova,Pisa,2,3,A,2.2,1.65,2.18,1.65
IT2,07/12/2024,Modena,Salernitana,1,1,D,2.15,1.67,2.16,1.67
IT2,07/12/2024,Cosenza,Frosinone,0,1,A,2.3,1.6,2.27,1.6
IT2,08/12/2024,Catanzaro,Brescia,2,1,H,2.03,1.83,2,1.78
IT2,08/12/2024,Cremonese,Reggiana,0,2,A,2,1.85,1.96,1.82
IT2,08/12/2024,Spezia,Cittadella,5,0,H,2.15,1.67,2.16,1.66
IT2,08/12/2024,Sassuolo,Sampdoria,5,1,H,1.7,2.1,1.69,2.12
IT2,13/12/2024,Pisa,Bari,2,0,H,2.1,1.7,2.09,1.72
IT2,14/12/2024,Cesena,Cosenza,2,1,H,2.08,1.73,2.06,1.73
IT2,14/12/2024,Frosinone,Sassuolo,1,2,A,2,1.85,1.94,1.84
IT2,14/12/2024,Reggiana,Modena,0,1,A,2.35,1.57,2.35,1.57
IT2,14/12/2024,Sudtirol,Mantova,2,2,D,2.35,1.57,2.37,1.56
IT2,14/12/2024,Sampdoria,Spezia,0,0,D,2.25,1.62,2.25,1.62
IT2,15/12/2024,Brescia,Carrarese,0,0,D,2.08,1.73,2.07,1.73
IT2,15/12/2024,Cittadella,Cremonese,0,0,D,2.1,1.7,2.1,1.7
IT2,15/12/2024,Palermo,Catanzaro,1,2,A,1.98,1.88,1.94,1.83
IT2,15/12/2024,Salernitana,Juve Stabia,1,2,A,2.25,1.62,2.24,1.61
IT2,20/12/2024,Salernitana,Brescia,0,0,D,2.05,1.75,2.04,1.76
IT2,21/12/2024,Bari,Sudtirol,0,1,A,2.5,1.5,2.48,1.5
IT2,21/12/2024,Carrarese,Cosenza,1,0,H,2.35,1.57,2.36,1.56
IT2,21/12/2024,Mantova,Frosinone,3,1,H,2.15,1.67,2.14,1.68
IT2,21/12/2024,Sassuolo,Palermo,2,1,H,1.67,2.15,1.68,2.15
IT2,21/12/2024,Catanzaro,Spezia,0,1,A,2.25,1.62,2.24,1.62
IT2,21/12/2024,Cittadella,Reggiana,3,1,H,2.4,1.53,2.39,1.54
IT2,21/12/2024,Modena,Pisa,1,0,H,2.7,1.44,2.64,1.46
IT2,22/12/2024,Juve Stabia,Cesena,1,0,H,2.25,1.62,2.25,1.61
IT2,22/12/2024,Cremonese,Sampdoria,1,1,D,1.98,1.88,1.92,1.84
IT2,26/12/2024,Pisa,Sassuolo,3,1,H,2,1.85,1.94,1.82
IT2,26/12/2024,Brescia,Modena,3,3,D,2.4,1.53,2.35,1.55
IT2,26/12/2024,Cesena,Cremonese,0,1,A,2.25,1.62,2.2,1.63
IT2,26/12/2024,Cosenza,Catanzaro,1,1,D,2.2,1.65,2.19,1.63
IT2,26/12/2024,Frosinone,Salernitana,2,0,H,2.2,1.65,2.19,1.64
IT2,26/12/2024,Reggiana,Juve Stabia,2,1,H,2.4,1.53,2.43,1.52
IT2,26/12/2024,Spezia,Mantova,1,1,D,1.93,1.93,1.89,1.87
IT2,26/12/2024,Sudtirol,Cittadella,1,2,A,2.7,1.44,2.64,1.45
IT2,26/12/2024,Palermo,Bari,1,0,H,2.03,1.83,1.98,1.79
IT2,26/12/2024,Sampdoria,Carrarese,1,1,D,2.08,1.73,2.07,1.71
IT2,29/12/2024,Cremonese,Brescia,1,1,D,2.08,1.73,2.06,1.72
IT2,29/12/2024,Bari,Spezia,2,0,H,2.4,1.53,2.37,1.55
IT2,29/12/2024,Carrarese,Cesena,2,0,H,2.4,1.53,2.36,1.55
IT2,29/12/2024,Mantova,Reggiana,0,2,A,2.25,1.62,2.28,1.59
IT2,29/12/2024,Modena,Sudtirol,0,0,D,2.4,1.53,2.42,1.53
IT2,29/12/2024,Sassuolo,Cosenza,2,1,H,1.75,2.05,1.75,2.03
IT2,29/12/2024,Catanzaro,Salernitana,1,0,H,2.08,1.73,2.07,1.72
IT2,29/12/2024,Cittadella,Palermo,2,1,H,2.2,1.65,2.17,1.65
IT2,29/12/2024,Juve Stabia,Frosinone,1,1,D,2.5,1.5,2.48,1.5
IT2,29/12/2024,Sampdoria,Pisa,0,1,A,2.05,1.8,2.04,1.74
IT2,12/01/2025,Salernitana,Sassuolo,1,2,A,1.85,2,1.82,1.94
IT2,12/01/2025,Cosenza,Mantova,2,2,D,2.08,1.73,2.07,1.72
IT2,12/01/2025,Frosinone,Cremonese,0,3,A,2.25,1.62,2.26,1.6
IT2,12/01/2025,Palermo,Modena,2,0,H,2.25,1.62,2.27,1.59
IT2,12/01/2025,Reggiana,Bari,0,0,D,2.25,1.62,2.26,1.6
IT2,12/01/2025,Spezia,Juve Stabia,1,1,D,2.35,1.57,2.33,1.56
IT2,12/01/2025,Sudtirol,Catanzaro,1,1,D,2.4,1.53,2.42,1.53
IT2,12/01/2025,Cesena,Cittadella,0,0,D,2.2,1.65,2.18,1.64
IT2,12/01/2025,Brescia,Sampdoria,1,1,D,2.08,1.73,2.05,1.72
IT2,13/01/2025,Pisa,Carrarese,2,1,H,2.25,1.62,2.23,1.61
IT2,17/01/2025,Sampdoria,Cesena,1,2,A,2.4,1.53,2.38,1.55
IT2,18/01/2025,Cittadella,Mantova,1,2,A,2.15,1.67,2.14,1.67
IT2,18/01/2025,Cremonese,Cosenza,3,1,H,2.05,1.75,2.01,1.76
IT2,18/01/2025,Modena,Frosinone,1,1,D,2.4,1.53,2.43,1.53
IT2,18/01/2025,Salernitana,Reggiana,2,1,H,2.35,1.57,2.31,1.58
IT2,18/01/2025,Bari,Brescia,2,2,D,2.25,1.62,2.25,1.61
IT2,19/01/2025,Catanzaro,Pisa,0,0,D,2.25,1.62,2.22,1.62
IT2,19/01/2025,Palermo,Juve Stabia,1,0,H,2.15,1.67,2.14,1.67
IT2,19/01/2025,Sassuolo,Sudtirol,5,3,H,1.88,1.98,1.83,1.94
IT2,19/01/2025,Carrarese,Spezia,0,4,A,2.5,1.5,2.44,1.51
IT2,24/01/2025,Spezia,Sassuolo,2,1,H,2.05,1.8,1.99,1.8
IT2,25/01/2025,Cesena,Bari,1,1,D,2.25,1.62,2.21,1.63
IT2,25/01/2025,Cosenza,Cittadella,0,1,A,2.3,1.6,2.3,1.58
IT2,25/01/2025,Frosinone,Sudtirol,0,3,A,2.5,1.5,2.51,1.48
IT2,25/01/2025,Juve Stabia,Carrarese,2,1,H,2.5,1.47,2.48,1.5
IT2,25/01/2025,Mantova,Sampdoria,2,2,D,2.05,1.8,2.02,1.76
IT2,26/01/2025,Brescia,Catanzaro,2,3,A,2.15,1.67,2.11,1.69
IT2,26/01/2025,Pisa,Salernitana,1,0,H,2.05,1.75,2.02,1.76
IT2,26/01/2025,Reggiana,Palermo,2,1,H,2.25,1.62,2.24,1.61
IT2,26/01/2025,Cremonese,Modena,2,2,D,2.35,1.57,2.36,1.55
IT2,31/01/2025,Palermo,Pisa,1,2,A,2.2,1.65,2.21,1.64
IT2,01/02/2025,Catanzaro,Cesena,4,2,H,2.25,1.62,2.26,1.61
IT2,01/02/2025,Cittadella,Spezia,0,2,A,2.2,1.65,2.2,1.64
IT2,01/02/2025,Sampdoria,Cosenza,1,0,H,2.25,1.62,2.24,1.62
IT2,01/02/2025,Sassuolo,Juve Stabia,2,0,H,1.93,1.93,1.88,1.89
IT2,01/02/2025,Modena,Mantova,3,1,H,2.08,1.73,2.07,1.72
IT2,02/02/2025,Carrarese,Brescia,1,2,A,2.25,1.62,2.26,1.6
IT2,02/02/2025,Salernitana,Cremonese,1,0,H,2.15,1.67,2.12,1.68
IT2,02/02/2025,Sudtirol,Reggiana,2,0,H,2.88,1.4,2.69,1.43
IT2,02/02/2025,Bari,Frosinone,2,1,H,2.3,1.6,2.31,1.58
IT2,07/02/2025,Brescia,Salernitana,0,0,D,2.15,1.67,2.14,1.68
IT2,08/02/2025,Cosenza,Carrarese,1,0,H,2.25,1.62,2.29,1.59
IT2,08/02/2025,Frosinone,Catanzaro,1,1,D,2.3,1.6,2.29,1.59
IT2,08/02/2025,Mantova,Sassuolo,0,3,A,1.8,2,1.77,2.01
IT2,08/02/2025,Pisa,Cittadella,0,1,A,2.15,1.67,2.13,1.67
IT2,08/02/2025,Sampdoria,Modena,1,0,H,2.35,1.57,2.33,1.57
IT2,09/02/2025,Cremonese,Sudtirol,3,1,H,2.2,1.65,2.21,1.63
IT2,09/02/2025,Reggiana,Cesena,0,1,A,2.5,1.5,2.51,1.49
IT2,09/02/2025,Spezia,Palermo,2,2,D,2.08,1.73,2.07,1.72
IT2,09/02/2025,Juve Stabia,Bari,3,1,H,2.5,1.5,2.45,1.52
IT2,14/02/2025,Catanzaro,Cittadella,1,0,H,2.1,1.7,2.15,1.68
IT2,15/02/2025,Carrarese,Salernitana,3,2,H,2.3,1.6,2.27,1.61
IT2,15/02/2025,Modena,Spezia,1,1,D,2.4,1.53,2.4,1.55
IT2,15/02/2025,Sassuolo,Brescia,2,0,H,1.6,2.3,1.6,2.29
IT2,15/02/2025,Sudtirol,Sampdoria,2,1,H,2.4,1.53,2.39,1.55
IT2,15/02/2025,Bari,Cremonese,1,1,D,2.15,1.67,2.16,1.66
IT2,16/02/2025,Frosinone,Reggiana,1,1,D,2.6,1.48,2.57,1.48
IT2,16/02/2025,Juve Stabia,Cosenza,3,0,H,2.4,1.53,2.41,1.54
IT2,16/02/2025,Palermo,Mantova,2,2,D,1.9,1.95,1.86,1.91
IT2,16/02/2025,Cesena,Pisa,1,1,D,2.3,1.6,2.28,1.6
IT2,21/02/2025,Sampdoria,Sassuolo,0,0,D,2.08,1.73,2.12,1.7
IT2,22/02/2025,Cittadella,Modena,0,2,A,2.4,1.53,2.41,1.54
IT2,22/02/2025,Mantova,Bari,0,1,A,2.05,1.75,2.03,1.76
IT2,22/02/2025,Pisa,Juve Stabia,3,1,H,2.4,1.53,2.46,1.52
IT2,22/02/2025,Reggiana,Carrarese,2,2,D,2.5,1.5,2.52,1.49
IT2,22/02/2025,Cremonese,Cesena,1,2,A,2.1,1.7,2.09,1.71
IT2,23/02/2025,Brescia,Sudtirol,0,0,D,2.3,1.6,2.31,1.59
IT2,23/02/2025,Cosenza,Palermo,0,3,A,2.15,1.67,2.14,1.67
IT2,23/02/2025,Spezia,Catanzaro,0,1,A,1.98,1.88,1.93,1.85
IT2,23/02/2025,Salernitana,Frosinone,1,1,D,2.2,1.65,2.17,1.65
IT2,28/02/2025,Sudtirol,Spezia,1,1,D,2.3,1.6,2.3,1.6
IT2,01/03/2025,Carrarese,Cremonese,2,2,D,2.15,1.67,2.15,1.67
IT2,01/03/2025,Cesena,Salernitana,2,0,H,2.3,1.6,2.3,1.6
IT2,01/03/2025,Frosinone,Mantova,2,1,H,2.15,1.67,2.13,1.69
IT2,01/03/2025,Juve Stabia,Cittadella,0,1,A,2.35,1.57,2.34,1.57
IT2,01/03/2025,Sassuolo,Pisa,1,0,H,2.15,1.67,2.15,1.67
IT2,02/03/2025,Catanzaro,Reggiana,1,1,D,2.35,1.57,2.35,1.56
IT2,02/03/2025,Modena,Cosenza,1,1,D,2.25,1.62,2.22,1.63
IT2,02/03/2025,Palermo,Brescia,1,0,H,1.95,1.9,1.92,1.86
IT2,02/03/2025,Bari,Sampdoria,1,1,D,2.4,1.53,2.44,1.52
IT2,07/03/2025,Cosenza,Reggiana,1,0,H,2.6,1.48,2.55,1.49
IT2,08/03/2025,Carrarese,Frosinone,0,1,A,2.5,1.5,2.5,1.5
IT2,08/03/2025,Cremonese,Catanzaro,4,0,H,1.98,1.88,1.94,1.84
IT2,08/03/2025,Mantova,Juve Stabia,1,1,D,2.35,1.57,2.31,1.58
IT2,08/03/2025,Salernitana,Modena,1,0,H,2.25,1.62,2.28,1.61
IT2,08/03/2025,Sampdoria,Palermo,1,1,D,2.1,1.7,2.12,1.69
IT2,08/03/2025,Brescia,Cesena,1,1,D,2.4,1.53,2.46,1.52
IT2,09/03/2025,Sassuolo,Bari,1,1,D,1.98,1.88,1.91,1.85
IT2,09/03/2025,Spezia,Pisa,3,2,H,2.35,1.57,2.31,1.58
IT2,09/03/2025,Cittadella,Sudtirol,1,5,A,2.5,1.5,2.5,1.5
IT2,14/03/2025,Palermo,Cremonese,2,3,A,2.1,1.7,2.12,1.69
IT2,15/03/2025,Cesena,Spezia,0,0,D,2.35,1.57,2.31,1.58
IT2,15/03/2025,Cittadella,Sassuolo,1,2,A,2,1.85,1.97,1.8
IT2,15/03/2025,Frosinone,Brescia,2,1,H,2.35,1.57,2.33,1.57
IT2,15/03/2025,Juve Stabia,Modena,2,1,H,2.4,1.53,2.44,1.52
IT2,15/03/2025,Bari,Salernitana,0,0,D,2.25,1.58,2.24,1.62
IT2,16/03/2025,Pisa,Mantova,3,1,H,2,1.85,1.95,1.82
IT2,16/03/2025,Reggiana,Sampdoria,2,2,D,2.5,1.5,2.52,1.49
IT2,16/03/2025,Sudtirol,Carrarese,2,2,D,2.4,1.53,2.37,1.54
IT2,16/03/2025,Catanzaro,Cosenza,4,0,H,2.15,1.63,2.16,1.66
IT2,28/03/2025,Spezia,Brescia,0,1,A,2.05,1.8,1.98,1.79
IT2,29/03/2025,Cosenza,Pisa,0,3,A,2.5,1.5,2.45,1.52
IT2,29/03/2025,Mantova,Sudtirol,2,0,H,2.4,1.53,2.33,1.57
IT2,29/03/2025,Modena,Catanzaro,2,1,H,2.25,1.62,2.26,1.61
IT2,29/03/2025,Sampdoria,Frosinone,0,3,A,2.3,1.6,2.27,1.6
IT2,29/03/2025,Cremonese,Cittadella,2,2,D,1.83,2.03,1.78,2
IT2,29/03/2025,Sassuolo,Reggiana,5,1,H,2.03,1.83,1.97,1.8
IT2,30/03/2025,Carrarese,Bari,2,1,H,2.25,1.62,2.23,1.62
IT2,30/03/2025,Cesena,Juve Stabia,1,2,A,2.5,1.5,2.47,1.5
IT2,30/03/2025,Salernitana,Palermo,1,2,A,2.15,1.67,2.14,1.67
IT2,04/04/2025,Reggiana,Cremonese,1,2,A,2.35,1.57,2.41,1.55
IT2,05/04/2025,Brescia,Mantova,1,2,A,2.08,1.73,2.05,1.73
IT2,05/04/2025,Cittadella,Carrarese,0,0,D,2.35,1.57,2.38,1.55
IT2,05/04/2025,Frosinone,Cosenza,2,2,D,2.25,1.62,2.24,1.62
IT2,05/04/2025,Sudtirol,Cesena,1,1,D,2.4,1.53,2.42,1.51
IT2,05/04/2025,Pisa,Modena,1,2,A,2.35,1.57,2.35,1.56
IT2,05/04/2025,Juve Stabia,Salernitana,1,0,H,2.4,1.53,2.39,1.54
IT2,06/04/2025,Catanzaro,Bari,3,3,D,2.15,1.67,2.17,1.65
IT2,06/04/2025,Palermo,Sassuolo,5,3,H,2.03,1.83,1.98,1.8
IT2,06/04/2025,Spezia,Sampdoria,2,0,H,2,1.85,1.94,1.83
IT2,11/04/2025,Bari,Palermo,2,1,H,1.95,1.9,1.91,1.87
IT2,12/04/2025,Carrarese,Catanzaro,2,2,D,2.05,1.75,2.04,1.74
IT2,12/04/2025,Cosenza,Brescia,1,1,D,2.2,1.65,2.2,1.64
IT2,12/04/2025,Reggiana,Pisa,0,2,A,2.3,1.6,2.33,1.57
IT2,12/04/2025,Salernitana,Sudtirol,2,1,H,2.2,1.65,2.2,1.63
IT2,12/04/2025,Sampdoria,Cittadella,1,0,H,2.05,1.75,2.01,1.77
IT2,12/04/2025,Modena,Sassuolo,1,3,A,2.05,1.8,2,1.79
IT2,13/04/2025,Cesena,Frosinone,1,1,D,2.4,1.53,2.39,1.54
IT2,13/04/2025,Cremonese,Juve Stabia,1,1,D,2.03,1.83,1.99,1.79
IT2,13/04/2025,Mantova,Spezia,2,2,D,1.9,1.95,1.83,1.94
IT2,25/04/2025,Frosinone,Spezia,2,2,D,1.88,1.98,1.91,1.87
IT2,25/04/2025,Bari,Modena,1,2,A,2.15,1.67,2.18,1.66
IT2,25/04/2025,Brescia,Pisa,1,2,A,2.15,1.67,2.11,1.7
IT2,25/04/2025,Carrarese,Sampdoria,1,0,H,2.25,1.62,2.26,1.61
IT2,25/04/2025,Reggiana,Cittadella,2,1,H,2.3,1.6,2.29,1.6
IT2,25/04/2025,Salernitana,Cosenza,3,1,H,2.05,1.8,2.02,1.77
IT2,25/04/2025,Cremonese,Mantova,4,2,H,1.6,2.3,1.6,2.29
IT2,25/04/2025,Cesena,Sassuolo,0,2,A,2,1.85,1.98,1.81
IT2,27/04/2025,Catanzaro,Palermo,1,3,A,1.93,1.93,1.88,1.88
IT2,27/04/2025,Sudtirol,Juve Stabia,2,0,H,2.5,1.5,2.49,1.51
IT2,01/05/2025,Juve Stabia,Catanzaro,2,0,H,1.85,2,1.83,1.94
IT2,01/05/2025,Cosenza,Bari,1,0,H,2.1,1.7,2.14,1.67
IT2,01/05/2025,Mantova,Cesena,3,0,H,1.95,1.9,1.92,1.85
IT2,01/05/2025,Modena,Reggiana,2,3,A,2.4,1.53,2.36,1.55
IT2,01/05/2025,Palermo,Sudtirol,1,2,A,2.15,1.67,2.17,1.66
IT2,01/05/2025,Pisa,Frosinone,1,0,H,2.1,1.7,2.11,1.69
IT2,01/05/2025,Sampdoria,Cremonese,0,0,D,2.05,1.75,2.04,1.74
IT2,01/05/2025,Spezia,Salernitana,2,0,H,2.03,1.83,2,1.78
IT2,01/05/2025,Cittadella,Brescia,0,1,A,2.1,1.7,2.12,1.68
IT2,01/05/2025,Sassuolo,Carrarese,2,0,H,1.73,2.08,1.74,2.03
IT2,04/05/2025,Bari,Pisa,1,0,H,2.25,1.62,2.24,1.61
IT2,04/05/2025,Brescia,Juve Stabia,0,0,D,2.35,1.57,2.36,1.56
IT2,04/05/2025,Carrarese,Modena,2,1,H,2.07,1.69,2.05,1.73
IT2,04/05/2025,Catanzaro,Sampdoria,2,2,D,1.98,1.88,1.92,1.85
IT2,04/05/2025,Cesena,Palermo,2,1,H,2.1,1.67,2.09,1.7
IT2,04/05/2025,Frosinone,Cittadella,1,1,D,2.5,1.47,2.49,1.5
IT2,04/05/2025,Reggiana,Spezia,2,1,H,2.4,1.5,2.42,1.53
IT2,04/05/2025,Salernitana,Mantova,2,0,H,2.1,1.67,2.13,1.68
IT2,04/05/2025,Sudtirol,Cosenza,2,1,H,2.2,1.65,2.2,1.63
IT2,04/05/2025,Cremonese,Sassuolo,1,1,D,1.88,1.98,1.83,1.94
IT2,09/05/2025,Cittadella,Bari,3,1,H,2.15,1.67,2.12,1.69
IT2,09/05/2025,Cosenza,Cesena,0,1,A,2.03,1.83,2.01,1.78
IT2,09/05/2025,Juve Stabia,Reggiana,1,2,A,2.5,1.5,2.44,1.53
IT2,09/05/2025,Mantova,Carrarese,2,1,H,1.93,1.93,1.91,1.87
IT2,09/05/2025,Modena,Brescia,2,2,D,2.25,1.62,2.3,1.59
IT2,09/05/2025,Palermo,Frosinone,2,0,H,1.87,1.87,1.89,1.88
IT2,09/05/2025,Pisa,Sudtirol,3,3,D,2.1,1.7,2.15,1.68
IT2,09/05/2025,Sampdoria,Salernitana,1,0,H,2.1,1.7,2.1,1.71
IT2,09/05/2025,Sassuolo,Catanzaro,0,2,A,1.65,2.2,1.62,2.23
IT2,09/05/2025,Spezia,Cremonese,2,3,A,1.75,2.05,1.74,2.04
IT2,13/05/2025,Brescia,Reggiana,2,1,H,1.95,1.85,1.95,1.83
IT2,13/05/2025,Cittadella,Salernitana,0,2,A,1.98,1.83,1.97,1.81
IT2,13/05/2025,Juve Stabia,Sampdoria,0,0,D,2.2,1.65,2.2,1.64
IT2,13/05/2025,Mantova,Catanzaro,0,0,D,1.73,2.08,1.71,2.09
IT2,13/05/2025,Modena,Cesena,0,1,A,2.3,1.6,2.24,1.62
IT2,13/05/2025,Palermo,Carrarese,1,1,D,1.67,2.15,1.67,2.15
IT2,13/05/2025,Pisa,Cremonese,2,1,H,2,1.8,1.97,1.81
IT2,13/05/2025,Sassuolo,Frosinone,0,1,A,1.73,2.08,1.73,2.06
IT2,13/05/2025,Spezia,Cosenza,3,1,H,1.48,2.6,1.49,2.5
IT2,13/05/2025,Sudtirol,Bari,0,0,D,2,1.8,1.97,1.81
IT2,18/08/2023,Bari,Palermo,0,0,D,2.15,1.67,2.14,1.67
IT2,19/08/2023,Cosenza,Ascoli,3,0,H,2.35,1.57,2.35,1.57
IT2,19/08/2023,Cremonese,Catanzaro,0,0,D,1.98,1.88,1.92,1.84
IT2,19/08/2023,Ternana,Sampdoria,1,2,A,2.03,1.83,1.96,1.81
IT2,20/08/2023,Sudtirol,Spezia,3,3,D,2.4,1.53,2.4,1.54
IT2,20/08/2023,Cittadella,Reggiana,1,0,H,2.25,1.62,2.24,1.62
IT2,20/08/2023,Parma,FeralpiSalo,2,0,H,2.1,1.7,2.11,1.69
IT2,20/08/2023,Venezia,Como,3,0,H,2.05,1.75,2.03,1.76
IT2,25/08/2023,Sampdoria,Pisa,0,2,A,2.3,1.6,2.31,1.6
IT2,26/08/2023,Venezia,Cosenza,1,1,D,2.1,1.7,2.12,1.69
IT2,26/08/2023,Como,Reggiana,2,2,D,2.1,1.7,2.12,1.7
IT2,26/08/2023,Cremonese,Bari,0,1,A,2.15,1.67,2.15,1.67
IT2,26/08/2023,FeralpiSalo,Sudtirol,0,2,A,2.25,1.62,2.28,1.6
IT2,26/08/2023,Modena,Ascoli,1,0,H,2.2,1.65,2.21,1.64
IT2,26/08/2023,Parma,Cittadella,2,0,H,2.2,1.65,2.22,1.64
IT2,27/08/2023,Catanzaro,Ternana,2,1,H,2.1,1.7,2.11,1.7
IT2,29/08/2023,Ascoli,FeralpiSalo,3,0,H,2.2,1.65,2.18,1.66
IT2,29/08/2023,Cosenza,Modena,1,2,A,2.15,1.67,2.21,1.64
IT2,29/08/2023,Pisa,Parma,1,2,A,2.3,1.6,2.29,1.6
IT2,29/08/2023,Reggiana,Palermo,1,3,A,2.25,1.62,2.27,1.61
IT2,30/08/2023,Bari,Cittadella,1,1,D,2.4,1.53,2.45,1.53
IT2,30/08/2023,Catanzaro,Spezia,3,0,H,2.15,1.67,2.17,1.67
IT2,30/08/2023,Sampdoria,Venezia,1,2,A,2.03,1.83,2,1.79
IT2,30/08/2023,Ternana,Cremonese,0,1,A,2.15,1.67,2.17,1.67
IT2,02/09/2023,Modena,Pisa,2,0,H,2.25,1.62,2.29,1.6
IT2,02/09/2023,Palermo,FeralpiSalo,3,0,H,2.08,1.73,2.1,1.71
IT2,02/09/2023,Parma,Reggiana,0,0,D,2.08,1.73,2.07,1.73
IT2,02/09/2023,Sudtirol,Ascoli,3,1,H,2.6,1.48,2.62,1.47
IT2,03/09/2023,Brescia,Cosenza,1,0,H,2.3,1.58,2.3,1.58
IT2,03/09/2023,Cremonese,Sampdoria,1,1,D,2.05,1.75,2.05,1.75
IT2,03/09/2023,Lecco,Catanzaro,3,4,A,1.85,1.95,1.85,1.95
IT2,03/09/2023,Spezia,Como,0,1,A,2,1.85,1.97,1.82
IT2,03/09/2023,Ternana,Bari,0,0,D,2.2,1.65,2.21,1.64
IT2,03/09/2023,Cittadella,Venezia,0,0,D,2.25,1.62,2.28,1.61
IT2,15/09/2023,Venezia,Spezia,1,0,H,1.93,1.93,1.86,1.91
IT2,16/09/2023,Ascoli,Palermo,0,1,A,2.15,1.67,2.14,1.68
IT2,16/09/2023,Cosenza,Sudtirol,2,2,D,2.7,1.44,2.61,1.47
IT2,16/09/2023,FeralpiSalo,Modena,1,1,D,2.15,1.67,2.14,1.68
IT2,16/09/2023,Lecco,Brescia,0,2,A,2.15,1.67,2.16,1.67
IT2,16/09/2023,Pisa,Bari,1,1,D,2.2,1.65,2.21,1.64
IT2,16/09/2023,Reggiana,Cremonese,2,2,D,2.2,1.65,2.25,1.62
IT2,17/09/2023,Catanzaro,Parma,0,5,A,2.1,1.7,2.14,1.68
IT2,17/09/2023,Como,Ternana,2,1,H,2.03,1.83,1.98,1.8
IT2,18/09/2023,Sampdoria,Cittadella,1,2,A,2.15,1.67,2.16,1.67
IT2,22/09/2023,Palermo,Cosenza,0,1,A,2.05,1.75,2.04,1.76
IT2,23/09/2023,Brescia,Venezia,0,0,D,2.35,1.57,2.32,1.59
IT2,23/09/2023,Cremonese,Ascoli,2,2,D,2.08,1.73,2.09,1.72
IT2,23/09/2023,FeralpiSalo,Pisa,0,1,A,2.25,1.62,2.25,1.62
IT2,23/09/2023,Modena,Lecco,0,0,D,2.05,1.75,2.07,1.73
IT2,23/09/2023,Ternana,Sudtirol,1,1,D,2.3,1.6,2.29,1.6
IT2,23/09/2023,Spezia,Reggiana,1,2,A,2.03,1.83,2.01,1.78
IT2,24/09/2023,Bari,Catanzaro,2,2,D,2.35,1.57,2.4,1.55
IT2,24/09/2023,Cittadella,Como,0,3,A,2.1,1.7,2.1,1.71
IT2,24/09/2023,Parma,Sampdoria,1,1,D,2.05,1.75,2.06,1.74
IT2,26/09/2023,Cosenza,Cremonese,1,2,A,2.05,1.75,2.06,1.74
IT2,26/09/2023,Lecco,FeralpiSalo,1,2,A,2.35,1.57,2.37,1.56
IT2,26/09/2023,Ascoli,Ternana,2,0,H,2.3,1.6,2.26,1.62
IT2,26/09/2023,Reggiana,Pisa,0,0,D,2.2,1.65,2.22,1.64
IT2,26/09/2023,Spezia,Brescia,0,0,D,2.05,1.8,2.01,1.78
IT2,26/09/2023,Sudtirol,Modena,0,0,D,2.6,1.48,2.58,1.49
IT2,26/09/2023,Venezia,Palermo,1,3,A,2.03,1.83,2,1.79
IT2,27/09/2023,Catanzaro,Cittadella,1,1,D,2.1,1.7,2.12,1.7
IT2,27/09/2023,Como,Sampdoria,1,0,H,2.03,1.83,1.99,1.79
IT2,27/09/2023,Parma,Bari,2,1,H,2.1,1.7,2.08,1.72
IT2,30/09/2023,Brescia,Ascoli,1,1,D,2.3,1.6,2.31,1.59
IT2,30/09/2023,FeralpiSalo,Spezia,1,2,A,2.25,1.62,2.25,1.62
IT2,30/09/2023,Modena,Venezia,1,3,A,2.03,1.83,2,1.78
IT2,30/09/2023,Pisa,Cosenza,1,2,A,2.1,1.7,2.08,1.7
IT2,30/09/2023,Ternana,Reggiana,3,0,H,2.15,1.67,2.17,1.66
IT2,01/10/2023,Bari,Como,1,1,D,2.25,1.62,2.22,1.64
IT2,01/10/2023,Cittadella,Lecco,2,1,H,2.05,1.75,2.03,1.75
IT2,01/10/2023,Palermo,Sudtirol,2,1,H,2.15,1.67,2.16,1.67
IT2,01/10/2023,Sampdoria,Catanzaro,1,2,A,2.03,1.83,1.98,1.79
IT2,01/10/2023,Cremonese,Parma,1,2,A,2,1.85,1.97,1.79
IT2,06/10/2023,Brescia,FeralpiSalo,1,1,D,2.35,1.57,2.36,1.57
IT2,07/10/2023,Cosenza,Lecco,3,0,H,2.08,1.73,2.06,1.74
IT2,07/10/2023,Modena,Palermo,0,2,A,2.1,1.7,2.12,1.7
IT2,07/10/2023,Reggiana,Bari,1,1,D,2.2,1.65,2.21,1.64
IT2,07/10/2023,Sudtirol,Catanzaro,0,1,A,2.3,1.6,2.31,1.59
IT2,07/10/2023,Ascoli,Sampdoria,1,1,D,2.1,1.7,2.13,1.69
IT2,07/10/2023,Cittadella,Ternana,2,2,D,2.2,1.65,2.2,1.64
IT2,07/10/2023,Venezia,Parma,3,2,H,2.03,1.83,2,1.78
IT2,08/10/2023,Como,Cremonese,1,3,A,2.05,1.75,2.02,1.76
IT2,08/10/2023,Spezia,Pisa,0,0,D,2.1,1.7,2.13,1.69
IT2,20/10/2023,Parma,Como,2,1,H,2.05,1.8,2.01,1.77
IT2,21/10/2023,Bari,Modena,1,1,D,2.35,1.57,2.36,1.56
IT2,21/10/2023,Cremonese,Sudtirol,0,1,A,2.08,1.73,2.08,1.72
IT2,21/10/2023,Lecco,Ascoli,0,2,A,2.15,1.67,2.11,1.7
IT2,21/10/2023,Pisa,Cittadella,2,1,H,2.25,1.62,2.26,1.61
IT2,21/10/2023,Ternana,Brescia,0,1,A,2.15,1.67,2.17,1.66
IT2,21/10/2023,Catanzaro,FeralpiSalo,3,0,H,2,1.85,1.97,1.81
IT2,22/10/2023,Sampdoria,Cosenza,2,0,H,2.03,1.83,2,1.78
IT2,22/10/2023,Reggiana,Venezia,1,0,H,2.05,1.75,2.05,1.75
IT2,23/10/2023,Palermo,Spezia,2,2,D,2,1.85,1.95,1.8
IT2,24/10/2023,Brescia,Modena,0,1,A,2.35,1.57,2.3,1.59
IT2,24/10/2023,Pisa,Lecco,1,2,A,2.05,1.75,2.06,1.74
IT2,27/10/2023,Cittadella,Cremonese,1,2,A,2.08,1.73,2.1,1.72
IT2,28/10/2023,Como,Catanzaro,1,0,H,2.05,1.75,2.02,1.77
IT2,28/10/2023,FeralpiSalo,Reggiana,0,3,A,2.3,1.6,2.29,1.6
IT2,28/10/2023,Spezia,Cosenza,0,0,D,2.05,1.75,2.07,1.74
IT2,28/10/2023,Sudtirol,Sampdoria,3,1,H,2.05,1.75,2.04,1.76
IT2,28/10/2023,Ascoli,Parma,1,3,A,2.1,1.7,2.14,1.69
IT2,29/10/2023,Brescia,Bari,1,2,A,2.5,1.5,2.46,1.51
IT2,29/10/2023,Modena,Ternana,2,1,H,2.08,1.73,2.05,1.74
IT2,29/10/2023,Palermo,Lecco,1,2,A,1.73,2.08,1.74,2.06
IT2,29/10/2023,Venezia,Pisa,2,1,H,2.1,1.7,2.14,1.69
IT2,04/11/2023,Bari,Ascoli,1,0,H,2.4,1.53,2.42,1.53
IT2,04/11/2023,Catanzaro,Modena,1,2,A,2.05,1.75,2.03,1.77
IT2,04/11/2023,Cittadella,Brescia,3,2,H,2.4,1.53,2.43,1.53
IT2,04/11/2023,Cosenza,FeralpiSalo,1,1,D,2.15,1.67,2.16,1.67
IT2,04/11/2023,Pisa,Como,1,1,D,2.15,1.67,2.15,1.67
IT2,04/11/2023,Ternana,Venezia,0,1,A,2.05,1.75,2.02,1.77
IT2,04/11/2023,Sampdoria,Palermo,1,0,H,2.05,1.8,2.02,1.77
IT2,05/11/2023,Cremonese,Spezia,3,0,H,2.03,1.83,2,1.79
IT2,05/11/2023,Parma,Sudtirol,2,0,H,2.15,1.67,2.15,1.68
IT2,05/11/2023,Reggiana,Lecco,1,1,D,2.03,1.83,2,1.78
IT2,08/11/2023,Lecco,Spezia,0,0,D,1.98,1.88,1.94,1.84
IT2,08/11/2023,Palermo,Brescia,1,0,H,1.95,1.9,1.92,1.86
IT2,10/11/2023,Venezia,Catanzaro,2,1,H,1.98,1.88,1.92,1.86
IT2,11/11/2023,Ascoli,Como,0,1,A,2.3,1.6,2.3,1.6
IT2,11/11/2023,Cosenza,Reggiana,2,0,H,2.1,1.7,2.13,1.69
IT2,11/11/2023,FeralpiSalo,Bari,3,3,D,2.5,1.5,2.49,1.52
IT2,11/11/2023,Sudtirol,Pisa,1,2,A,2.5,1.5,2.52,1.5
IT2,11/11/2023,Modena,Sampdoria,0,2,A,2.2,1.65,2.2,1.65
IT2,12/11/2023,Brescia,Cremonese,0,3,A,2.05,1.75,2.07,1.73
IT2,12/11/2023,Lecco,Parma,3,2,H,1.9,1.95,1.87,1.91
IT2,12/11/2023,Palermo,Cittadella,0,1,A,2.03,1.83,2,1.78
IT2,12/11/2023,Spezia,Ternana,2,2,D,1.95,1.9,1.93,1.85
IT2,24/11/2023,Sampdoria,Spezia,2,1,H,2.05,1.75,2.06,1.75
IT2,25/11/2023,Bari,Venezia,0,3,A,2.15,1.67,2.12,1.7
IT2,25/11/2023,Cittadella,Sudtirol,2,1,H,2.6,1.48,2.61,1.47
IT2,25/11/2023,Como,FeralpiSalo,2,1,H,2,1.85,1.99,1.8
IT2,25/11/2023,Cremonese,Lecco,1,0,H,1.67,2.15,1.65,2.19
IT2,25/11/2023,Parma,Modena,1,1,D,2.25,1.62,2.23,1.63
IT2,25/11/2023,Reggiana,Ascoli,1,1,D,2.25,1.62,2.31,1.59
IT2,25/11/2023,Pisa,Brescia,1,1,D,2.35,1.57,2.31,1.58
IT2,26/11/2023,Catanzaro,Cosenza,2,0,H,2,1.85,1.96,1.82
IT2,26/11/2023,Ternana,Palermo,1,1,D,2.08,1.73,2.03,1.76
IT2,28/11/2023,Como,Lecco,0,0,D,1.85,2,1.81,1.98
IT2,28/11/2023,Sudtirol,Brescia,1,1,D,2.7,1.44,2.66,1.46
IT2,01/12/2023,Palermo,Catanzaro,1,2,A,1.93,1.93,1.88,1.9
IT2,02/12/2023,Cosenza,Ternana,1,3,A,2.08,1.73,2.08,1.72
IT2,02/12/2023,FeralpiSalo,Cittadella,0,1,A,2.4,1.53,2.42,1.54
IT2,02/12/2023,Modena,Reggiana,2,1,H,1.98,1.88,1.95,1.83
IT2,02/12/2023,Pisa,Cremonese,0,0,D,2,1.85,1.97,1.81
IT2,02/12/2023,Venezia,Ascoli,3,1,H,2.2,1.65,2.17,1.67
IT2,02/12/2023,Spezia,Parma,0,1,A,2.03,1.83,1.99,1.79
IT2,03/12/2023,Brescia,Sampdoria,3,1,H,2.25,1.62,2.29,1.6
IT2,03/12/2023,Lecco,Bari,1,0,H,2.1,1.7,2.12,1.7
IT2,03/12/2023,Sudtirol,Como,0,1,A,2.4,1.53,2.42,1.54
IT2,09/12/2023,Ascoli,Spezia,1,2,A,2.3,1.6,2.3,1.6
IT2,09/12/2023,Bari,Sudtirol,2,1,H,2.7,1.44,2.68,1.44
IT2,09/12/2023,Cittadella,Cosenza,2,0,H,2.35,1.57,2.33,1.57
IT2,09/12/2023,Cremonese,Venezia,1,0,H,1.93,1.93,1.87,1.9
IT2,09/12/2023,Sampdoria,Lecco,2,0,H,1.98,1.88,1.93,1.86
IT2,09/12/2023,Ternana,FeralpiSalo,2,1,H,2.08,1.73,2.09,1.72
IT2,09/12/2023,Catanzaro,Pisa,2,0,H,2.25,1.62,2.21,1.64
IT2,10/12/2023,Como,Modena,2,1,H,2.25,1.62,2.23,1.62
IT2,10/12/2023,Parma,Palermo,3,3,D,2.05,1.8,2.01,1.78
IT2,10/12/2023,Reggiana,Brescia,1,1,D,2.4,1.53,2.39,1.55
IT2,15/12/2023,Spezia,Bari,1,0,H,2.3,1.6,2.28,1.61
IT2,16/12/2023,Brescia,Como,2,0,H,2.5,1.5,2.52,1.51
IT2,16/12/2023,FeralpiSalo,Cremonese,1,0,H,1.98,1.88,1.93,1.84
IT2,16/12/2023,Modena,Cittadella,1,1,D,2.4,1.53,2.45,1.53
IT2,16/12/2023,Reggiana,Sampdoria,1,2,A,2.3,1.6,2.27,1.61
IT2,16/12/2023,Venezia,Sudtirol,2,3,A,2.3,1.6,2.29,1.6
IT2,16/12/2023,Ascoli,Catanzaro,1,0,H,2.35,1.57,2.3,1.6
IT2,16/12/2023,Cosenza,Parma,0,0,D,2.03,1.83,1.98,1.8
IT2,16/12/2023,Palermo,Pisa,3,2,H,2.15,1.67,2.13,1.69
IT2,17/12/2023,Lecco,Ternana,2,3,A,2.05,1.75,2,1.78
IT2,23/12/2023,Cittadella,Spezia,4,1,H,2.4,1.53,2.43,1.54
IT2,23/12/2023,Como,Palermo,3,3,D,2.08,1.73,2.03,1.75
IT2,23/12/2023,Cremonese,Modena,4,0,H,2.03,1.83,2,1.78
IT2,23/12/2023,Parma,Ternana,3,1,H,1.88,1.98,1.84,1.92
IT2,23/12/2023,Venezia,Lecco,2,2,D,1.9,1.95,1.86,1.91
IT2,23/12/2023,Catanzaro,Brescia,2,3,A,2.25,1.62,2.23,1.63
IT2,23/12/2023,Bari,Cosenza,0,0,D,2.35,1.57,2.33,1.58
IT2,23/12/2023,Pisa,Ascoli,1,0,H,2.35,1.57,2.38,1.55
IT2,23/12/2023,Sampdoria,FeralpiSalo,2,3,A,2.05,1.75,2,1.76
IT2,23/12/2023,Sudtirol,Reggiana,2,3,A,2.7,1.44,2.65,1.45
IT2,26/12/2023,Reggiana,Catanzaro,1,0,H,2.25,1.62,2.2,1.65
IT2,26/12/2023,Ascoli,Cittadella,0,0,D,2.6,1.48,2.56,1.49
IT2,26/12/2023,Brescia,Parma,0,2,A,2.25,1.62,2.24,1.63
IT2,26/12/2023,Cosenza,Como,1,2,A,2.25,1.62,2.24,1.62
IT2,26/12/2023,FeralpiSalo,Venezia,2,2,D,2.1,1.7,2.05,1.74
IT2,26/12/2023,Lecco,Sudtirol,2,1,H,2.35,1.57,2.35,1.57
IT2,26/12/2023,Spezia,Modena,1,1,D,2.2,1.65,2.19,1.66
IT2,26/12/2023,Ternana,Pisa,1,1,D,2.15,1.67,2.07,1.73
IT2,26/12/2023,Palermo,Cremonese,3,2,H,1.95,1.9,1.87,1.89
IT2,26/12/2023,Sampdoria,Bari,1,1,D,2.35,1.57,2.38,1.55
IT2,12/01/2024,Catanzaro,Lecco,5,3,H,2.05,1.75,2.01,1.77
IT2,13/01/2024,Bari,Ternana,3,1,H,2.2,1.65,2.17,1.66
IT2,13/01/2024,Cittadella,Palermo,2,0,H,2.3,1.6,2.26,1.61
IT2,13/01/2024,Como,Spezia,4,0,H,2.1,1.7,2.09,1.71
IT2,13/01/2024,Modena,Brescia,1,2,A,2.35,1.57,2.37,1.56
IT2,13/01/2024,Sudtirol,FeralpiSalo,1,0,H,2.6,1.48,2.61,1.48
IT2,13/01/2024,Pisa,Reggiana,2,2,D,2.5,1.5,2.52,1.5
IT2,14/01/2024,Cremonese,Cosenza,1,0,H,2.03,1.83,1.99,1.79
IT2,14/01/2024,Parma,Ascoli,1,1,D,2.15,1.67,2.14,1.68
IT2,14/01/2024,Venezia,Sampdoria,5,3,H,2.15,1.67,2.12,1.69
IT2,19/01/2024,Sampdoria,Parma,0,3,A,2.05,1.75,2.02,1.76
IT2,20/01/2024,Brescia,Sudtirol,1,1,D,2.88,1.4,2.72,1.42
IT2,20/01/2024,FeralpiSalo,Catanzaro,3,0,H,2.15,1.67,2.14,1.68
IT2,20/01/2024,Reggiana,Como,2,2,D,2.5,1.5,2.51,1.5
IT2,20/01/2024,Spezia,Cremonese,0,1,A,1.93,1.93,1.86,1.92
IT2,20/01/2024,Ternana,Cittadella,3,1,H,2.25,1.62,2.21,1.64
IT2,20/01/2024,Cosenza,Venezia,4,2,H,2.25,1.62,2.22,1.63
IT2,20/01/2024,Lecco,Pisa,1,3,A,2.2,1.65,2.15,1.67
IT2,20/01/2024,Palermo,Modena,4,2,H,2.08,1.73,2.08,1.72
IT2,21/01/2024,Ascoli,Bari,2,2,D,2.7,1.44,2.69,1.44
IT2,26/01/2024,Catanzaro,Palermo,1,1,D,2.05,1.75,1.97,1.8
IT2,27/01/2024,Como,Ascoli,0,2,A,2.15,1.67,2.17,1.66
IT2,27/01/2024,Cremonese,Brescia,1,0,H,2.05,1.75,2.04,1.75
IT2,27/01/2024,Modena,Parma,3,0,H,2.15,1.67,2.15,1.68
IT2,27/01/2024,Sudtirol,Cosenza,0,1,A,2.5,1.5,2.51,1.5
IT2,27/01/2024,Venezia,Ternana,1,0,H,1.67,2.15,1.66,2.18
IT2,27/01/2024,Bari,Reggiana,0,2,A,2.4,1.53,2.45,1.53
IT2,27/01/2024,FeralpiSalo,Lecco,5,1,H,2.05,1.75,2.02,1.77
IT2,27/01/2024,Pisa,Spezia,2,3,A,2.15,1.67,2.14,1.69
IT2,28/01/2024,Cittadella,Sampdoria,1,2,A,2.4,1.53,2.38,1.55
IT2,02/02/2024,Palermo,Bari,3,0,H,2.05,1.8,2,1.8
IT2,03/02/2024,Brescia,Cittadella,2,0,H,2.7,1.44,2.62,1.46
IT2,03/02/2024,Cosenza,Pisa,1,1,D,2.5,1.5,2.48,1.52
IT2,03/02/2024,Parma,Venezia,2,1,H,1.93,1.93,1.89,1.89
IT2,03/02/2024,Reggiana,FeralpiSalo,1,1,D,2.35,1.57,2.31,1.59
IT2,03/02/2024,Spezia,Catanzaro,1,1,D,2.05,1.75,2.03,1.76
IT2,03/02/2024,Lecco,Cremonese,0,1,A,1.83,2.03,1.79,1.98
IT2,03/02/2024,Sampdoria,Modena,2,2,D,2.2,1.65,2.19,1.66
IT2,03/02/2024,Ternana,Como,0,1,A,2.05,1.75,2.03,1.76
IT2,04/02/2024,Ascoli,Sudtirol,1,2,A,2.7,1.44,2.74,1.43
IT2,09/02/2024,Como,Brescia,1,0,H,2.25,1.62,2.23,1.64
IT2,10/02/2024,Cittadella,Parma,1,2,A,2.4,1.53,2.42,1.54
IT2,10/02/2024,Cremonese,Reggiana,1,1,D,1.93,1.93,1.89,1.89
IT2,10/02/2024,FeralpiSalo,Palermo,1,2,A,2.03,1.83,1.97,1.82
IT2,10/02/2024,Modena,Cosenza,1,1,D,2.35,1.57,2.34,1.58
IT2,10/02/2024,Sudtirol,Venezia,0,3,A,2.35,1.57,2.39,1.55
IT2,10/02/2024,Bari,Lecco,3,1,H,2.05,1.75,2.04,1.76
IT2,10/02/2024,Catanzaro,Ascoli,3,2,H,2.25,1.62,2.27,1.61
IT2,10/02/2024,Pisa,Sampdoria,2,0,H,2.2,1.65,2.21,1.64
IT2,11/02/2024,Ternana,Spezia,1,1,D,2.03,1.83,1.97,1.8
IT2,16/02/2024,Ascoli,Cremonese,0,0,D,2.15,1.67,2.19,1.66
IT2,17/02/2024,Bari,FeralpiSalo,1,0,H,2.2,1.65,2.2,1.65
IT2,17/02/2024,Lecco,Cosenza,1,3,A,2.1,1.7,2.1,1.72
IT2,17/02/2024,Parma,Pisa,3,2,H,2.05,1.75,2.03,1.77
IT2,17/02/2024,Reggiana,Ternana,0,2,A,2.15,1.67,2.13,1.69
IT2,17/02/2024,Spezia,Cittadella,4,2,H,2.2,1.65,2.19,1.66
IT2,17/02/2024,Catanzaro,Sudtirol,2,2,D,2.4,1.53,2.46,1.52
IT2,17/02/2024,Palermo,Como,3,0,H,1.93,1.93,1.89,1.89
IT2,17/02/2024,Sampdoria,Brescia,1,1,D,2.3,1.6,2.33,1.58
IT2,18/02/2024,Venezia,Modena,2,2,D,2.03,1.83,1.96,1.83
IT2,23/02/2024,Cosenza,Sampdoria,1,2,A,2.25,1.62,2.27,1.62
IT2,24/02/2024,Brescia,Reggiana,0,0,D,2.5,1.5,2.5,1.51
IT2,24/02/2024,Cittadella,Catanzaro,1,2,A,2.3,1.6,2.27,1.61
IT2,24/02/2024,Cremonese,Palermo,2,2,D,1.8,2,1.77,2.02
IT2,24/02/2024,FeralpiSalo,Ascoli,0,1,A,2.5,1.5,2.52,1.5
IT2,24/02/2024,Sudtirol,Bari,1,0,H,3.1,1.36,2.87,1.39
IT2,24/02/2024,Como,Parma,1,1,D,2.05,1.75,2.04,1.76
IT2,24/02/2024,Pisa,Venezia,1,2,A,2.1,1.7,2.09,1.72
IT2,24/02/2024,Ternana,Lecco,0,0,D,1.85,2,1.81,1.97
IT2,25/02/2024,Modena,Spezia,0,0,D,2.15,1.67,2.14,1.68
IT2,27/02/2024,Ascoli,Brescia,1,1,D,2.88,1.4,2.82,1.41
IT2,27/02/2024,Reggiana,Sudtirol,1,1,D,3.1,1.36,3.05,1.36
IT2,27/02/2024,Catanzaro,Bari,2,0,H,2.4,1.53,2.42,1.54
IT2,27/02/2024,Lecco,Como,0,3,A,1.98,1.88,1.94,1.84
IT2,27/02/2024,Palermo,Ternana,2,3,A,1.57,2.35,1.56,2.38
IT2,27/02/2024,Parma,Cosenza,1,1,D,1.8,2,1.75,2.05
IT2,27/02/2024,Sampdoria,Cremonese,1,2,A,2.2,1.65,2.15,1.68
IT2,28/02/2024,Pisa,Modena,2,2,D,2.25,1.62,2.26,1.62
IT2,28/02/2024,Spezia,FeralpiSalo,0,2,A,2,1.85,1.94,1.85
IT2,28/02/2024,Venezia,Cittadella,2,0,H,2.05,1.8,2.01,1.78
IT2,02/03/2024,Brescia,Palermo,4,2,H,2.05,1.8,2,1.78
IT2,02/03/2024,Sudtirol,Lecco,1,0,H,2.5,1.5,2.47,1.52
IT2,02/03/2024,Ternana,Parma,1,3,A,1.83,2.03,1.78,2
IT2,03/03/2024,Ascoli,Reggiana,0,0,D,2.7,1.44,2.7,1.43
IT2,03/03/2024,Bari,Spezia,1,1,D,2.25,1.62,2.21,1.64
IT2,03/03/2024,Cittadella,Pisa,0,1,A,2.4,1.53,2.39,1.55
IT2,03/03/2024,Como,Venezia,2,1,H,2.05,1.75,2.04,1.75
IT2,03/03/2024,Cosenza,Catanzaro,0,2,A,2.15,1.67,2.18,1.65
IT2,03/03/2024,FeralpiSalo,Sampdoria,1,3,A,2.25,1.62,2.2,1.65
IT2,03/03/2024,Modena,Cremonese,0,1,A,2.25,1.62,2.2,1.64
IT2,08/03/2024,Parma,Brescia,2,1,H,2.03,1.83,1.98,1.81
IT2,09/03/2024,Cosenza,Cittadella,0,0,D,2.35,1.57,2.39,1.55
IT2,09/03/2024,Modena,FeralpiSalo,2,3,A,2.15,1.67,2.17,1.67
IT2,09/03/2024,Spezia,Sudtirol,2,1,H,2.7,1.44,2.65,1.46
IT2,09/03/2024,Catanzaro,Reggiana,0,1,A,2.3,1.6,2.27,1.6
IT2,09/03/2024,Cremonese,Como,2,1,H,2.05,1.75,2.06,1.74
IT2,09/03/2024,Pisa,Ternana,1,0,H,2.05,1.8,2,1.79
IT2,10/03/2024,Lecco,Palermo,0,1,A,1.67,2.15,1.68,2.15
IT2,10/03/2024,Venezia,Bari,3,1,H,2.05,1.75,2.03,1.76
IT2,11/03/2024,Sampdoria,Ascoli,2,1,H,2.5,1.5,2.52,1.5
IT2,15/03/2024,Palermo,Venezia,0,3,A,1.95,1.9,1.88,1.9
IT2,16/03/2024,Brescia,Catanzaro,1,1,D,2.3,1.6,2.27,1.61
IT2,16/03/2024,Como,Pisa,3,1,H,2.25,1.62,2.24,1.63
IT2,16/03/2024,FeralpiSalo,Parma,1,2,A,1.95,1.9,1.9,1.88
IT2,16/03/2024,Sudtirol,Cremonese,3,0,H,2.6,1.48,2.6,1.48
IT2,16/03/2024,Ternana,Cosenza,1,0,H,2.1,1.7,2.11,1.7
IT2,16/03/2024,Bari,Sampdoria,0,1,A,2.35,1.57,2.33,1.59
IT2,16/03/2024,Cittadella,Modena,1,1,D,2.5,1.5,2.46,1.53
IT2,16/03/2024,Reggiana,Spezia,0,0,D,2.4,1.53,2.35,1.57
IT2,17/03/2024,Ascoli,Lecco,4,1,H,2.35,1.57,2.29,1.6
IT2,01/04/2024,Modena,Bari,1,1,D,2.4,1.53,2.43,1.53
IT2,01/04/2024,Como,Sudtirol,2,0,H,2.5,1.5,2.45,1.51
IT2,01/04/2024,Cosenza,Brescia,1,2,A,2.4,1.53,2.43,1.53
IT2,01/04/2024,Lecco,Cittadella,1,1,D,2.1,1.7,2.11,1.7
IT2,01/04/2024,Parma,Catanzaro,0,2,A,1.85,2,1.84,1.93
IT2,01/04/2024,Pisa,Palermo,4,3,H,1.98,1.88,1.91,1.85
IT2,01/04/2024,Spezia,Ascoli,2,1,H,2.4,1.53,2.42,1.53
IT2,01/04/2024,Venezia,Reggiana,2,3,A,2.03,1.83,1.98,1.8
IT2,01/04/2024,Cremonese,FeralpiSalo,0,1,A,1.88,1.98,1.83,1.93
IT2,01/04/2024,Sampdoria,Ternana,4,1,H,1.95,1.9,1.92,1.85
IT2,05/04/2024,Bari,Cremonese,1,2,A,2.15,1.67,2.2,1.65
IT2,06/04/2024,Brescia,Pisa,3,1,H,2.3,1.6,2.32,1.59
IT2,06/04/2024,FeralpiSalo,Cosenza,2,2,D,2.25,1.62,2.24,1.63
IT2,06/04/2024,Spezia,Lecco,1,1,D,1.95,1.9,1.9,1.87
IT2,06/04/2024,Sudtirol,Parma,0,0,D,2.35,1.57,2.37,1.57
IT2,06/04/2024,Ternana,Modena,0,0,D,2.1,1.7,2.09,1.72
IT2,06/04/2024,Catanzaro,Como,1,2,A,2.05,1.75,2.04,1.75
IT2,06/04/2024,Palermo,Sampdoria,2,2,D,1.75,2.05,1.75,2.04
IT2,06/04/2024,Reggiana,Cittadella,0,2,A,2.5,1.5,2.51,1.51
IT2,07/04/2024,Ascoli,Venezia,0,0,D,2.3,1.6,2.3,1.59
IT2,12/04/2024,Modena,Catanzaro,1,3,A,2.08,1.73,2.08,1.72
IT2,13/04/2024,Cittadella,Ascoli,0,0,D,2.6,1.48,2.62,1.47
IT2,13/04/2024,Como,Bari,2,1,H,2.15,1.67,2.17,1.67
IT2,13/04/2024,Cremonese,Ternana,1,2,A,1.7,2.1,1.71,2.11
IT2,13/04/2024,Pisa,FeralpiSalo,3,1,H,2.15,1.67,2.13,1.69
IT2,13/04/2024,Sampdoria,Sudtirol,0,1,A,2.4,1.53,2.43,1.54
IT2,13/04/2024,Cosenza,Palermo,1,1,D,1.93,1.93,1.88,1.89
IT2,13/04/2024,Lecco,Reggiana,1,0,H,2.15,1.67,2.14,1.68
IT2,13/04/2024,Parma,Spezia,2,0,H,1.9,1.95,1.87,1.91
IT2,14/04/2024,Venezia,Brescia,2,0,H,1.93,1.93,1.9,1.87
IT2,19/04/2024,Palermo,Parma,0,0,D,1.7,2.1,1.7,2.11
IT2,19/04/2024,Reggiana,Cosenza,0,4,A,2.7,1.44,2.64,1.47
IT2,20/04/2024,Ascoli,Modena,0,0,D,2.6,1.48,2.57,1.49
IT2,20/04/2024,Bari,Pisa,1,1,D,2.35,1.57,2.38,1.56
IT2,20/04/2024,Brescia,Ternana,0,0,D,1.98,1.88,1.94,1.83
IT2,20/04/2024,FeralpiSalo,Como,2,5,A,2.05,1.75,2.02,1.77
IT2,20/04/2024,Catanzaro,Cremonese,0,0,D,1.88,1.98,1.83,1.94
IT2,20/04/2024,Lecco,Venezia,1,2,A,1.8,2,1.78,1.99
IT2,20/04/2024,Spezia,Sampdoria,0,0,D,2.1,1.7,2.11,1.7
IT2,20/04/2024,Sudtirol,Cittadella,0,0,D,2.88,1.4,2.81,1.4
IT2,26/04/2024,Pisa,Catanzaro,2,2,D,1.98,1.88,1.9,1.88
IT2,26/04/2024,Venezia,Cremonese,2,1,H,1.7,2.1,1.7,2.12
IT2,27/04/2024,Brescia,Spezia,0,0,D,2.25,1.62,2.25,1.62
IT2,27/04/2024,Modena,Sudtirol,1,0,H,2.6,1.48,2.56,1.48
IT2,27/04/2024,Parma,Lecco,4,0,H,1.6,2.3,1.6,2.29
IT2,27/04/2024,Ternana,Ascoli,0,1,A,2.15,1.67,2.16,1.67
IT2,27/04/2024,Cittadella,FeralpiSalo,1,1,D,2.1,1.7,2.08,1.72
IT2,27/04/2024,Cosenza,Bari,4,1,H,2.35,1.57,2.36,1.57
IT2,27/04/2024,Palermo,Reggiana,1,2,A,1.93,1.93,1.88,1.89
IT2,27/04/2024,Sampdoria,Como,1,1,D,2.08,1.73,2.05,1.74
IT2,01/05/2024,Cremonese,Pisa,2,1,H,1.88,1.98,1.83,1.94
IT2,01/05/2024,Ascoli,Cosenza,0,1,A,2.6,1.48,2.61,1.46
IT2,01/05/2024,Catanzaro,Venezia,3,2,H,1.73,2.08,1.72,2.08
IT2,01/05/2024,Como,Cittadella,2,1,H,2.05,1.75,2.04,1.75
IT2,01/05/2024,Spezia,Palermo,1,0,H,1.85,2,1.82,1.95
IT2,01/05/2024,Sudtirol,Ternana,4,3,H,2.35,1.57,2.36,1.56
IT2,01/05/2024,Bari,Parma,1,1,D,2.1,1.7,2.08,1.71
IT2,01/05/2024,FeralpiSalo,Brescia,2,2,D,2.2,1.65,2.2,1.64
IT2,01/05/2024,Lecco,Sampdoria,0,1,A,1.93,1.93,1.88,1.89
IT2,01/05/2024,Reggiana,Modena,1,0,H,2.5,1.5,2.47,1.52
IT2,05/05/2024,Brescia,Lecco,4,1,H,1.8,2,1.77,2
IT2,05/05/2024,Cittadella,Bari,1,1,D,2.4,1.53,2.42,1.53
IT2,05/05/2024,Cosenza,Spezia,2,2,D,2.2,1.65,2.2,1.64
IT2,05/05/2024,Modena,Como,0,0,D,2.15,1.67,2.11,1.69
IT2,05/05/2024,Palermo,Ascoli,2,2,D,2.1,1.7,2.1,1.7
IT2,05/05/2024,Parma,Cremonese,1,1,D,1.7,2.1,1.67,2.14
IT2,05/05/2024,Pisa,Sudtirol,2,2,D,2.4,1.53,2.38,1.55
IT2,05/05/2024,Sampdoria,Reggiana,1,0,H,2.1,1.7,2.1,1.71
IT2,05/05/2024,Ternana,Catanzaro,1,0,H,1.7,2.1,1.7,2.09
IT2,05/05/2024,Venezia,FeralpiSalo,2,1,H,1.57,2.35,1.57,2.34
IT2,10/05/2024,Ascoli,Pisa,2,1,H,2.2,1.65,2.21,1.64
IT2,10/05/2024,Bari,Brescia,2,0,H,1.75,2.05,1.77,2.01
IT2,10/05/2024,Catanzaro,Sampdoria,1,3,A,1.8,2,1.78,2
IT2,10/05/2024,Como,Cosenza,1,1,D,1.44,2.7,1.46,2.62
IT2,10/05/2024,Cremonese,Cittadella,3,0,H,1.65,2.2,1.65,2.2
IT2,10/05/2024,FeralpiSalo,Ternana,0,1,A,1.44,2.7,1.43,2.72
IT2,10/05/2024,Lecco,Modena,2,3,A,1.8,2,1.77,2.01
IT2,10/05/2024,Reggiana,Parma,1,1,D,1.7,2.1,1.73,2.07
IT2,10/05/2024,Spezia,Venezia,2,1,H,1.7,2.1,1.7,2.12
IT2,10/05/2024,Sudtirol,Palermo,0,1,A,1.98,1.88,1.95,1.83
BE1,27/07/2024,Anderlecht,St Truiden,1,0,H,1.65,2.2,1.64,2.22
BE1,27/07/2024,Beerschot VA,Oud-Heverlee Leuven,0,0,D,1.83,2.03,1.8,2
BE1,28/07/2024,Charleroi,Antwerp,0,1,A,1.7,2.1,1.7,2.13
BE1,26/07/2024,Club Brugge,Mechelen,1,1,D,1.6,2.3,1.6,2.32
BE1,27/07/2024,Dender,St. Gilloise,0,0,D,1.53,2.4,1.53,2.44
BE1,28/07/2024,Genk,Standard,0,0,D,1.57,2.35,1.57,2.37
BE1,28/07/2024,Kortrijk,Gent,0,1,A,1.57,2.35,1.56,2.37
BE1,28/07/2024,Westerlo,Cercle Brugge,3,0,H,1.6,2.3,1.59,2.31
BE1,02/08/2024,St. Gilloise,Beerschot VA,3,1,H,1.57,2.35,1.58,2.37
BE1,03/08/2024,Mechelen,Westerlo,2,4,A,1.5,2.5,1.47,2.6
BE1,03/08/2024,Oud-Heverlee Leuven,Genk,3,1,H,1.65,2.2,1.65,2.21
BE1,03/08/2024,St Truiden,Charleroi,1,4,A,1.88,1.98,1.85,1.94
BE1,04/08/2024,Antwerp,Anderlecht,1,2,A,1.75,2.05,1.76,2.04
BE1,04/08/2024,Cercle Brugge,Kortrijk,1,2,A,1.67,2.15,1.65,2.18
BE1,04/08/2024,Standard,Club Brugge,1,0,H,1.6,2.3,1.59,2.31
BE1,04/08/2024,Gent,Dender,1,2,A,1.65,2.2,1.64,2.23
BE1,09/08/2024,Standard,Mechelen,0,0,D,1.75,2.05,1.76,2.05
BE1,10/08/2024,Dender,Kortrijk,4,1,H,1.85,2,1.83,1.95
BE1,10/08/2024,Westerlo,St. Gilloise,4,3,H,1.67,2.15,1.66,2.19
BE1,10/08/2024,Anderlecht,Oud-Heverlee Leuven,1,1,D,1.98,1.88,1.95,1.83
BE1,11/08/2024,Genk,Club Brugge,3,2,H,1.7,2.1,1.69,2.14
BE1,11/08/2024,Antwerp,St Truiden,6,1,H,1.57,2.35,1.58,2.35
BE1,11/08/2024,Charleroi,Gent,1,0,H,1.67,2.15,1.64,2.22
BE1,11/08/2024,Cercle Brugge,Beerschot VA,4,1,H,1.67,2.15,1.66,2.18
BE1,16/08/2024,St. Gilloise,Charleroi,1,0,H,1.85,2,1.81,1.98
BE1,17/08/2024,Beerschot VA,Genk,3,4,A,1.67,2.15,1.65,2.21
BE1,17/08/2024,St Truiden,Dender,3,3,D,1.85,2,1.8,2
BE1,17/08/2024,Mechelen,Anderlecht,1,3,A,1.67,2.15,1.68,2.16
BE1,18/08/2024,Club Brugge,Antwerp,1,0,H,1.7,2.1,1.69,2.14
BE1,18/08/2024,Oud-Heverlee Leuven,Cercle Brugge,1,1,D,1.88,1.98,1.86,1.93
BE1,18/08/2024,Kortrijk,Standard,1,0,H,2.05,1.75,2.04,1.76
BE1,18/08/2024,Gent,Westerlo,4,1,H,1.53,2.4,1.51,2.47
BE1,24/08/2024,Westerlo,Oud-Heverlee Leuven,1,1,D,1.67,2.15,1.65,2.2
BE1,24/08/2024,Antwerp,Mechelen,0,1,A,1.6,2.3,1.6,2.3
BE1,25/08/2024,Dender,Club Brugge,1,2,A,1.62,2.25,1.62,2.25
BE1,25/08/2024,St Truiden,St. Gilloise,0,0,D,1.67,2.15,1.67,2.17
BE1,25/08/2024,Standard,Beerschot VA,1,0,H,1.73,2.08,1.73,2.08
BE1,25/08/2024,Charleroi,Kortrijk,1,0,H,1.98,1.88,1.91,1.87
BE1,30/08/2024,Genk,Westerlo,1,0,H,1.44,2.7,1.42,2.79
BE1,31/08/2024,Mechelen,Charleroi,5,2,H,1.88,1.98,1.85,1.93
BE1,31/08/2024,Beerschot VA,Dender,1,2,A,1.83,2.03,1.82,1.97
BE1,31/08/2024,Oud-Heverlee Leuven,Standard,2,0,H,2,1.85,1.94,1.84
BE1,01/09/2024,Club Brugge,Cercle Brugge,3,0,H,1.53,2.4,1.51,2.5
BE1,01/09/2024,Gent,Antwerp,1,1,D,1.7,2.1,1.7,2.13
BE1,01/09/2024,St. Gilloise,Anderlecht,0,0,D,1.73,2.08,1.73,2.07
BE1,01/09/2024,Kortrijk,St Truiden,1,1,D,1.88,1.98,1.85,1.94
BE1,13/09/2024,Dender,Standard,0,2,A,2.05,1.75,2.03,1.77
BE1,14/09/2024,Cercle Brugge,Genk,2,3,A,1.53,2.4,1.51,2.49
BE1,14/09/2024,Kortrijk,Club Brugge,0,3,A,1.57,2.35,1.58,2.34
BE1,14/09/2024,Anderlecht,Westerlo,2,2,D,1.57,2.35,1.57,2.36
BE1,15/09/2024,Antwerp,St. Gilloise,2,0,H,1.8,2,1.81,1.98
BE1,15/09/2024,St Truiden,Oud-Heverlee Leuven,2,1,H,1.88,1.98,1.86,1.93
BE1,15/09/2024,Charleroi,Beerschot VA,3,0,H,1.7,2.1,1.7,2.13
BE1,15/09/2024,Gent,Mechelen,2,0,H,1.57,2.35,1.55,2.38
BE1,17/09/2024,Anderlecht,Genk,0,2,A,1.57,2.35,1.59,2.32
BE1,20/09/2024,Standard,St. Gilloise,0,0,D,2.15,1.67,2.14,1.69
BE1,21/09/2024,Beerschot VA,St Truiden,0,3,A,1.9,1.95,1.88,1.91
BE1,21/09/2024,Westerlo,Antwerp,1,2,A,1.62,2.25,1.61,2.29
BE1,21/09/2024,Anderlecht,Charleroi,0,0,D,1.83,2.03,1.82,1.98
BE1,22/09/2024,Club Brugge,Gent,2,4,A,1.57,2.35,1.57,2.34
BE1,22/09/2024,Mechelen,Cercle Brugge,2,0,H,1.5,2.5,1.49,2.52
BE1,22/09/2024,Genk,Dender,4,0,H,1.57,2.35,1.55,2.37
BE1,22/09/2024,Oud-Heverlee Leuven,Kortrijk,1,1,D,1.98,1.88,1.95,1.84
BE1,26/09/2024,Cercle Brugge,Gent,2,1,H,1.5,2.5,1.5,2.51
BE1,27/09/2024,Charleroi,Club Brugge,1,1,D,1.67,2.15,1.69,2.15
BE1,28/09/2024,Genk,Mechelen,2,1,H,1.4,2.88,1.4,2.85
BE1,28/09/2024,Standard,Westerlo,1,2,A,1.88,1.98,1.83,1.97
BE1,28/09/2024,Dender,Anderlecht,1,1,D,1.7,2.1,1.71,2.12
BE1,29/09/2024,Antwerp,Beerschot VA,5,0,H,1.5,2.5,1.49,2.47
BE1,29/09/2024,St. Gilloise,Kortrijk,3,0,H,1.85,2,1.82,1.97
BE1,29/09/2024,Gent,Oud-Heverlee Leuven,3,0,H,1.53,2.4,1.53,2.42
BE1,29/09/2024,Cercle Brugge,St Truiden,1,1,D,1.65,2.2,1.64,2.23
BE1,04/10/2024,Westerlo,Beerschot VA,2,2,D,1.44,2.7,1.41,2.79
BE1,05/10/2024,Mechelen,Oud-Heverlee Leuven,5,0,H,1.7,2.1,1.69,2.14
BE1,05/10/2024,Kortrijk,Genk,2,1,H,1.57,2.35,1.57,2.36
BE1,05/10/2024,Dender,Charleroi,1,0,H,1.75,2.05,1.77,2.02
BE1,06/10/2024,Anderlecht,Standard,3,0,H,1.88,1.98,1.84,1.94
BE1,06/10/2024,Antwerp,Cercle Brugge,3,0,H,1.62,2.25,1.6,2.29
BE1,06/10/2024,Club Brugge,St. Gilloise,1,1,D,1.75,2.05,1.77,2.03
BE1,06/10/2024,St Truiden,Gent,1,1,D,1.73,2.08,1.73,2.09
BE1,18/10/2024,Beerschot VA,Anderlecht,2,1,H,1.53,2.4,1.53,2.42
BE1,19/10/2024,Westerlo,Club Brugge,1,2,A,1.48,2.6,1.45,2.65
BE1,19/10/2024,Cercle Brugge,Dender,0,0,D,1.73,2.08,1.73,2.08
BE1,19/10/2024,St. Gilloise,Gent,0,0,D,1.73,2.08,1.72,2.1
BE1,20/10/2024,Genk,St Truiden,3,2,H,1.5,2.5,1.49,2.51
BE1,20/10/2024,Oud-Heverlee Leuven,Antwerp,1,1,D,1.85,2,1.82,1.97
BE1,20/10/2024,Standard,Charleroi,2,1,H,2.1,1.7,2.11,1.71
BE1,20/10/2024,Mechelen,Kortrijk,3,0,H,1.67,2.15,1.65,2.2
BE1,25/10/2024,Kortrijk,Beerschot VA,1,0,H,1.93,1.93,1.88,1.91
BE1,26/10/2024,Charleroi,Oud-Heverlee Leuven,0,2,A,1.84,1.95,1.84,1.95
BE1,26/10/2024,Dender,Mechelen,2,5,A,1.7,2.1,1.71,2.11
BE1,26/10/2024,St Truiden,Westerlo,2,0,H,1.62,2.25,1.62,2.26
BE1,27/10/2024,Club Brugge,Anderlecht,2,1,H,1.6,2.3,1.59,2.31
BE1,27/10/2024,Antwerp,Standard,3,0,H,1.69,2.07,1.73,2.08
BE1,27/10/2024,Gent,Genk,0,2,A,1.57,2.35,1.56,2.35
BE1,27/10/2024,St. Gilloise,Cercle Brugge,1,3,A,1.7,2.1,1.72,2.1
BE1,01/11/2024,Westerlo,Dender,2,0,H,1.57,2.35,1.59,2.34
BE1,02/11/2024,Standard,St Truiden,2,1,H,2.05,1.75,2.01,1.79
BE1,02/11/2024,Oud-Heverlee Leuven,Club Brugge,0,1,A,1.85,2,1.82,1.98
BE1,02/11/2024,Mechelen,St. Gilloise,1,1,D,1.85,2,1.82,1.97
BE1,03/11/2024,Genk,Antwerp,2,0,H,1.62,2.25,1.59,2.33
BE1,03/11/2024,Cercle Brugge,Charleroi,2,0,H,1.88,1.98,1.84,1.95
BE1,03/11/2024,Anderlecht,Kortrijk,4,0,H,1.65,2.2,1.65,2.21
BE1,03/11/2024,Beerschot VA,Gent,0,0,D,1.67,2.15,1.68,2.16
BE1,08/11/2024,St Truiden,Mechelen,2,1,H,1.62,2.25,1.63,2.25
BE1,09/11/2024,Kortrijk,Antwerp,1,2,A,1.73,2.08,1.73,2.08
BE1,09/11/2024,Dender,Oud-Heverlee Leuven,1,1,D,2.1,1.7,2.1,1.71
BE1,09/11/2024,Charleroi,Westerlo,1,0,H,1.75,2.05,1.75,2.06
BE1,10/11/2024,Cercle Brugge,Anderlecht,0,5,A,1.62,2.25,1.63,2.24
BE1,10/11/2024,Gent,Standard,5,0,H,1.98,1.88,1.94,1.84
BE1,10/11/2024,St. Gilloise,Genk,4,0,H,1.85,2,1.83,1.96
BE1,10/11/2024,Beerschot VA,Club Brugge,2,2,D,1.44,2.7,1.43,2.73
BE1,22/11/2024,Antwerp,Dender,1,1,D,1.73,2.08,1.71,2.12
BE1,23/11/2024,Club Brugge,St Truiden,7,0,H,1.53,2.4,1.51,2.48
BE1,23/11/2024,Standard,Cercle Brugge,1,0,H,1.98,1.88,1.95,1.83
BE1,23/11/2024,Genk,Charleroi,3,0,H,1.67,2.15,1.66,2.18
BE1,24/11/2024,Mechelen,Beerschot VA,3,0,H,1.44,2.7,1.44,2.67
BE1,24/11/2024,Oud-Heverlee Leuven,St. Gilloise,1,1,D,2.08,1.73,2.09,1.72
BE1,24/11/2024,Anderlecht,Gent,6,0,H,1.7,2.1,1.71,2.1
BE1,24/11/2024,Westerlo,Kortrijk,4,0,H,1.62,2.25,1.61,2.27
BE1,29/11/2024,Kortrijk,Mechelen,3,1,H,1.85,2,1.83,1.96
BE1,30/11/2024,Club Brugge,Dender,4,1,H,1.44,2.7,1.47,2.58
BE1,30/11/2024,Charleroi,Standard,1,1,D,2.2,1.65,2.22,1.64
BE1,01/12/2024,St Truiden,Genk,2,2,D,1.62,2.25,1.59,2.3
BE1,01/12/2024,Beerschot VA,Cercle Brugge,3,2,H,1.73,2.08,1.72,2.09
BE1,01/12/2024,Oud-Heverlee Leuven,Anderlecht,0,0,D,1.88,1.98,1.86,1.92
BE1,01/12/2024,St. Gilloise,Antwerp,2,1,H,2.03,1.83,2,1.79
BE1,01/12/2024,Westerlo,Gent,2,2,D,1.57,2.35,1.58,2.33
BE1,07/12/2024,Genk,Kortrijk,3,2,H,1.5,2.5,1.51,2.49
BE1,07/12/2024,Mechelen,Club Brugge,1,2,A,1.57,2.35,1.56,2.37
BE1,07/12/2024,Standard,Oud-Heverlee Leuven,1,1,D,2.35,1.57,2.36,1.57
BE1,07/12/2024,Gent,St Truiden,2,0,H,1.7,2.1,1.69,2.12
BE1,08/12/2024,Antwerp,Charleroi,1,3,A,1.85,2,1.85,1.95
BE1,08/12/2024,Cercle Brugge,St. Gilloise,0,0,D,1.88,1.98,1.85,1.93
BE1,08/12/2024,Anderlecht,Beerschot VA,2,1,H,1.48,2.6,1.47,2.6
BE1,08/12/2024,Dender,Westerlo,1,0,H,1.62,2.25,1.63,2.21
BE1,13/12/2024,Mechelen,Antwerp,1,1,D,1.67,2.15,1.68,2.16
BE1,14/12/2024,Beerschot VA,Standard,0,0,D,2.05,1.8,2.03,1.76
BE1,14/12/2024,Oud-Heverlee Leuven,Charleroi,1,0,H,2.1,1.7,2.11,1.7
BE1,14/12/2024,Kortrijk,Dender,0,3,A,2.05,1.75,2.04,1.75
BE1,15/12/2024,Club Brugge,Genk,2,0,H,1.6,2.3,1.59,2.3
BE1,15/12/2024,St. Gilloise,Westerlo,3,1,H,1.57,2.35,1.57,2.34
BE1,15/12/2024,St Truiden,Anderlecht,0,2,A,1.67,2.15,1.67,2.15
BE1,15/12/2024,Gent,Cercle Brugge,1,1,D,1.62,2.25,1.6,2.27
BE1,20/12/2024,Westerlo,Mechelen,1,1,D,1.57,2.35,1.56,2.37
BE1,21/12/2024,Charleroi,St Truiden,2,1,H,1.9,1.95,1.86,1.92
BE1,21/12/2024,Dender,Antwerp,1,3,A,1.93,1.93,1.88,1.9
BE1,21/12/2024,Beerschot VA,Kortrijk,2,2,D,1.85,2,1.85,1.93
BE1,22/12/2024,Genk,Anderlecht,2,0,H,1.67,2.15,1.65,2.18
BE1,22/12/2024,Standard,Gent,0,1,A,2.05,1.75,2,1.78
BE1,22/12/2024,St. Gilloise,Club Brugge,2,2,D,2,1.85,1.93,1.84
BE1,22/12/2024,Cercle Brugge,Oud-Heverlee Leuven,1,0,H,2,1.85,1.93,1.85
BE1,26/12/2024,Antwerp,Genk,2,2,D,1.67,2.15,1.71,2.08
BE1,26/12/2024,Club Brugge,Westerlo,4,3,H,1.4,2.88,1.38,2.86
BE1,26/12/2024,Kortrijk,Charleroi,0,1,A,1.95,1.9,1.91,1.85
BE1,26/12/2024,Mechelen,Standard,0,0,D,1.93,1.93,1.88,1.88
BE1,26/12/2024,Gent,St. Gilloise,1,3,A,1.8,2,1.78,1.99
BE1,27/12/2024,Oud-Heverlee Leuven,Beerschot VA,2,0,H,1.75,2.05,1.77,2.02
BE1,27/12/2024,Anderlecht,Dender,2,3,A,1.75,2.05,1.75,2.04
BE1,27/12/2024,St Truiden,Cercle Brugge,1,1,D,1.83,2.03,1.79,2
BE1,10/01/2025,Standard,Kortrijk,1,0,H,2.05,1.75,2.04,1.74
BE1,11/01/2025,Westerlo,St Truiden,1,2,A,1.53,2.4,1.51,2.45
BE1,11/01/2025,Genk,Oud-Heverlee Leuven,2,0,H,1.7,2.1,1.69,2.1
BE1,11/01/2025,Charleroi,St. Gilloise,1,2,A,1.88,1.98,1.85,1.92
BE1,12/01/2025,Beerschot VA,Antwerp,1,1,D,1.7,2.1,1.67,2.14
BE1,12/01/2025,Dender,Gent,0,0,D,1.85,2,1.8,1.97
BE1,12/01/2025,Anderlecht,Club Brugge,0,3,A,1.73,2.08,1.72,2.08
BE1,12/01/2025,Cercle Brugge,Mechelen,1,0,H,1.8,2,1.78,1.99
BE1,17/01/2025,Gent,Charleroi,1,1,D,1.9,1.95,1.87,1.9
BE1,18/01/2025,Dender,Cercle Brugge,0,1,A,2.05,1.8,1.99,1.79
BE1,18/01/2025,Mechelen,Genk,1,2,A,1.67,2.15,1.67,2.14
BE1,18/01/2025,Club Brugge,Beerschot VA,4,2,H,1.3,3.5,1.29,3.34
BE1,19/01/2025,Kortrijk,Anderlecht,0,2,A,1.83,2.03,1.78,2
BE1,19/01/2025,St. Gilloise,Oud-Heverlee Leuven,1,0,H,1.75,2.05,1.75,2.04
BE1,19/01/2025,St Truiden,Standard,1,2,A,2.05,1.75,2,1.78
BE1,19/01/2025,Antwerp,Westerlo,3,2,H,1.53,2.4,1.52,2.43
BE1,24/01/2025,St Truiden,Antwerp,1,1,D,1.73,2.08,1.73,2.08
BE1,25/01/2025,Westerlo,Genk,1,2,A,1.5,2.5,1.51,2.46
BE1,25/01/2025,Charleroi,Cercle Brugge,1,1,D,1.95,1.9,1.9,1.87
BE1,25/01/2025,Club Brugge,Kortrijk,1,1,D,1.48,2.6,1.45,2.63
BE1,26/01/2025,Standard,Dender,1,0,H,2.15,1.63,2.11,1.7
BE1,26/01/2025,Beerschot VA,St. Gilloise,0,4,A,1.73,2.08,1.73,2.06
BE1,26/01/2025,Anderlecht,Mechelen,4,1,H,1.8,2,1.79,2
BE1,26/01/2025,Oud-Heverlee Leuven,Gent,0,0,D,1.98,1.88,1.94,1.84
BE1,31/01/2025,Oud-Heverlee Leuven,Mechelen,1,0,H,2.03,1.83,1.98,1.82
BE1,01/02/2025,Charleroi,Dender,5,0,H,2,1.85,1.97,1.82
BE1,01/02/2025,Cercle Brugge,Standard,1,1,D,2.1,1.7,2.12,1.69
BE1,01/02/2025,Genk,Beerschot VA,1,0,H,1.44,2.7,1.41,2.73
BE1,02/02/2025,Antwerp,Club Brugge,2,1,H,1.7,2.1,1.71,2.09
BE1,02/02/2025,St. Gilloise,St Truiden,2,1,H,1.62,2.25,1.62,2.24
BE1,02/02/2025,Gent,Anderlecht,1,0,H,1.83,2.03,1.82,1.97
BE1,02/02/2025,Kortrijk,Westerlo,1,2,A,1.75,2.05,1.75,2.05
BE1,07/02/2025,Mechelen,Gent,3,3,D,1.9,1.95,1.88,1.91
BE1,08/02/2025,Club Brugge,Oud-Heverlee Leuven,1,0,H,1.62,2.25,1.61,2.25
BE1,08/02/2025,Dender,St Truiden,2,1,H,1.98,1.88,1.93,1.85
BE1,08/02/2025,Genk,Cercle Brugge,2,1,H,1.62,2.25,1.61,2.26
BE1,09/02/2025,Anderlecht,Antwerp,2,0,H,1.98,1.88,1.95,1.84
BE1,09/02/2025,Kortrijk,St. Gilloise,1,2,A,1.75,2.05,1.75,2.04
BE1,09/02/2025,Westerlo,Standard,4,2,H,1.7,2.1,1.68,2.15
BE1,09/02/2025,Beerschot VA,Charleroi,1,1,D,1.93,1.93,1.89,1.9
BE1,14/02/2025,Standard,Genk,1,2,A,1.85,2,1.8,2.01
BE1,15/02/2025,Oud-Heverlee Leuven,Dender,3,2,H,2.1,1.7,2.12,1.7
BE1,15/02/2025,Antwerp,Kortrijk,2,1,H,1.7,2.1,1.7,2.12
BE1,15/02/2025,St Truiden,Club Brugge,2,2,D,1.62,2.25,1.61,2.28
BE1,16/02/2025,Gent,Beerschot VA,3,2,H,1.63,2.15,1.67,2.16
BE1,16/02/2025,St. Gilloise,Mechelen,0,1,A,1.63,2.15,1.65,2.2
BE1,16/02/2025,Charleroi,Anderlecht,0,1,A,1.98,1.88,1.94,1.85
BE1,16/02/2025,Cercle Brugge,Westerlo,1,1,D,1.7,2.1,1.71,2.1
BE1,21/02/2025,Mechelen,St Truiden,1,1,D,1.57,2.35,1.56,2.37
BE1,22/02/2025,Dender,Beerschot VA,0,0,D,1.98,1.88,1.93,1.85
BE1,22/02/2025,Westerlo,Charleroi,1,3,A,1.67,2.15,1.67,2.16
BE1,22/02/2025,Antwerp,Oud-Heverlee Leuven,2,2,D,1.95,1.9,1.92,1.87
BE1,23/02/2025,Club Brugge,Standard,1,2,A,1.57,2.35,1.55,2.39
BE1,23/02/2025,Genk,Gent,0,0,D,1.62,2.25,1.61,2.27
BE1,23/02/2025,Anderlecht,St. Gilloise,0,2,A,1.9,1.95,1.86,1.93
BE1,23/02/2025,Kortrijk,Cercle Brugge,1,1,D,2.03,1.83,2,1.8
BE1,28/02/2025,Charleroi,Genk,1,1,D,1.9,1.95,1.87,1.92
BE1,01/03/2025,Cercle Brugge,Antwerp,0,0,D,2,1.85,1.95,1.84
BE1,01/03/2025,Gent,Club Brugge,1,1,D,1.7,2.1,1.7,2.12
BE1,01/03/2025,St Truiden,Kortrijk,4,2,H,1.83,2.03,1.8,2
BE1,01/03/2025,St. Gilloise,Dender,4,1,H,1.67,2.15,1.66,2.19
BE1,02/03/2025,Beerschot VA,Mechelen,1,0,H,1.73,2.08,1.74,2.05
BE1,02/03/2025,Standard,Anderlecht,0,2,A,2.08,1.73,2.08,1.72
BE1,02/03/2025,Oud-Heverlee Leuven,Westerlo,0,0,D,1.65,2.2,1.63,2.23
BE1,07/03/2025,St Truiden,Beerschot VA,2,0,H,1.7,2.1,1.69,2.14
BE1,08/03/2025,Kortrijk,Oud-Heverlee Leuven,2,0,H,2.1,1.7,2.08,1.72
BE1,08/03/2025,Charleroi,Mechelen,0,1,A,1.88,1.98,1.83,1.95
BE1,08/03/2025,Dender,Genk,0,1,A,1.67,2.1,1.69,2.12
BE1,09/03/2025,Cercle Brugge,Club Brugge,1,3,A,1.89,1.84,1.9,1.87
BE1,09/03/2025,Westerlo,Anderlecht,2,0,H,1.7,2.1,1.69,2.12
BE1,09/03/2025,Antwerp,Gent,0,1,A,1.73,2.08,1.74,2.06
BE1,09/03/2025,St. Gilloise,Standard,3,0,H,1.7,2.1,1.69,2.13
BE1,15/03/2025,Genk,St. Gilloise,2,1,H,1.8,2,1.79,2.01
BE1,16/03/2025,Standard,Antwerp,0,0,D,2.15,1.63,2.14,1.69
BE1,16/03/2025,Anderlecht,Cercle Brugge,3,0,H,1.94,1.79,1.95,1.83
BE1,16/03/2025,Club Brugge,Charleroi,4,2,H,1.88,1.98,1.85,1.94
BE1,16/03/2025,Gent,Kortrijk,1,2,A,1.77,1.97,1.81,1.98
BE1,16/03/2025,Mechelen,Dender,2,1,H,1.85,2,1.82,1.97
BE1,16/03/2025,Oud-Heverlee Leuven,St Truiden,3,2,H,1.92,1.82,1.93,1.85
BE1,16/03/2025,Beerschot VA,Westerlo,1,2,A,1.62,2.25,1.61,2.27
BE1,28/03/2025,Oud-Heverlee Leuven,Charleroi,0,0,D,2.2,1.65,2.19,1.65
BE1,29/03/2025,Beerschot VA,St Truiden,0,1,A,1.75,2.05,1.75,2.05
BE1,29/03/2025,Standard,Mechelen,2,2,D,2.1,1.7,2.11,1.69
BE1,29/03/2025,St. Gilloise,Antwerp,5,1,H,1.73,2.08,1.72,2.09
BE1,30/03/2025,Club Brugge,Anderlecht,2,0,H,1.73,2.08,1.73,2.07
BE1,30/03/2025,Kortrijk,Cercle Brugge,2,2,D,2.15,1.67,2.15,1.66
BE1,30/03/2025,Genk,Gent,4,0,H,1.57,2.35,1.57,2.34
BE1,30/03/2025,Dender,Westerlo,1,0,H,1.7,2.1,1.72,2.08
BE1,04/04/2025,Mechelen,Dender,5,2,H,1.67,2.15,1.7,2.12
BE1,05/04/2025,Cercle Brugge,Beerschot VA,2,1,H,1.93,1.93,1.89,1.89
BE1,05/04/2025,Westerlo,Oud-Heverlee Leuven,2,2,D,1.75,2.05,1.75,2.04
BE1,05/04/2025,Gent,St. Gilloise,0,3,A,1.7,2.1,1.67,2.16
BE1,06/04/2025,Antwerp,Club Brugge,2,3,A,1.67,2.15,1.67,2.16
BE1,06/04/2025,St Truiden,Kortrijk,0,3,A,1.83,2.03,1.8,1.98
BE1,06/04/2025,Anderlecht,Genk,1,2,A,1.93,1.93,1.88,1.9
BE1,06/04/2025,Charleroi,Standard,1,0,H,2.08,1.73,2.09,1.72
BE1,11/04/2025,Westerlo,Charleroi,2,2,D,1.62,2.25,1.63,2.25
BE1,12/04/2025,Kortrijk,Beerschot VA,3,2,H,1.73,2.08,1.72,2.09
BE1,12/04/2025,St Truiden,Cercle Brugge,3,1,H,1.98,1.88,1.95,1.84
BE1,12/04/2025,St. Gilloise,Anderlecht,2,0,H,1.8,2,1.77,2.03
BE1,13/04/2025,Antwerp,Gent,0,1,A,1.75,2.05,1.75,2.04
BE1,13/04/2025,Mechelen,Oud-Heverlee Leuven,1,1,D,1.67,2.15,1.68,2.14
BE1,13/04/2025,Club Brugge,Genk,1,0,H,1.62,2.25,1.61,2.27
BE1,13/04/2025,Dender,Standard,1,1,D,2.2,1.65,2.19,1.65
BE1,19/04/2025,Oud-Heverlee Leuven,Dender,4,4,D,2.03,1.83,1.98,1.81
BE1,19/04/2025,Charleroi,Mechelen,3,0,H,1.85,2,1.83,1.96
BE1,19/04/2025,Standard,Westerlo,1,1,D,1.83,2.03,1.8,1.99
BE1,20/04/2025,Anderlecht,Antwerp,0,0,D,1.85,2,1.81,1.98
BE1,20/04/2025,Genk,St. Gilloise,1,2,A,1.73,2.08,1.74,2.05
BE1,20/04/2025,Gent,Club Brugge,0,5,A,1.57,2.35,1.57,2.35
BE1,22/04/2025,Dender,Charleroi,2,1,H,1.75,2.05,1.75,2.05
BE1,22/04/2025,Mechelen,Westerlo,2,3,A,1.4,2.88,1.39,2.9
BE1,22/04/2025,Standard,Oud-Heverlee Leuven,0,1,A,2.15,1.67,2.17,1.67
BE1,23/04/2025,Anderlecht,Gent,5,0,H,1.83,2.03,1.81,2
BE1,23/04/2025,Antwerp,Genk,1,1,D,1.67,2.15,1.67,2.18
BE1,24/04/2025,Club Brugge,St. Gilloise,0,1,A,1.77,2.02,1.77,2.02
BE1,25/04/2025,Beerschot VA,Kortrijk,2,0,H,1.7,2.1,1.72,2.11
BE1,26/04/2025,Oud-Heverlee Leuven,Standard,1,1,D,2.05,1.75,2.08,1.73
BE1,26/04/2025,Westerlo,Mechelen,2,2,D,1.48,2.6,1.48,2.55
BE1,26/04/2025,Cercle Brugge,St Truiden,3,1,H,1.8,2,1.77,2.02
BE1,26/04/2025,Charleroi,Dender,4,1,H,1.7,2.1,1.71,2.1
BE1,27/04/2025,Gent,Anderlecht,0,1,A,1.88,1.98,1.87,1.92
BE1,27/04/2025,Genk,Antwerp,0,1,A,1.57,2.35,1.56,2.38
BE1,27/04/2025,St. Gilloise,Club Brugge,0,0,D,1.98,1.88,1.94,1.85
BE1,01/05/2025,Antwerp,Anderlecht,1,3,A,1.8,2,1.78,2.02
BE1,01/05/2025,Club Brugge,Gent,4,1,H,1.48,2.6,1.45,2.62
BE1,02/05/2025,Westerlo,Dender,4,2,H,1.44,2.7,1.41,2.79
BE1,03/05/2025,Cercle Brugge,Kortrijk,0,2,A,1.85,2,1.84,1.95
BE1,03/05/2025,Oud-Heverlee Leuven,Mechelen,1,2,A,1.7,2.1,1.72,2.09
BE1,03/05/2025,St. Gilloise,Genk,1,0,H,1.67,2.15,1.68,2.15
BE1,04/05/2025,Standard,Charleroi,0,1,A,2.1,1.7,2.09,1.71
BE1,04/05/2025,St Truiden,Beerschot VA,2,1,H,1.57,2.35,1.56,2.36
BE1,09/05/2025,Charleroi,Westerlo,4,3,H,1.44,2.7,1.44,2.69
BE1,10/05/2025,Beerschot VA,Cercle Brugge,4,2,H,1.62,2.25,1.62,2.24
BE1,10/05/2025,Kortrijk,St Truiden,2,2,D,1.73,2.08,1.74,2.05
BE1,10/05/2025,Mechelen,Standard,0,0,D,1.73,2.08,1.73,2.07
BE1,10/05/2025,Anderlecht,St. Gilloise,0,1,A,2.05,1.8,2.01,1.78
BE1,11/05/2025,Gent,Antwerp,0,3,A,1.67,2.15,1.65,2.19
BE1,11/05/2025,Genk,Club Brugge,0,2,A,1.62,2.25,1.63,2.22
BE1,11/05/2025,Dender,Oud-Heverlee Leuven,5,0,H,1.73,2.08,1.73,2.07
BE1,16/05/2025,Oud-Heverlee Leuven,Westerlo,0,2,A,1.5,2.5,1.49,2.53
BE1,17/05/2025,Standard,Dender,0,0,D,1.7,2.1,1.69,2.12
BE1,17/05/2025,Antwerp,St. Gilloise,0,4,A,1.8,2,1.77,2.02
BE1,18/05/2025,Anderlecht,Club Brugge,1,3,A,1.7,2.1,1.71,2.09
BE1,18/05/2025,Mechelen,Charleroi,1,1,D,1.6,2.3,1.58,2.32
BE1,18/05/2025,Gent,Genk,1,4,A,1.6,2.3,1.58,2.33
BE1,24/05/2025,Charleroi,Oud-Heverlee Leuven,2,1,H,1.57,2.35,1.59,2.31
BE1,24/05/2025,Dender,Mechelen,2,2,D,1.5,2.5,1.48,2.54
BE1,24/05/2025,Westerlo,Standard,0,0,D,1.5,2.5,1.49,2.5
BE1,25/05/2025,Club Brugge,Antwerp,1,1,D,1.36,3.1,1.38,2.87
BE1,25/05/2025,Genk,Anderlecht,2,1,H,1.7,2.1,1.71,2.1
BE1,25/05/2025,St. Gilloise,Gent,3,1,H,1.4,2.88,1.39,2.85
BE1,28/07/2023,St. Gilloise,Anderlecht,2,0,H,1.88,1.98,1.84,1.96
BE1,29/07/2023,Eupen,Westerlo,2,2,D,1.9,1.95,1.88,1.9
BE1,29/07/2023,Charleroi,Oud-Heverlee Leuven,1,1,D,1.73,2.08,1.76,2.03
BE1,29/07/2023,RWD Molenbeek,Genk,0,4,A,1.73,2.08,1.73,2.08
BE1,30/07/2023,Antwerp,Cercle Brugge,1,0,H,1.88,1.98,1.84,1.93
BE1,30/07/2023,Gent,Kortrijk,3,2,H,1.57,2.35,1.59,2.33
BE1,30/07/2023,Club Brugge,Mechelen,1,1,D,1.57,2.35,1.57,2.34
BE1,30/07/2023,St Truiden,Standard,1,0,H,2.08,1.73,2.05,1.75
BE1,04/08/2023,Standard,St. Gilloise,0,1,A,1.73,2.08,1.75,2.06
BE1,05/08/2023,Genk,Eupen,0,1,A,1.44,2.7,1.45,2.67
BE1,05/08/2023,Cercle Brugge,Charleroi,2,0,H,1.7,2.1,1.7,2.12
BE1,05/08/2023,Oud-Heverlee Leuven,RWD Molenbeek,1,2,A,1.67,2.15,1.66,2.18
BE1,06/08/2023,Anderlecht,Antwerp,1,0,H,1.8,2,1.77,2.03
BE1,06/08/2023,Mechelen,Gent,0,1,A,1.6,2.3,1.61,2.28
BE1,06/08/2023,Westerlo,Club Brugge,0,1,A,1.62,2.25,1.63,2.24
BE1,06/08/2023,Kortrijk,St Truiden,0,1,A,2.03,1.83,1.95,1.83
BE1,11/08/2023,Antwerp,Kortrijk,6,0,H,1.5,2.5,1.49,2.54
BE1,12/08/2023,RWD Molenbeek,Mechelen,1,0,H,1.6,2.3,1.6,2.3
BE1,12/08/2023,St. Gilloise,Oud-Heverlee Leuven,5,1,H,1.53,2.4,1.54,2.43
BE1,13/08/2023,St Truiden,Anderlecht,0,1,A,2,1.85,1.94,1.83
BE1,13/08/2023,Cercle Brugge,Genk,0,1,A,1.57,2.35,1.56,2.36
BE1,13/08/2023,Eupen,Club Brugge,0,5,A,1.57,2.35,1.56,2.34
BE1,13/08/2023,Charleroi,Standard,1,1,D,1.73,2.08,1.72,2.09
BE1,13/08/2023,Westerlo,Gent,1,3,A,1.57,2.35,1.54,2.41
BE1,18/08/2023,Oud-Heverlee Leuven,Antwerp,1,1,D,1.62,2.25,1.61,2.28
BE1,19/08/2023,Standard,Cercle Brugge,0,1,A,1.7,2.1,1.71,2.1
BE1,19/08/2023,Mechelen,St. Gilloise,4,0,H,1.62,2.25,1.62,2.25
BE1,20/08/2023,Anderlecht,Westerlo,2,1,H,1.65,2.2,1.64,2.21
BE1,20/08/2023,Genk,Charleroi,0,0,D,1.53,2.4,1.54,2.42
BE1,20/08/2023,Gent,St Truiden,2,2,D,1.73,2.08,1.73,2.09
BE1,20/08/2023,Club Brugge,RWD Molenbeek,7,1,H,1.44,2.7,1.44,2.69
BE1,20/08/2023,Kortrijk,Eupen,1,3,A,1.62,2.25,1.61,2.26
BE1,26/08/2023,Westerlo,Mechelen,2,3,A,1.57,2.35,1.57,2.35
BE1,26/08/2023,Eupen,Oud-Heverlee Leuven,3,1,H,1.57,2.35,1.55,2.39
BE1,26/08/2023,Kortrijk,Standard,1,1,D,1.7,2.1,1.67,2.17
BE1,27/08/2023,St Truiden,Cercle Brugge,0,2,A,1.98,1.88,1.92,1.86
BE1,27/08/2023,Anderlecht,Charleroi,2,1,H,1.73,2.08,1.73,2.09
BE1,01/09/2023,Oud-Heverlee Leuven,Kortrijk,3,0,H,1.36,3.1,1.39,2.88
BE1,02/09/2023,Cercle Brugge,Westerlo,2,1,H,1.57,2.35,1.56,2.37
BE1,02/09/2023,Mechelen,Eupen,1,0,H,1.57,2.35,1.54,2.42
BE1,02/09/2023,Standard,RWD Molenbeek,1,1,D,1.7,2.1,1.71,2.12
BE1,03/09/2023,Gent,Club Brugge,2,1,H,1.62,2.25,1.61,2.27
BE1,03/09/2023,St. Gilloise,Antwerp,2,2,D,2.03,1.83,1.98,1.81
BE1,03/09/2023,Genk,Anderlecht,1,1,D,1.65,2.2,1.63,2.22
BE1,03/09/2023,Charleroi,St Truiden,1,1,D,2.05,1.8,2.01,1.78
BE1,15/09/2023,Westerlo,Antwerp,0,3,A,1.65,2.2,1.64,2.23
BE1,16/09/2023,RWD Molenbeek,Cercle Brugge,2,1,H,1.62,2.25,1.63,2.25
BE1,16/09/2023,St. Gilloise,Genk,0,2,A,1.67,2.15,1.68,2.16
BE1,16/09/2023,Club Brugge,Charleroi,4,2,H,1.48,2.6,1.48,2.57
BE1,17/09/2023,Eupen,Standard,1,3,A,1.83,2.03,1.78,2.03
BE1,17/09/2023,Kortrijk,Anderlecht,2,2,D,1.6,2.3,1.6,2.31
BE1,17/09/2023,Oud-Heverlee Leuven,Gent,1,1,D,1.53,2.4,1.55,2.41
BE1,17/09/2023,St Truiden,Mechelen,2,0,H,1.98,1.88,1.94,1.85
BE1,22/09/2023,Standard,Westerlo,0,0,D,1.57,2.35,1.59,2.34
BE1,23/09/2023,Charleroi,Kortrijk,1,0,H,1.57,2.35,1.58,2.35
BE1,23/09/2023,Mechelen,Oud-Heverlee Leuven,1,2,A,1.57,2.35,1.56,2.37
BE1,23/09/2023,Antwerp,RWD Molenbeek,0,0,D,1.53,2.4,1.56,2.4
BE1,24/09/2023,Genk,St Truiden,3,3,D,1.67,2.15,1.69,2.14
BE1,24/09/2023,Cercle Brugge,St. Gilloise,0,2,A,1.83,2.03,1.81,1.99
BE1,24/09/2023,Anderlecht,Club Brugge,1,1,D,1.65,2.2,1.64,2.22
BE1,24/09/2023,Gent,Eupen,2,1,H,1.5,2.5,1.49,2.54
BE1,27/09/2023,Antwerp,Gent,0,0,D,1.7,2.1,1.71,2.12
BE1,28/09/2023,RWD Molenbeek,St. Gilloise,2,3,A,1.6,2.3,1.59,2.33
BE1,28/09/2023,Club Brugge,Genk,1,1,D,1.57,2.35,1.56,2.38
BE1,29/09/2023,Kortrijk,Cercle Brugge,2,1,H,1.5,2.5,1.5,2.53
BE1,30/09/2023,Eupen,Anderlecht,1,3,A,1.67,2.15,1.65,2.2
BE1,30/09/2023,Oud-Heverlee Leuven,Standard,1,2,A,1.57,2.35,1.54,2.4
BE1,30/09/2023,Mechelen,Antwerp,0,0,D,1.67,2.15,1.67,2.16
BE1,01/10/2023,St. Gilloise,Charleroi,3,1,H,1.57,2.35,1.58,2.34
BE1,01/10/2023,Genk,Westerlo,3,3,D,1.53,2.4,1.51,2.49
BE1,01/10/2023,Club Brugge,St Truiden,1,1,D,1.62,2.25,1.58,2.34
BE1,01/10/2023,RWD Molenbeek,Gent,1,1,D,1.53,2.4,1.56,2.4
BE1,06/10/2023,Charleroi,RWD Molenbeek,2,1,H,1.62,2.25,1.64,2.23
BE1,07/10/2023,Cercle Brugge,Oud-Heverlee Leuven,3,2,H,1.48,2.6,1.49,2.57
BE1,07/10/2023,Westerlo,Kortrijk,1,0,H,1.48,2.6,1.47,2.61
BE1,07/10/2023,Anderlecht,Mechelen,3,1,H,1.62,2.25,1.61,2.23
BE1,08/10/2023,Standard,Club Brugge,2,1,H,1.53,2.4,1.54,2.4
BE1,08/10/2023,Antwerp,Eupen,4,1,H,1.5,2.5,1.49,2.54
BE1,08/10/2023,Gent,Genk,1,1,D,1.57,2.35,1.56,2.37
BE1,08/10/2023,St Truiden,St. Gilloise,0,4,A,1.73,2.08,1.74,2.07
BE1,20/10/2023,St. Gilloise,Eupen,4,1,H,1.44,2.7,1.4,2.84
BE1,21/10/2023,Kortrijk,Club Brugge,1,0,H,1.44,2.7,1.44,2.72
BE1,21/10/2023,RWD Molenbeek,Westerlo,1,1,D,1.67,2.15,1.66,2.19
BE1,21/10/2023,Charleroi,Antwerp,3,2,H,1.83,2.03,1.83,1.97
BE1,22/10/2023,Genk,Mechelen,4,0,H,1.57,2.35,1.56,2.38
BE1,22/10/2023,Cercle Brugge,Gent,2,0,H,1.67,2.15,1.68,2.16
BE1,22/10/2023,Standard,Anderlecht,3,2,H,1.85,2,1.84,1.94
BE1,22/10/2023,Oud-Heverlee Leuven,St Truiden,4,0,H,1.73,2.08,1.74,2.07
BE1,27/10/2023,St Truiden,RWD Molenbeek,2,1,H,1.73,2.08,1.73,2.09
BE1,28/10/2023,Mechelen,Cercle Brugge,0,2,A,1.67,2.15,1.66,2.2
BE1,28/10/2023,Eupen,Charleroi,2,0,H,1.62,2.25,1.62,2.26
BE1,28/10/2023,Anderlecht,Oud-Heverlee Leuven,5,1,H,1.53,2.4,1.54,2.43
BE1,29/10/2023,Club Brugge,Antwerp,2,1,H,1.7,2.1,1.69,2.15
BE1,29/10/2023,Westerlo,St. Gilloise,1,3,A,1.57,2.35,1.56,2.39
BE1,29/10/2023,Gent,Standard,3,1,H,1.53,2.4,1.54,2.42
BE1,29/10/2023,Kortrijk,Genk,0,3,A,1.44,2.7,1.44,2.66
BE1,03/11/2023,St Truiden,Eupen,1,1,D,1.67,2.15,1.66,2.2
BE1,04/11/2023,RWD Molenbeek,Kortrijk,1,1,D,1.62,2.25,1.6,2.29
BE1,04/11/2023,Oud-Heverlee Leuven,Westerlo,0,2,A,1.53,2.4,1.53,2.47
BE1,04/11/2023,Antwerp,Genk,3,2,H,1.65,2.2,1.64,2.22
BE1,05/11/2023,Cercle Brugge,Anderlecht,0,3,A,1.73,2.08,1.73,2.08
BE1,05/11/2023,Standard,Mechelen,1,1,D,1.67,2.15,1.68,2.16
BE1,05/11/2023,St. Gilloise,Club Brugge,2,1,H,1.62,2.25,1.61,2.27
BE1,05/11/2023,Charleroi,Gent,1,3,A,1.65,2.2,1.64,2.22
BE1,10/11/2023,Westerlo,St Truiden,3,3,D,1.88,1.98,1.81,1.99
BE1,11/11/2023,Antwerp,Standard,6,0,H,1.67,2.15,1.68,2.15
BE1,11/11/2023,Eupen,RWD Molenbeek,1,3,A,1.67,2.15,1.68,2.16
BE1,11/11/2023,Mechelen,Charleroi,1,0,H,1.73,2.08,1.71,2.11
BE1,12/11/2023,Club Brugge,Cercle Brugge,0,0,D,1.57,2.35,1.56,2.37
BE1,12/11/2023,Genk,Oud-Heverlee Leuven,3,1,H,1.36,3.1,1.35,3.08
BE1,12/11/2023,Gent,Anderlecht,1,1,D,1.67,2.15,1.68,2.16
BE1,12/11/2023,St. Gilloise,Kortrijk,3,0,H,1.44,2.7,1.43,2.73
BE1,24/11/2023,St Truiden,Antwerp,1,1,D,2,1.85,1.97,1.82
BE1,25/11/2023,Cercle Brugge,Eupen,2,0,H,1.53,2.4,1.54,2.4
BE1,25/11/2023,Charleroi,Westerlo,3,2,H,1.7,2.1,1.69,2.14
BE1,25/11/2023,Standard,Genk,1,0,H,1.57,2.35,1.59,2.33
BE1,26/11/2023,Gent,St. Gilloise,1,1,D,1.67,2.15,1.68,2.17
BE1,26/11/2023,Oud-Heverlee Leuven,Club Brugge,0,1,A,1.53,2.4,1.51,2.5
BE1,26/11/2023,Anderlecht,RWD Molenbeek,2,1,H,1.6,2.3,1.6,2.31
BE1,26/11/2023,Kortrijk,Mechelen,0,3,A,1.73,2.08,1.75,2.05
BE1,01/12/2023,Westerlo,Anderlecht,1,3,A,1.73,2.08,1.71,2.11
BE1,02/12/2023,RWD Molenbeek,Charleroi,0,0,D,1.75,2.05,1.77,2.04
BE1,02/12/2023,Eupen,Kortrijk,1,1,D,1.7,2.1,1.66,2.19
BE1,02/12/2023,Antwerp,Oud-Heverlee Leuven,1,0,H,1.44,2.7,1.43,2.74
BE1,03/12/2023,Genk,Gent,2,2,D,1.57,2.35,1.54,2.41
BE1,03/12/2023,Mechelen,St Truiden,0,2,A,1.9,1.95,1.86,1.92
BE1,03/12/2023,Club Brugge,Standard,2,0,H,1.48,2.6,1.45,2.63
BE1,03/12/2023,St. Gilloise,Cercle Brugge,2,1,H,1.62,2.25,1.61,2.28
BE1,08/12/2023,Kortrijk,Westerlo,1,2,A,1.93,1.93,1.86,1.93
BE1,09/12/2023,Cercle Brugge,Antwerp,1,3,A,1.8,2,1.75,2.05
BE1,09/12/2023,St Truiden,Oud-Heverlee Leuven,1,1,D,1.67,2.15,1.65,2.21
BE1,09/12/2023,Gent,RWD Molenbeek,4,0,H,1.44,2.7,1.42,2.8
BE1,10/12/2023,Mechelen,Club Brugge,0,0,D,1.62,2.25,1.62,2.26
BE1,10/12/2023,Eupen,Genk,1,3,A,1.44,2.7,1.41,2.8
BE1,10/12/2023,Anderlecht,Standard,2,2,D,1.65,2.2,1.63,2.24
BE1,10/12/2023,Charleroi,St. Gilloise,1,3,A,1.7,2.1,1.71,2.11
BE1,15/12/2023,Westerlo,Eupen,2,0,H,1.67,2.15,1.66,2.19
BE1,16/12/2023,Oud-Heverlee Leuven,Cercle Brugge,1,2,A,1.6,2.3,1.58,2.34
BE1,16/12/2023,RWD Molenbeek,St Truiden,3,0,H,2.03,1.83,1.96,1.84
BE1,16/12/2023,Standard,Charleroi,0,0,D,1.9,1.95,1.83,1.97
BE1,17/12/2023,Club Brugge,Gent,2,0,H,1.67,2.15,1.66,2.19
BE1,17/12/2023,St. Gilloise,Mechelen,1,0,H,1.62,2.25,1.59,2.32
BE1,17/12/2023,Antwerp,Anderlecht,1,1,D,1.9,1.95,1.85,1.94
BE1,17/12/2023,Genk,Kortrijk,4,0,H,1.4,2.88,1.41,2.76
BE1,20/12/2023,Cercle Brugge,Kortrijk,3,0,H,1.57,2.35,1.58,2.34
BE1,20/12/2023,Mechelen,Standard,3,0,H,2,1.85,1.95,1.84
BE1,21/12/2023,Gent,Oud-Heverlee Leuven,4,0,H,1.36,3.1,1.36,3.04
BE1,22/12/2023,RWD Molenbeek,Club Brugge,1,6,A,1.62,2.25,1.63,2.23
BE1,23/12/2023,Eupen,St. Gilloise,1,2,A,1.48,2.6,1.47,2.6
BE1,23/12/2023,Antwerp,Westerlo,2,2,D,1.53,2.4,1.53,2.45
BE1,23/12/2023,St Truiden,Charleroi,1,0,H,2.05,1.75,2.02,1.77
BE1,23/12/2023,Anderlecht,Genk,2,1,H,1.67,2.15,1.65,2.2
BE1,26/12/2023,Genk,Antwerp,3,0,H,1.62,2.25,1.62,2.28
BE1,26/12/2023,Kortrijk,Gent,0,2,A,1.53,2.4,1.53,2.43
BE1,26/12/2023,Oud-Heverlee Leuven,Eupen,3,0,H,1.6,2.3,1.58,2.33
BE1,26/12/2023,Westerlo,RWD Molenbeek,3,0,H,1.75,2.05,1.76,2.04
BE1,26/12/2023,Club Brugge,St. Gilloise,1,1,D,1.88,1.98,1.83,1.96
BE1,27/12/2023,Standard,St Truiden,1,1,D,2.05,1.8,1.96,1.82
BE1,27/12/2023,Anderlecht,Cercle Brugge,2,0,H,1.7,2.1,1.72,2.09
BE1,27/12/2023,Charleroi,Mechelen,3,1,H,2.05,1.8,1.97,1.82
BE1,19/01/2024,Gent,Mechelen,1,2,A,1.73,2.08,1.72,2.1
BE1,20/01/2024,Genk,Cercle Brugge,1,1,D,1.6,2.3,1.57,2.35
BE1,20/01/2024,Standard,Kortrijk,0,1,A,1.85,2,1.8,1.99
BE1,20/01/2024,Club Brugge,Westerlo,3,0,H,1.48,2.6,1.45,2.66
BE1,21/01/2024,Antwerp,Charleroi,4,1,H,1.75,2.05,1.77,2.03
BE1,21/01/2024,St. Gilloise,St Truiden,2,1,H,1.7,2.1,1.69,2.14
BE1,21/01/2024,Oud-Heverlee Leuven,Anderlecht,1,1,D,1.6,2.3,1.57,2.35
BE1,24/01/2024,RWD Molenbeek,Eupen,0,1,A,1.75,2.05,1.73,2.06
BE1,26/01/2024,Cercle Brugge,Standard,1,1,D,1.65,2.2,1.64,2.25
BE1,27/01/2024,Kortrijk,Oud-Heverlee Leuven,0,0,D,1.67,2.15,1.64,2.21
BE1,27/01/2024,Charleroi,Club Brugge,1,4,A,1.7,2.1,1.69,2.14
BE1,27/01/2024,Gent,Westerlo,2,2,D,1.5,2.5,1.51,2.5
BE1,28/01/2024,St Truiden,Genk,1,1,D,1.85,2,1.8,1.99
BE1,28/01/2024,Eupen,Antwerp,1,0,H,1.53,2.4,1.52,2.46
BE1,28/01/2024,Anderlecht,St. Gilloise,2,2,D,1.83,2.03,1.78,2.01
BE1,28/01/2024,Mechelen,RWD Molenbeek,3,1,H,1.93,1.93,1.88,1.91
BE1,30/01/2024,Club Brugge,Kortrijk,3,3,D,1.36,3.1,1.36,3.07
BE1,30/01/2024,Westerlo,Cercle Brugge,4,2,H,1.83,2.03,1.79,2.01
BE1,31/01/2024,Charleroi,Eupen,1,0,H,1.75,2.05,1.74,2.07
BE1,31/01/2024,Oud-Heverlee Leuven,Genk,2,1,H,1.57,2.35,1.56,2.37
BE1,31/01/2024,St. Gilloise,RWD Molenbeek,3,2,H,1.44,2.7,1.42,2.78
BE1,31/01/2024,Standard,Antwerp,0,1,A,1.88,1.98,1.83,1.96
BE1,01/02/2024,Mechelen,Anderlecht,2,2,D,1.98,1.88,1.93,1.86
BE1,01/02/2024,St Truiden,Gent,4,1,H,1.95,1.9,1.89,1.9
BE1,03/02/2024,RWD Molenbeek,Standard,2,2,D,2.03,1.83,1.99,1.81
BE1,03/02/2024,Kortrijk,Charleroi,1,0,H,1.88,1.98,1.84,1.96
BE1,03/02/2024,Westerlo,Oud-Heverlee Leuven,0,3,A,1.67,2.15,1.64,2.24
BE1,03/02/2024,Genk,St. Gilloise,0,1,A,1.73,2.08,1.72,2.11
BE1,04/02/2024,Antwerp,Club Brugge,2,1,H,1.83,2.03,1.8,2.01
BE1,04/02/2024,Eupen,Mechelen,0,1,A,1.83,2.03,1.8,1.99
BE1,04/02/2024,Anderlecht,Gent,1,0,H,1.83,2.03,1.82,1.98
BE1,04/02/2024,Cercle Brugge,St Truiden,4,1,H,1.73,2.08,1.74,2.08
BE1,09/02/2024,St Truiden,Kortrijk,1,0,H,1.75,2.05,1.77,2.04
BE1,10/02/2024,Standard,Oud-Heverlee Leuven,1,0,H,1.83,2.03,1.79,2.01
BE1,10/02/2024,St. Gilloise,Westerlo,2,2,D,1.53,2.4,1.52,2.47
BE1,10/02/2024,Club Brugge,Eupen,4,0,H,1.4,2.88,1.38,2.94
BE1,11/02/2024,RWD Molenbeek,Antwerp,0,4,A,1.67,2.15,1.68,2.16
BE1,11/02/2024,Mechelen,Genk,1,1,D,1.73,2.08,1.72,2.1
BE1,11/02/2024,Charleroi,Anderlecht,1,3,A,1.9,1.95,1.85,1.93
BE1,11/02/2024,Gent,Cercle Brugge,1,2,A,1.7,2.1,1.71,2.12
BE1,16/02/2024,Westerlo,Standard,2,1,H,2.05,1.8,1.99,1.81
BE1,17/02/2024,Genk,RWD Molenbeek,3,1,H,1.53,2.4,1.53,2.44
BE1,17/02/2024,Oud-Heverlee Leuven,Charleroi,0,0,D,1.88,1.98,1.85,1.95
BE1,17/02/2024,Antwerp,Mechelen,0,1,A,1.8,2,1.77,2.04
BE1,18/02/2024,Cercle Brugge,Club Brugge,1,1,D,1.75,2.05,1.76,2.05
BE1,18/02/2024,Kortrijk,St. Gilloise,1,3,A,1.57,2.35,1.57,2.37
BE1,18/02/2024,Anderlecht,St Truiden,4,1,H,1.85,2,1.82,1.98
BE1,18/02/2024,Eupen,Gent,0,2,A,1.7,2.1,1.69,2.16
BE1,23/02/2024,Charleroi,Genk,0,1,A,1.83,2.03,1.8,2
BE1,24/02/2024,RWD Molenbeek,Oud-Heverlee Leuven,1,1,D,1.9,1.95,1.86,1.94
BE1,24/02/2024,St Truiden,Westerlo,1,0,H,1.93,1.93,1.87,1.92
BE1,24/02/2024,Mechelen,Kortrijk,3,0,H,1.8,2,1.78,2.02
BE1,25/02/2024,Club Brugge,Anderlecht,1,2,A,1.67,2.15,1.68,2.16
BE1,25/02/2024,Gent,Antwerp,2,2,D,1.85,2,1.81,1.99
BE1,25/02/2024,St. Gilloise,Standard,2,1,H,1.7,2.1,1.69,2.14
BE1,25/02/2024,Eupen,Cercle Brugge,0,2,A,1.73,2.08,1.72,2.1
BE1,01/03/2024,Westerlo,Charleroi,0,1,A,2.03,1.83,1.99,1.81
BE1,02/03/2024,Cercle Brugge,Mechelen,2,3,A,1.88,1.98,1.85,1.95
BE1,02/03/2024,Oud-Heverlee Leuven,St. Gilloise,0,2,A,1.67,2.15,1.66,2.19
BE1,02/03/2024,Standard,Gent,4,2,H,1.95,1.9,1.91,1.88
BE1,03/03/2024,Genk,Club Brugge,0,3,A,1.73,2.08,1.73,2.09
BE1,03/03/2024,Antwerp,St Truiden,3,0,H,1.8,2,1.8,1.99
BE1,03/03/2024,Anderlecht,Eupen,1,0,H,1.57,2.35,1.58,2.34
BE1,03/03/2024,Kortrijk,RWD Molenbeek,3,2,H,1.95,1.9,1.91,1.88
BE1,08/03/2024,Mechelen,Westerlo,3,1,H,1.98,1.88,1.94,1.86
BE1,09/03/2024,Kortrijk,Antwerp,0,1,A,1.62,2.25,1.61,2.3
BE1,09/03/2024,Charleroi,Cercle Brugge,0,0,D,1.88,1.98,1.85,1.96
BE1,09/03/2024,RWD Molenbeek,Anderlecht,0,3,A,1.7,2.1,1.69,2.16
BE1,10/03/2024,Genk,Standard,1,0,H,1.73,2.08,1.73,2.09
BE1,10/03/2024,Club Brugge,Oud-Heverlee Leuven,3,1,H,1.44,2.7,1.46,2.66
BE1,10/03/2024,St. Gilloise,Gent,1,1,D,1.7,2.1,1.69,2.15
BE1,10/03/2024,Eupen,St Truiden,1,0,H,2.03,1.83,1.98,1.81
BE1,16/03/2024,Standard,Eupen,4,0,H,1.85,2,1.83,1.97
BE1,16/03/2024,Anderlecht,Kortrijk,0,1,A,1.48,2.6,1.46,2.65
BE1,17/03/2024,St Truiden,Club Brugge,2,1,H,1.73,2.08,1.73,2.08
BE1,17/03/2024,Antwerp,St. Gilloise,1,1,D,1.8,2,1.77,2.02
BE1,17/03/2024,Cercle Brugge,RWD Molenbeek,4,0,H,1.57,2.35,1.55,2.4
BE1,17/03/2024,Gent,Charleroi,5,0,H,1.7,2.1,1.71,2.11
BE1,17/03/2024,Oud-Heverlee Leuven,Mechelen,1,0,H,1.85,2,1.82,1.98
BE1,17/03/2024,Westerlo,Genk,1,1,D,1.67,2.15,1.67,2.17
BE1,29/03/2024,Gent,Standard,5,1,H,1.67,2.15,1.68,2.18
BE1,30/03/2024,Oud-Heverlee Leuven,Mechelen,2,3,A,1.85,2,1.82,1.98
BE1,30/03/2024,Anderlecht,Antwerp,1,0,H,1.8,2,1.78,2.02
BE1,31/03/2024,St Truiden,Westerlo,2,0,H,1.9,1.95,1.87,1.91
BE1,01/04/2024,Cercle Brugge,Club Brugge,1,1,D,1.7,2.1,1.71,2.09
BE1,01/04/2024,Genk,St. Gilloise,1,0,H,1.7,2.1,1.71,2.1
BE1,05/04/2024,Mechelen,St Truiden,2,3,A,1.88,1.98,1.86,1.94
BE1,06/04/2024,Charleroi,RWD Molenbeek,0,0,D,1.88,1.98,1.84,1.96
BE1,06/04/2024,Standard,Oud-Heverlee Leuven,0,0,D,1.75,2.05,1.77,2.05
BE1,06/04/2024,Antwerp,Genk,0,1,A,1.8,2,1.79,2.02
BE1,07/04/2024,St. Gilloise,Cercle Brugge,2,3,A,1.73,2.08,1.75,2.07
BE1,07/04/2024,Eupen,Kortrijk,1,1,D,1.93,1.93,1.88,1.91
BE1,07/04/2024,Club Brugge,Anderlecht,3,1,H,1.8,2,1.78,2.03
BE1,07/04/2024,Westerlo,Gent,0,3,A,1.67,2.15,1.68,2.18
BE1,12/04/2024,St Truiden,Standard,3,3,D,1.9,1.95,1.89,1.89
BE1,13/04/2024,RWD Molenbeek,Eupen,3,1,H,1.95,1.9,1.9,1.88
BE1,13/04/2024,Mechelen,Westerlo,3,2,H,1.75,2.05,1.75,2.05
BE1,13/04/2024,Genk,Cercle Brugge,1,1,D,1.65,2.2,1.64,2.22
BE1,14/04/2024,Club Brugge,Antwerp,3,0,H,1.7,2.1,1.72,2.1
BE1,14/04/2024,Kortrijk,Charleroi,1,2,A,2.03,1.83,1.97,1.83
BE1,14/04/2024,Anderlecht,St. Gilloise,2,1,H,1.85,2,1.84,1.95
BE1,14/04/2024,Oud-Heverlee Leuven,Gent,2,1,H,1.57,2.35,1.57,2.35
BE1,20/04/2024,Oud-Heverlee Leuven,St Truiden,1,0,H,1.75,2.05,1.77,2.03
BE1,20/04/2024,Westerlo,Standard,3,3,D,1.73,2.08,1.75,2.06
BE1,20/04/2024,Gent,Mechelen,3,1,H,1.7,2.1,1.73,2.08
BE1,20/04/2024,Genk,Anderlecht,2,1,H,1.73,2.08,1.73,2.08
BE1,21/04/2024,Cercle Brugge,Antwerp,0,1,A,1.85,2,1.83,1.96
BE1,21/04/2024,Kortrijk,RWD Molenbeek,2,4,A,2,1.85,1.95,1.83
BE1,21/04/2024,St. Gilloise,Club Brugge,1,2,A,1.85,2,1.82,1.96
BE1,21/04/2024,Charleroi,Eupen,1,0,H,1.88,1.98,1.85,1.93
BE1,23/04/2024,St Truiden,Gent,0,2,A,1.57,2.35,1.57,2.38
BE1,23/04/2024,Standard,Mechelen,0,0,D,1.73,2.08,1.76,2.05
BE1,23/04/2024,Westerlo,Oud-Heverlee Leuven,1,1,D,1.62,2.25,1.64,2.24
BE1,24/04/2024,Anderlecht,Cercle Brugge,3,0,H,1.7,2.1,1.72,2.1
BE1,24/04/2024,Club Brugge,Genk,4,0,H,1.65,2.2,1.64,2.22
BE1,25/04/2024,Antwerp,St. Gilloise,0,3,A,1.93,1.93,1.89,1.89
BE1,26/04/2024,Eupen,Charleroi,1,2,A,2.25,1.62,2.26,1.63
BE1,27/04/2024,Mechelen,Oud-Heverlee Leuven,3,0,H,1.67,2.15,1.69,2.14
BE1,27/04/2024,Standard,St Truiden,1,1,D,1.88,1.98,1.87,1.92
BE1,27/04/2024,Gent,Westerlo,3,2,H,1.4,2.88,1.4,2.87
BE1,28/04/2024,Genk,Club Brugge,0,3,A,1.65,2.2,1.63,2.23
BE1,28/04/2024,Cercle Brugge,Anderlecht,1,1,D,1.7,2.1,1.71,2.12
BE1,28/04/2024,St. Gilloise,Antwerp,4,1,H,1.67,2.15,1.68,2.14
BE1,28/04/2024,RWD Molenbeek,Kortrijk,0,1,A,1.93,1.93,1.87,1.91
BE1,03/05/2024,Westerlo,St Truiden,2,2,D,1.5,2.5,1.51,2.51
BE1,04/05/2024,RWD Molenbeek,Charleroi,1,3,A,1.93,1.93,1.87,1.89
BE1,04/05/2024,Mechelen,Gent,2,4,A,1.53,2.4,1.52,2.46
BE1,04/05/2024,Cercle Brugge,Genk,4,1,H,1.62,2.25,1.63,2.24
BE1,05/05/2024,Antwerp,Club Brugge,1,2,A,1.8,2,1.77,2.01
BE1,05/05/2024,Oud-Heverlee Leuven,Standard,3,1,H,1.67,2.15,1.69,2.11
BE1,05/05/2024,St. Gilloise,Anderlecht,0,0,D,1.75,2.05,1.74,2.05
BE1,05/05/2024,Kortrijk,Eupen,1,0,H,1.9,1.95,1.86,1.91
BE1,11/05/2024,Charleroi,Kortrijk,3,1,H,1.93,1.93,1.88,1.9
BE1,11/05/2024,Eupen,RWD Molenbeek,2,0,H,1.7,2.1,1.71,2.1
BE1,11/05/2024,Anderlecht,Genk,2,1,H,1.7,2.1,1.73,2.09
BE1,12/05/2024,Gent,Oud-Heverlee Leuven,0,1,A,1.36,3.1,1.36,3.04
BE1,12/05/2024,St Truiden,Mechelen,2,1,H,1.6,2.3,1.58,2.32
BE1,12/05/2024,Antwerp,Cercle Brugge,1,2,A,1.73,2.08,1.71,2.1
BE1,13/05/2024,Club Brugge,St. Gilloise,2,2,D,1.83,2.03,1.79,1.98
BE1,17/05/2024,St Truiden,Oud-Heverlee Leuven,1,1,D,1.57,2.35,1.56,2.39
BE1,18/05/2024,Westerlo,Mechelen,0,2,A,1.53,2.4,1.51,2.51
BE1,18/05/2024,Standard,Gent,1,4,A,1.5,2.5,1.51,2.5
BE1,19/05/2024,Cercle Brugge,St. Gilloise,1,2,A,1.67,2.15,1.67,2.16
BE1,19/05/2024,Anderlecht,Club Brugge,0,1,A,1.75,2.05,1.76,2.03
BE1,20/05/2024,Genk,Antwerp,1,0,H,1.67,2.15,1.67,2.16
BE1,25/05/2024,Gent,St Truiden,2,0,H,1.4,2.88,1.39,2.87
BE1,25/05/2024,Mechelen,Standard,3,2,H,1.57,2.35,1.58,2.33
BE1,25/05/2024,Oud-Heverlee Leuven,Westerlo,1,2,A,1.5,2.5,1.5,2.5
BE1,26/05/2024,Antwerp,Anderlecht,3,1,H,1.73,2.08,1.73,2.07
BE1,26/05/2024,Club Brugge,Cercle Brugge,0,0,D,1.5,2.5,1.51,2.48
BE1,26/05/2024,St. Gilloise,Genk,2,0,H,1.57,2.35,1.58,2.31
BE1,02/06/2024,Genk,Gent,0,1,A,1.6,2.3,1.59,2.3
DNK1,15/07/2022,Midtjylland,Randers FC,1,1,D,1.80,2.00,1.80,2.00
DNK1,17/07/2022,Lyngby,Silkeborg,2,2,D,1.80,2.00,1.80,2.00
DNK1,17/07/2022,Viborg,Aalborg,2,1,H,1.80,2.00,1.80,2.00
DNK1,17/07/2022,FC Copenhagen,Horsens,0,1,A,1.80,2.00,1.80,2.00
DNK1,17/07/2022,Brondby,Aarhus,1,0,H,1.80,2.00,1.80,2.00
DNK1,18/07/2022,Odense,Nordsjaelland,0,2,A,1.80,2.00,1.80,2.00
DNK1,22/07/2022,Midtjylland,Silkeborg,1,3,A,1.80,2.00,1.80,2.00
DNK1,24/07/2022,Aarhus,Viborg,3,1,H,1.80,2.00,1.80,2.00
DNK1,24/07/2022,Randers FC,Odense,2,2,D,1.80,2.00,1.80,2.00
DNK1,24/07/2022,Brondby,Nordsjaelland,1,3,A,1.80,2.00,1.80,2.00
DNK1,24/07/2022,Aalborg,FC Copenhagen,1,3,A,1.80,2.00,1.80,2.00
DNK1,25/07/2022,Horsens,Lyngby,1,0,H,1.80,2.00,1.80,2.00
DNK1,29/07/2022,Odense,Midtjylland,1,5,A,1.80,2.00,1.80,2.00
DNK1,31/07/2022,Aalborg,Horsens,0,0,D,1.80,2.00,1.80,2.00
DNK1,31/07/2022,Aarhus,Randers FC,0,0,D,1.80,2.00,1.80,2.00
DNK1,31/07/2022,Viborg,FC Copenhagen,4,2,H,1.80,2.00,1.80,2.00
DNK1,31/07/2022,Silkeborg,Brondby,2,0,H,1.80,2.00,1.80,2.00
DNK1,01/08/2022,Nordsjaelland,Lyngby,2,1,H,1.80,2.00,1.80,2.00
DNK1,05/08/2022,Randers FC,Horsens,1,0,H,1.80,2.00,1.80,2.00
DNK1,05/08/2022,Lyngby,Midtjylland,3,3,D,1.80,2.00,1.80,2.00
DNK1,06/08/2022,Nordsjaelland,Viborg,1,0,H,1.80,2.00,1.80,2.00
DNK1,07/08/2022,FC Copenhagen,Brondby,4,1,H,1.80,2.00,1.80,2.00
DNK1,07/08/2022,Odense,Aarhus,1,2,A,1.80,2.00,1.80,2.00
DNK1,08/08/2022,Silkeborg,Aalborg,3,1,H,1.80,2.00,1.80,2.00
DNK1,12/08/2022,Horsens,Midtjylland,3,3,D,1.80,2.00,1.80,2.00
DNK1,12/08/2022,FC Copenhagen,Randers FC,1,3,A,1.80,2.00,1.80,2.00
DNK1,14/08/2022,Viborg,Silkeborg,2,0,H,1.80,2.00,1.80,2.00
DNK1,14/08/2022,Aalborg,Nordsjaelland,0,0,D,1.80,2.00,1.80,2.00
DNK1,14/08/2022,Brondby,Odense,2,0,H,1.80,2.00,1.80,2.00
DNK1,15/08/2022,Aarhus,Lyngby,1,0,H,1.80,2.00,1.80,2.00
DNK1,19/08/2022,Lyngby,FC Copenhagen,0,3,A,1.80,2.00,1.80,2.00
DNK1,20/08/2022,Midtjylland,Aarhus,0,2,A,1.80,2.00,1.80,2.00
DNK1,21/08/2022,Nordsjaelland,Silkeborg,0,2,A,1.80,2.00,1.80,2.00
DNK1,21/08/2022,Randers FC,Viborg,1,0,H,1.80,2.00,1.80,2.00
DNK1,21/08/2022,Aalborg,Brondby,2,1,H,1.80,2.00,1.80,2.00
DNK1,22/08/2022,Odense,Horsens,1,0,H,1.80,2.00,1.80,2.00
DNK1,26/08/2022,Horsens,Aarhus,2,1,H,1.80,2.00,1.80,2.00
DNK1,28/08/2022,Randers FC,Aalborg,1,0,H,1.80,2.00,1.80,2.00
DNK1,28/08/2022,Viborg,Lyngby,2,1,H,1.80,2.00,1.80,2.00
DNK1,28/08/2022,Nordsjaelland,FC Copenhagen,3,1,H,1.80,2.00,1.80,2.00
DNK1,28/08/2022,Silkeborg,Odense,1,2,A,1.80,2.00,1.80,2.00
DNK1,29/08/2022,Brondby,Midtjylland,0,2,A,1.80,2.00,1.80,2.00
DNK1,02/09/2022,FC Copenhagen,Silkeborg,1,0,H,1.80,2.00,1.80,2.00
DNK1,04/09/2022,Lyngby,Randers FC,0,2,A,1.80,2.00,1.80,2.00
DNK1,04/09/2022,Odense,Viborg,1,2,A,1.80,2.00,1.80,2.00
DNK1,04/09/2022,Horsens,Brondby,0,2,A,1.80,2.00,1.80,2.00
DNK1,04/09/2022,Midtjylland,Aalborg,0,2,A,1.80,2.00,1.80,2.00
DNK1,05/09/2022,Aarhus,Nordsjaelland,2,3,A,1.80,2.00,1.80,2.00
DNK1,10/09/2022,Odense,FC Copenhagen,2,1,H,1.80,2.00,1.80,2.00
DNK1,11/09/2022,Aalborg,Lyngby,1,1,D,1.80,2.00,1.80,2.00
DNK1,11/09/2022,Nordsjaelland,Midtjylland,1,1,D,1.80,2.00,1.80,2.00
DNK1,11/09/2022,Brondby,Randers FC,2,2,D,1.80,2.00,1.80,2.00
DNK1,11/09/2022,Silkeborg,Aarhus,1,0,H,1.80,2.00,1.80,2.00
DNK1,12/09/2022,Viborg,Horsens,2,1,H,1.80,2.00,1.80,2.00
DNK1,16/09/2022,Horsens,Nordsjaelland,1,0,H,1.80,2.00,1.80,2.00
DNK1,17/09/2022,Aarhus,Aalborg,3,1,H,1.80,2.00,1.80,2.00
DNK1,18/09/2022,Lyngby,Odense,0,2,A,1.80,2.00,1.80,2.00
DNK1,18/09/2022,Randers FC,Silkeborg,3,2,H,1.80,2.00,1.80,2.00
DNK1,18/09/2022,Viborg,Brondby,0,0,D,1.80,2.00,1.80,2.00
DNK1,18/09/2022,Midtjylland,FC Copenhagen,2,1,H,1.80,2.00,1.80,2.00
DNK1,30/09/2022,Aalborg,Odense,1,1,D,1.80,2.00,1.80,2.00
DNK1,02/10/2022,Midtjylland,Viborg,1,1,D,1.80,2.00,1.80,2.00
DNK1,02/10/2022,Silkeborg,Horsens,2,1,H,1.80,2.00,1.80,2.00
DNK1,02/10/2022,Brondby,Lyngby,3,3,D,1.80,2.00,1.80,2.00
DNK1,02/10/2022,FC Copenhagen,Aarhus,1,0,H,1.80,2.00,1.80,2.00
DNK1,03/10/2022,Nordsjaelland,Randers FC,3,1,H,1.80,2.00,1.80,2.00
DNK1,07/10/2022,Lyngby,Viborg,1,1,D,1.80,2.00,1.80,2.00
DNK1,08/10/2022,FC Copenhagen,Nordsjaelland,1,1,D,1.80,2.00,1.80,2.00
DNK1,09/10/2022,Aarhus,Midtjylland,0,1,A,1.80,2.00,1.80,2.00
DNK1,09/10/2022,Odense,Silkeborg,1,1,D,1.80,2.00,1.80,2.00
DNK1,09/10/2022,Randers FC,Brondby,2,3,A,1.80,2.00,1.80,2.00
DNK1,10/10/2022,Horsens,Aalborg,0,0,D,1.80,2.00,1.80,2.00
DNK1,14/10/2022,Lyngby,Aalborg,0,2,A,1.80,2.00,1.80,2.00
DNK1,16/10/2022,Brondby,FC Copenhagen,1,1,D,1.80,2.00,1.80,2.00
DNK1,16/10/2022,Viborg,Odense,0,0,D,1.80,2.00,1.80,2.00
DNK1,16/10/2022,Nordsjaelland,Aarhus,1,1,D,1.80,2.00,1.80,2.00
DNK1,16/10/2022,Midtjylland,Horsens,2,1,H,1.80,2.00,1.80,2.00
DNK1,17/10/2022,Silkeborg,Randers FC,3,3,D,1.80,2.00,1.80,2.00
DNK1,21/10/2022,Odense,Lyngby,3,1,H,1.80,2.00,1.80,2.00
DNK1,22/10/2022,FC Copenhagen,Midtjylland,1,1,D,1.80,2.00,1.80,2.00
DNK1,23/10/2022,Randers FC,Nordsjaelland,0,2,A,1.80,2.00,1.80,2.00
DNK1,23/10/2022,Horsens,Silkeborg,3,2,H,1.80,2.00,1.80,2.00
DNK1,23/10/2022,Aarhus,Brondby,2,2,D,1.80,2.00,1.80,2.00
DNK1,24/10/2022,Aalborg,Viborg,1,3,A,1.80,2.00,1.80,2.00
DNK1,28/10/2022,Nordsjaelland,Horsens,2,0,H,1.80,2.00,1.80,2.00
DNK1,29/10/2022,Randers FC,FC Copenhagen,0,2,A,1.80,2.00,1.80,2.00
DNK1,30/10/2022,Lyngby,Aarhus,0,1,A,1.80,2.00,1.80,2.00
DNK1,30/10/2022,Silkeborg,Viborg,1,2,A,1.80,2.00,1.80,2.00
DNK1,30/10/2022,Brondby,Aalborg,3,2,H,1.80,2.00,1.80,2.00
DNK1,31/10/2022,Midtjylland,Odense,1,2,A,1.80,2.00,1.80,2.00
DNK1,04/11/2022,Horsens,Randers FC,5,1,H,1.80,2.00,1.80,2.00
DNK1,06/11/2022,Aalborg,Silkeborg,1,2,A,1.80,2.00,1.80,2.00
DNK1,06/11/2022,Viborg,Aarhus,1,1,D,1.80,2.00,1.80,2.00
DNK1,06/11/2022,FC Copenhagen,Lyngby,3,0,H,1.80,2.00,1.80,2.00
DNK1,06/11/2022,Odense,Brondby,1,1,D,1.80,2.00,1.80,2.00
DNK1,07/11/2022,Midtjylland,Nordsjaelland,0,0,D,1.80,2.00,1.80,2.00
DNK1,12/11/2022,Silkeborg,Lyngby,0,2,A,1.80,2.00,1.80,2.00
DNK1,13/11/2022,Aarhus,FC Copenhagen,0,2,A,1.80,2.00,1.80,2.00
DNK1,13/11/2022,Horsens,Odense,3,3,D,1.80,2.00,1.80,2.00
DNK1,13/11/2022,Brondby,Viborg,0,2,A,1.80,2.00,1.80,2.00
DNK1,13/11/2022,Nordsjaelland,Aalborg,5,1,H,1.80,2.00,1.80,2.00
DNK1,13/11/2022,Randers FC,Midtjylland,0,0,D,1.80,2.00,1.80,2.00
DNK1,17/02/2023,Aalborg,Aarhus,0,1,A,1.80,2.00,1.80,2.00
DNK1,19/02/2023,Lyngby,Nordsjaelland,1,1,D,1.80,2.00,1.80,2.00
DNK1,19/02/2023,Odense,Randers FC,0,0,D,1.80,2.00,1.80,2.00
DNK1,19/02/2023,Silkeborg,FC Copenhagen,0,3,A,1.80,2.00,1.80,2.00
DNK1,19/02/2023,Brondby,Horsens,5,2,H,1.80,2.00,1.80,2.00
DNK1,20/02/2023,Viborg,Midtjylland,0,4,A,1.80,2.00,1.80,2.00
DNK1,24/02/2023,Nordsjaelland,Odense,4,2,H,1.80,2.00,1.80,2.00
DNK1,26/02/2023,Horsens,Viborg,0,3,A,1.80,2.00,1.80,2.00
DNK1,26/02/2023,Randers FC,Lyngby,1,0,H,1.80,2.00,1.80,2.00
DNK1,26/02/2023,FC Copenhagen,Aalborg,1,0,H,1.80,2.00,1.80,2.00
DNK1,26/02/2023,Aarhus,Silkeborg,1,1,D,1.80,2.00,1.80,2.00
DNK1,27/02/2023,Midtjylland,Brondby,0,1,A,1.80,2.00,1.80,2.00
DNK1,03/03/2023,Aarhus,Horsens,2,0,H,1.80,2.00,1.80,2.00
DNK1,05/03/2023,Silkeborg,Nordsjaelland,2,1,H,1.80,2.00,1.80,2.00
DNK1,05/03/2023,Viborg,Randers FC,2,2,D,1.80,2.00,1.80,2.00
DNK1,05/03/2023,Lyngby,Brondby,1,0,H,1.80,2.00,1.80,2.00
DNK1,05/03/2023,FC Copenhagen,Odense,7,0,H,1.80,2.00,1.80,2.00
DNK1,06/03/2023,Aalborg,Midtjylland,0,0,D,1.80,2.00,1.80,2.00
DNK1,10/03/2023,Odense,Aalborg,2,1,H,1.80,2.00,1.80,2.00
DNK1,12/03/2023,Midtjylland,Lyngby,1,3,A,1.80,2.00,1.80,2.00
DNK1,12/03/2023,Viborg,Nordsjaelland,1,1,D,1.80,2.00,1.80,2.00
DNK1,12/03/2023,Horsens,FC Copenhagen,1,4,A,1.80,2.00,1.80,2.00
DNK1,12/03/2023,Brondby,Silkeborg,2,1,H,1.80,2.00,1.80,2.00
DNK1,13/03/2023,Randers FC,Aarhus,1,2,A,1.80,2.00,1.80,2.00
DNK1,19/03/2023,Aalborg,Randers FC,0,1,A,1.80,2.00,1.80,2.00
DNK1,19/03/2023,Aarhus,Odense,1,0,H,1.80,2.00,1.80,2.00
DNK1,19/03/2023,FC Copenhagen,Viborg,2,1,H,1.80,2.00,1.80,2.00
DNK1,19/03/2023,Lyngby,Horsens,1,1,D,1.80,2.00,1.80,2.00
DNK1,19/03/2023,Nordsjaelland,Brondby,2,1,H,1.80,2.00,1.80,2.00
DNK1,19/03/2023,Silkeborg,Midtjylland,3,3,D,1.80,2.00,1.80,2.00
DNK1,31/03/2023,Odense,Midtjylland,1,3,A,1.80,2.00,1.80,2.00
DNK1,02/04/2023,Horsens,Aalborg,0,4,A,1.80,2.00,1.80,2.00
DNK1,02/04/2023,Lyngby,Silkeborg,1,1,D,1.80,2.00,1.80,2.00
DNK1,02/04/2023,Brondby,Viborg,0,3,A,1.80,2.00,1.80,2.00
DNK1,02/04/2023,FC Copenhagen,Nordsjaelland,2,1,H,1.80,2.00,1.80,2.00
DNK1,03/04/2023,Aarhus,Randers FC,1,1,D,1.80,2.00,1.80,2.00
DNK1,09/04/2023,Viborg,Aarhus,0,1,A,1.80,2.00,1.80,2.00
DNK1,10/04/2023,Aalborg,Odense,2,3,A,1.80,2.00,1.80,2.00
DNK1,10/04/2023,Midtjylland,Lyngby,1,0,H,1.80,2.00,1.80,2.00
DNK1,10/04/2023,Randers FC,FC Copenhagen,1,0,H,1.80,2.00,1.80,2.00
DNK1,10/04/2023,Nordsjaelland,Brondby,2,1,H,1.80,2.00,1.80,2.00
DNK1,11/04/2023,Silkeborg,Horsens,1,2,A,1.80,2.00,1.80,2.00
DNK1,14/04/2023,Midtjylland,Aalborg,1,1,D,1.80,2.00,1.80,2.00
DNK1,16/04/2023,Lyngby,Horsens,2,1,H,1.80,2.00,1.80,2.00
DNK1,16/04/2023,Odense,Silkeborg,2,0,H,1.80,2.00,1.80,2.00
DNK1,16/04/2023,FC Copenhagen,Viborg,2,1,H,1.80,2.00,1.80,2.00
DNK1,16/04/2023,Brondby,Aarhus,1,0,H,1.80,2.00,1.80,2.00
DNK1,17/04/2023,Randers FC,Nordsjaelland,1,1,D,1.80,2.00,1.80,2.00
DNK1,21/04/2023,Silkeborg,Aalborg,2,2,D,1.80,2.00,1.80,2.00
DNK1,23/04/2023,Horsens,Midtjylland,0,2,A,1.80,2.00,1.80,2.00
DNK1,23/04/2023,Viborg,Nordsjaelland,1,0,H,1.80,2.00,1.80,2.00
DNK1,23/04/2023,Brondby,Randers FC,0,4,A,1.80,2.00,1.80,2.00
DNK1,23/04/2023,Aarhus,FC Copenhagen,0,0,D,1.80,2.00,1.80,2.00
DNK1,24/04/2023,Odense,Lyngby,2,2,D,1.80,2.00,1.80,2.00
DNK1,28/04/2023,Horsens,Odense,2,2,D,1.80,2.00,1.80,2.00
DNK1,30/04/2023,Aalborg,Lyngby,1,0,H,1.80,2.00,1.80,2.00
DNK1,30/04/2023,Viborg,Randers FC,3,1,H,1.80,2.00,1.80,2.00
DNK1,30/04/2023,FC Copenhagen,Brondby,0,1,A,1.80,2.00,1.80,2.00
DNK1,30/04/2023,Nordsjaelland,Aarhus,0,1,A,1.80,2.00,1.80,2.00
DNK1,01/05/2023,Midtjylland,Silkeborg,3,0,H,1.80,2.00,1.80,2.00
DNK1,07/05/2023,Aalborg,Horsens,4,0,H,1.80,2.00,1.80,2.00
DNK1,07/05/2023,Lyngby,Midtjylland,2,1,H,1.80,2.00,1.80,2.00
DNK1,07/05/2023,Silkeborg,Odense,0,1,A,1.80,2.00,1.80,2.00
DNK1,07/05/2023,Randers FC,Brondby,1,3,A,1.80,2.00,1.80,2.00
DNK1,07/05/2023,Aarhus,Viborg,3,0,H,1.80,2.00,1.80,2.00
DNK1,08/05/2023,Nordsjaelland,FC Copenhagen,3,2,H,1.80,2.00,1.80,2.00
DNK1,12/05/2023,Odense,Aalborg,1,1,D,1.80,2.00,1.80,2.00
DNK1,14/05/2023,Midtjylland,Horsens,3,1,H,1.80,2.00,1.80,2.00
DNK1,14/05/2023,Silkeborg,Lyngby,1,0,H,1.80,2.00,1.80,2.00
DNK1,14/05/2023,Brondby,FC Copenhagen,1,3,A,1.80,2.00,1.80,2.00
DNK1,14/05/2023,Aarhus,Nordsjaelland,1,1,D,1.80,2.00,1.80,2.00
DNK1,15/05/2023,Randers FC,Viborg,0,2,A,1.80,2.00,1.80,2.00
DNK1,19/05/2023,Horsens,Silkeborg,0,1,A,1.80,2.00,1.80,2.00
DNK1,21/05/2023,Aalborg,Midtjylland,0,2,A,1.80,2.00,1.80,2.00
DNK1,21/05/2023,Lyngby,Odense,0,4,A,1.80,2.00,1.80,2.00
DNK1,21/05/2023,Viborg,Brondby,1,1,D,1.80,2.00,1.80,2.00
DNK1,21/05/2023,FC Copenhagen,Aarhus,4,3,H,1.80,2.00,1.80,2.00
DNK1,22/05/2023,Nordsjaelland,Randers FC,3,1,H,1.80,2.00,1.80,2.00
DNK1,26/05/2023,Odense,Horsens,2,1,H,1.80,2.00,1.80,2.00
DNK1,29/05/2023,Lyngby,Aalborg,2,1,H,1.80,2.00,1.80,2.00
DNK1,29/05/2023,Silkeborg,Midtjylland,3,3,D,1.80,2.00,1.80,2.00
DNK1,29/05/2023,Viborg,FC Copenhagen,1,2,A,1.80,2.00,1.80,2.00
DNK1,29/05/2023,Brondby,Nordsjaelland,5,1,H,1.80,2.00,1.80,2.00
DNK1,30/05/2023,Randers FC,Aarhus,1,3,A,1.80,2.00,1.80,2.00
DNK1,03/06/2023,Aalborg,Silkeborg,0,1,A,1.80,2.00,1.80,2.00
DNK1,03/06/2023,Horsens,Lyngby,0,0,D,1.80,2.00,1.80,2.00
DNK1,03/06/2023,Midtjylland,Odense,4,2,H,1.80,2.00,1.80,2.00
DNK1,04/06/2023,Aarhus,Brondby,3,3,D,1.80,2.00,1.80,2.00
DNK1,04/06/2023,FC Copenhagen,Randers FC,1,1,D,1.80,2.00,1.80,2.00
DNK1,04/06/2023,Nordsjaelland,Viborg,0,0,D,1.80,2.00,1.80,2.00
DNK1,09/06/2023,Viborg,Midtjylland,0,1,A,1.80,2.00,1.80,2.00
DNK1,21/07/2023,Midtjylland,Hvidovre IF,1,0,H,1.80,2.00,1.80,2.00
DNK1,22/07/2023,Lyngby,FC Copenhagen,1,2,A,1.80,2.00,1.80,2.00
DNK1,23/07/2023,Aarhus,Vejle,1,0,H,1.80,2.00,1.80,2.00
DNK1,23/07/2023,Odense,Randers FC,2,2,D,1.80,2.00,1.80,2.00
DNK1,23/07/2023,Silkeborg,Brondby,1,2,A,1.80,2.00,1.80,2.00
DNK1,24/07/2023,Nordsjaelland,Viborg,4,1,H,1.80,2.00,1.80,2.00
DNK1,28/07/2023,Viborg,Lyngby,2,2,D,1.80,2.00,1.80,2.00
DNK1,29/07/2023,Vejle,FC Copenhagen,2,3,A,1.80,2.00,1.80,2.00
DNK1,30/07/2023,Midtjylland,Silkeborg,2,0,H,1.80,2.00,1.80,2.00
DNK1,30/07/2023,Randers FC,Hvidovre IF,2,2,D,1.80,2.00,1.80,2.00
DNK1,30/07/2023,Brondby,Odense,1,2,A,1.80,2.00,1.80,2.00
DNK1,31/07/2023,Aarhus,Nordsjaelland,1,3,A,1.80,2.00,1.80,2.00
DNK1,04/08/2023,Silkeborg,Vejle,2,1,H,1.80,2.00,1.80,2.00
DNK1,05/08/2023,FC Copenhagen,Randers FC,4,0,H,1.80,2.00,1.80,2.00
DNK1,06/08/2023,Hvidovre IF,Aarhus,0,2,A,1.80,2.00,1.80,2.00
DNK1,06/08/2023,Lyngby,Midtjylland,4,1,H,1.80,2.00,1.80,2.00
DNK1,06/08/2023,Nordsjaelland,Brondby,3,1,H,1.80,2.00,1.80,2.00
DNK1,07/08/2023,Odense,Viborg,1,2,A,1.80,2.00,1.80,2.00
DNK1,11/08/2023,FC Copenhagen,Odense,2,1,H,1.80,2.00,1.80,2.00
DNK1,13/08/2023,Randers FC,Nordsjaelland,0,5,A,1.80,2.00,1.80,2.00
DNK1,13/08/2023,Vejle,Midtjylland,1,2,A,1.80,2.00,1.80,2.00
DNK1,13/08/2023,Brondby,Lyngby,3,0,H,1.80,2.00,1.80,2.00
DNK1,13/08/2023,Aarhus,Silkeborg,2,2,D,1.80,2.00,1.80,2.00
DNK1,14/08/2023,Viborg,Hvidovre IF,0,0,D,1.80,2.00,1.80,2.00
DNK1,18/08/2023,Hvidovre IF,FC Copenhagen,0,2,A,1.80,2.00,1.80,2.00
DNK1,20/08/2023,Silkeborg,Nordsjaelland,2,0,H,1.80,2.00,1.80,2.00
DNK1,20/08/2023,Lyngby,Randers FC,1,0,H,1.80,2.00,1.80,2.00
DNK1,20/08/2023,Midtjylland,Brondby,0,1,A,1.80,2.00,1.80,2.00
DNK1,20/08/2023,Odense,Aarhus,1,1,D,1.80,2.00,1.80,2.00
DNK1,21/08/2023,Viborg,Vejle,2,1,H,1.80,2.00,1.80,2.00
DNK1,25/08/2023,Randers FC,Viborg,1,0,H,1.80,2.00,1.80,2.00
DNK1,26/08/2023,FC Copenhagen,Silkeborg,1,3,A,1.80,2.00,1.80,2.00
DNK1,27/08/2023,Aarhus,Lyngby,1,0,H,1.80,2.00,1.80,2.00
DNK1,27/08/2023,Hvidovre IF,Odense,1,5,A,1.80,2.00,1.80,2.00
DNK1,27/08/2023,Nordsjaelland,Midtjylland,3,0,H,1.80,2.00,1.80,2.00
DNK1,28/08/2023,Vejle,Brondby,0,1,A,1.80,2.00,1.80,2.00
DNK1,01/09/2023,Odense,Vejle,1,2,A,1.80,2.00,1.80,2.00
DNK1,03/09/2023,Lyngby,Nordsjaelland,1,1,D,1.80,2.00,1.80,2.00
DNK1,03/09/2023,Silkeborg,Hvidovre IF,1,0,H,1.80,2.00,1.80,2.00
DNK1,03/09/2023,Brondby,Randers FC,3,1,H,1.80,2.00,1.80,2.00
DNK1,03/09/2023,FC Copenhagen,Viborg,2,0,H,1.80,2.00,1.80,2.00
DNK1,03/09/2023,Midtjylland,Aarhus,1,1,D,1.80,2.00,1.80,2.00
DNK1,15/09/2023,Viborg,Midtjylland,2,2,D,1.80,2.00,1.80,2.00
DNK1,16/09/2023,Nordsjaelland,FC Copenhagen,2,2,D,1.80,2.00,1.80,2.00
DNK1,17/09/2023,Vejle,Randers FC,1,2,A,1.80,2.00,1.80,2.00
DNK1,17/09/2023,Hvidovre IF,Lyngby,0,1,A,1.80,2.00,1.80,2.00
DNK1,17/09/2023,Aarhus,Brondby,0,3,A,1.80,2.00,1.80,2.00
DNK1,18/09/2023,Odense,Silkeborg,0,3,A,1.80,2.00,1.80,2.00
DNK1,22/09/2023,Lyngby,Vejle,1,1,D,1.80,2.00,1.80,2.00
DNK1,24/09/2023,Brondby,FC Copenhagen,2,3,A,1.80,2.00,1.80,2.00
DNK1,24/09/2023,Silkeborg,Viborg,2,0,H,1.80,2.00,1.80,2.00
DNK1,24/09/2023,Randers FC,Aarhus,1,1,D,1.80,2.00,1.80,2.00
DNK1,24/09/2023,Midtjylland,Odense,2,1,H,1.80,2.00,1.80,2.00
DNK1,25/09/2023,Nordsjaelland,Hvidovre IF,0,0,D,1.80,2.00,1.80,2.00
DNK1,30/09/2023,FC Copenhagen,Midtjylland,0,2,A,1.80,2.00,1.80,2.00
DNK1,01/10/2023,Randers FC,Silkeborg,1,0,H,1.80,2.00,1.80,2.00
DNK1,01/10/2023,Vejle,Nordsjaelland,0,0,D,1.80,2.00,1.80,2.00
DNK1,01/10/2023,Hvidovre IF,Brondby,0,3,A,1.80,2.00,1.80,2.00
DNK1,01/10/2023,Viborg,Aarhus,2,1,H,1.80,2.00,1.80,2.00
DNK1,02/10/2023,Odense,Lyngby,1,2,A,1.80,2.00,1.80,2.00
DNK1,06/10/2023,Silkeborg,Lyngby,5,0,H,1.80,2.00,1.80,2.00
DNK1,08/10/2023,Nordsjaelland,Odense,0,1,A,1.80,2.00,1.80,2.00
DNK1,08/10/2023,Vejle,Hvidovre IF,3,1,H,1.80,2.00,1.80,2.00
DNK1,08/10/2023,Brondby,Viborg,1,0,H,1.80,2.00,1.80,2.00
DNK1,08/10/2023,Midtjylland,Randers FC,2,2,D,1.80,2.00,1.80,2.00
DNK1,08/10/2023,Aarhus,FC Copenhagen,1,1,D,1.80,2.00,1.80,2.00
DNK1,20/10/2023,Hvidovre IF,Silkeborg,1,2,A,1.80,2.00,1.80,2.00
DNK1,21/10/2023,FC Copenhagen,Vejle,2,1,H,1.80,2.00,1.80,2.00
DNK1,22/10/2023,Lyngby,Aarhus,0,2,A,1.80,2.00,1.80,2.00
DNK1,22/10/2023,Viborg,Nordsjaelland,0,2,A,1.80,2.00,1.80,2.00
DNK1,22/10/2023,Randers FC,Brondby,2,2,D,1.80,2.00,1.80,2.00
DNK1,23/10/2023,Odense,Midtjylland,1,2,A,1.80,2.00,1.80,2.00
DNK1,27/10/2023,Midtjylland,Lyngby,2,1,H,1.80,2.00,1.80,2.00
DNK1,28/10/2023,FC Copenhagen,Hvidovre IF,4,0,H,1.80,2.00,1.80,2.00
DNK1,29/10/2023,Vejle,Viborg,1,1,D,1.80,2.00,1.80,2.00
DNK1,29/10/2023,Silkeborg,Odense,0,0,D,1.80,2.00,1.80,2.00
DNK1,29/10/2023,Brondby,Nordsjaelland,2,1,H,1.80,2.00,1.80,2.00
DNK1,30/10/2023,Aarhus,Randers FC,2,1,H,1.80,2.00,1.80,2.00
DNK1,04/11/2023,Lyngby,Odense,2,2,D,1.80,2.00,1.80,2.00
DNK1,05/11/2023,Nordsjaelland,Vejle,1,0,H,1.80,2.00,1.80,2.00
DNK1,05/11/2023,Viborg,Silkeborg,2,1,H,1.80,2.00,1.80,2.00
DNK1,05/11/2023,Randers FC,FC Copenhagen,2,4,A,1.80,2.00,1.80,2.00
DNK1,05/11/2023,Hvidovre IF,Midtjylland,1,4,A,1.80,2.00,1.80,2.00
DNK1,06/11/2023,Brondby,Aarhus,1,1,D,1.80,2.00,1.80,2.00
DNK1,10/11/2023,Silkeborg,Randers FC,1,1,D,1.80,2.00,1.80,2.00
DNK1,12/11/2023,FC Copenhagen,Brondby,0,0,D,1.80,2.00,1.80,2.00
DNK1,12/11/2023,Vejle,Lyngby,1,0,H,1.80,2.00,1.80,2.00
DNK1,12/11/2023,Midtjylland,Nordsjaelland,2,0,H,1.80,2.00,1.80,2.00
DNK1,12/11/2023,Odense,Hvidovre IF,0,2,A,1.80,2.00,1.80,2.00
DNK1,12/11/2023,Aarhus,Viborg,2,0,H,1.80,2.00,1.80,2.00
DNK1,24/11/2023,Hvidovre IF,Vejle,1,1,D,1.80,2.00,1.80,2.00
DNK1,25/11/2023,Viborg,FC Copenhagen,2,1,H,1.80,2.00,1.80,2.00
DNK1,26/11/2023,Nordsjaelland,Aarhus,0,0,D,1.80,2.00,1.80,2.00
DNK1,26/11/2023,Randers FC,Odense,0,1,A,1.80,2.00,1.80,2.00
DNK1,26/11/2023,Lyngby,Brondby,3,3,D,1.80,2.00,1.80,2.00
DNK1,27/11/2023,Silkeborg,Midtjylland,1,4,A,1.80,2.00,1.80,2.00
DNK1,01/12/2023,Randers FC,Vejle,0,0,D,1.80,2.00,1.80,2.00
DNK1,03/12/2023,Lyngby,Silkeborg,2,0,H,1.80,2.00,1.80,2.00
DNK1,03/12/2023,Odense,Nordsjaelland,1,1,D,1.80,2.00,1.80,2.00
DNK1,03/12/2023,Brondby,Hvidovre IF,4,0,H,1.80,2.00,1.80,2.00
DNK1,03/12/2023,FC Copenhagen,Aarhus,1,2,A,1.80,2.00,1.80,2.00
DNK1,04/12/2023,Midtjylland,Viborg,5,1,H,1.80,2.00,1.80,2.00
DNK1,16/02/2024,Viborg,Odense,1,2,A,1.80,2.00,1.80,2.00
DNK1,18/02/2024,Hvidovre IF,Randers FC,1,3,A,1.80,2.00,1.80,2.00
DNK1,18/02/2024,Nordsjaelland,Lyngby,3,2,H,1.80,2.00,1.80,2.00
DNK1,18/02/2024,Silkeborg,FC Copenhagen,0,3,A,1.80,2.00,1.80,2.00
DNK1,18/02/2024,Brondby,Midtjylland,1,0,H,1.80,2.00,1.80,2.00
DNK1,19/02/2024,Vejle,Aarhus,0,0,D,1.80,2.00,1.80,2.00
DNK1,23/02/2024,Randers FC,Lyngby,1,0,H,1.80,2.00,1.80,2.00
DNK1,25/02/2024,Hvidovre IF,Viborg,2,2,D,1.80,2.00,1.80,2.00
DNK1,25/02/2024,Vejle,Silkeborg,2,0,H,1.80,2.00,1.80,2.00
DNK1,25/02/2024,Odense,Brondby,0,3,A,1.80,2.00,1.80,2.00
DNK1,25/02/2024,Aarhus,Midtjylland,2,3,A,1.80,2.00,1.80,2.00
DNK1,26/02/2024,FC Copenhagen,Nordsjaelland,2,0,H,1.80,2.00,1.80,2.00
DNK1,01/03/2024,Midtjylland,FC Copenhagen,2,0,H,1.80,2.00,1.80,2.00
DNK1,03/03/2024,Lyngby,Hvidovre IF,2,4,A,1.80,2.00,1.80,2.00
DNK1,03/03/2024,Viborg,Randers FC,3,0,H,1.80,2.00,1.80,2.00
DNK1,03/03/2024,Brondby,Vejle,1,1,D,1.80,2.00,1.80,2.00
DNK1,03/03/2024,Aarhus,Odense,1,1,D,1.80,2.00,1.80,2.00
DNK1,04/03/2024,Nordsjaelland,Silkeborg,3,1,H,1.80,2.00,1.80,2.00
DNK1,08/03/2024,Hvidovre IF,Nordsjaelland,1,2,A,1.80,2.00,1.80,2.00
DNK1,10/03/2024,Silkeborg,Aarhus,0,1,A,1.80,2.00,1.80,2.00
DNK1,10/03/2024,Vejle,Odense,0,1,A,1.80,2.00,1.80,2.00
DNK1,10/03/2024,FC Copenhagen,Lyngby,4,0,H,1.80,2.00,1.80,2.00
DNK1,10/03/2024,Viborg,Brondby,1,2,A,1.80,2.00,1.80,2.00
DNK1,11/03/2024,Randers FC,Midtjylland,0,1,A,1.80,2.00,1.80,2.00
DNK1,17/03/2024,Aarhus,Hvidovre IF,1,0,H,1.80,2.00,1.80,2.00
DNK1,17/03/2024,Brondby,Silkeborg,4,1,H,1.80,2.00,1.80,2.00
DNK1,17/03/2024,Lyngby,Viborg,2,0,H,1.80,2.00,1.80,2.00
DNK1,17/03/2024,Midtjylland,Vejle,3,0,H,1.80,2.00,1.80,2.00
DNK1,17/03/2024,Nordsjaelland,Randers FC,1,1,D,1.80,2.00,1.80,2.00
DNK1,17/03/2024,Odense,FC Copenhagen,0,2,A,1.80,2.00,1.80,2.00
DNK1,31/03/2024,Randers FC,Lyngby,6,2,H,1.80,2.00,1.80,2.00
DNK1,31/03/2024,Viborg,Hvidovre IF,3,1,H,1.80,2.00,1.80,2.00
DNK1,01/04/2024,FC Copenhagen,Brondby,1,2,A,1.80,2.00,1.80,2.00
DNK1,01/04/2024,Midtjylland,Nordsjaelland,2,3,A,1.80,2.00,1.80,2.00
DNK1,01/04/2024,Silkeborg,Aarhus,2,2,D,1.80,2.00,1.80,2.00
DNK1,02/04/2024,Odense,Vejle,0,1,A,1.80,2.00,1.80,2.00
DNK1,05/04/2024,Lyngby,Odense,0,0,D,1.80,2.00,1.80,2.00
DNK1,07/04/2024,Hvidovre IF,Randers FC,1,3,A,1.80,2.00,1.80,2.00
DNK1,07/04/2024,Vejle,Viborg,1,1,D,1.80,2.00,1.80,2.00
DNK1,07/04/2024,Nordsjaelland,FC Copenhagen,2,1,H,1.80,2.00,1.80,2.00
DNK1,07/04/2024,Aarhus,Midtjylland,0,1,A,1.80,2.00,1.80,2.00
DNK1,08/04/2024,Brondby,Silkeborg,1,1,D,1.80,2.00,1.80,2.00
DNK1,12/04/2024,Odense,Viborg,1,3,A,1.80,2.00,1.80,2.00
DNK1,14/04/2024,Lyngby,Hvidovre IF,1,1,D,1.80,2.00,1.80,2.00
DNK1,14/04/2024,Vejle,Randers FC,1,2,A,1.80,2.00,1.80,2.00
DNK1,14/04/2024,Aarhus,Brondby,2,2,D,1.80,2.00,1.80,2.00
DNK1,14/04/2024,Midtjylland,FC Copenhagen,2,2,D,1.80,2.00,1.80,2.00
DNK1,15/04/2024,Silkeborg,Nordsjaelland,0,1,A,1.80,2.00,1.80,2.00
DNK1,19/04/2024,Randers FC,Odense,2,2,D,1.80,2.00,1.80,2.00
DNK1,21/04/2024,Hvidovre IF,Vejle,2,1,H,1.80,2.00,1.80,2.00
DNK1,21/04/2024,Viborg,Lyngby,2,1,H,1.80,2.00,1.80,2.00
DNK1,21/04/2024,FC Copenhagen,Silkeborg,2,0,H,1.80,2.00,1.80,2.00
DNK1,21/04/2024,Brondby,Midtjylland,2,1,H,1.80,2.00,1.80,2.00
DNK1,22/04/2024,Nordsjaelland,Aarhus,7,2,H,1.80,2.00,1.80,2.00
DNK1,26/04/2024,Lyngby,Vejle,1,1,D,1.80,2.00,1.80,2.00
DNK1,28/04/2024,Odense,Hvidovre IF,1,2,A,1.80,2.00,1.80,2.00
DNK1,28/04/2024,Viborg,Randers FC,0,0,D,1.80,2.00,1.80,2.00
DNK1,28/04/2024,Nordsjaelland,Brondby,1,1,D,1.80,2.00,1.80,2.00
DNK1,28/04/2024,FC Copenhagen,Aarhus,3,2,H,1.80,2.00,1.80,2.00
DNK1,29/04/2024,Silkeborg,Midtjylland,3,0,H,1.80,2.00,1.80,2.00
DNK1,03/05/2024,Aarhus,Nordsjaelland,1,3,A,1.80,2.00,1.80,2.00
DNK1,05/05/2024,Hvidovre IF,Viborg,0,1,A,1.80,2.00,1.80,2.00
DNK1,05/05/2024,Lyngby,Randers FC,2,1,H,1.80,2.00,1.80,2.00
DNK1,05/05/2024,Silkeborg,FC Copenhagen,0,3,A,1.80,2.00,1.80,2.00
DNK1,05/05/2024,Midtjylland,Brondby,3,2,H,1.80,2.00,1.80,2.00
DNK1,06/05/2024,Vejle,Odense,3,2,H,1.80,2.00,1.80,2.00
DNK1,10/05/2024,Odense,Lyngby,1,2,A,1.80,2.00,1.80,2.00
DNK1,12/05/2024,Randers FC,Hvidovre IF,2,2,D,1.80,2.00,1.80,2.00
DNK1,12/05/2024,Viborg,Vejle,1,2,A,1.80,2.00,1.80,2.00
DNK1,12/05/2024,Brondby,FC Copenhagen,1,3,A,1.80,2.00,1.80,2.00
DNK1,12/05/2024,Midtjylland,Aarhus,2,1,H,1.80,2.00,1.80,2.00
DNK1,12/05/2024,Nordsjaelland,Silkeborg,4,1,H,1.80,2.00,1.80,2.00
DNK1,15/05/2024,Randers FC,Viborg,1,0,H,1.80,2.00,1.80,2.00
DNK1,15/05/2024,Vejle,Lyngby,1,0,H,1.80,2.00,1.80,2.00
DNK1,15/05/2024,Brondby,Nordsjaelland,1,0,H,1.80,2.00,1.80,2.00
DNK1,16/05/2024,Aarhus,Silkeborg,0,1,A,1.80,2.00,1.80,2.00
DNK1,16/05/2024,Hvidovre IF,Odense,1,2,A,1.80,2.00,1.80,2.00
DNK1,16/05/2024,FC Copenhagen,Midtjylland,1,2,A,1.80,2.00,1.80,2.00
DNK1,19/05/2024,Odense,Randers FC,2,0,H,1.80,2.00,1.80,2.00
DNK1,20/05/2024,Lyngby,Viborg,3,1,H,1.80,2.00,1.80,2.00
DNK1,20/05/2024,Vejle,Hvidovre IF,2,0,H,1.80,2.00,1.80,2.00
DNK1,20/05/2024,Silkeborg,Brondby,0,2,A,1.80,2.00,1.80,2.00
DNK1,20/05/2024,Nordsjaelland,Midtjylland,3,3,D,1.80,2.00,1.80,2.00
DNK1,21/05/2024,Aarhus,FC Copenhagen,3,2,H,1.80,2.00,1.80,2.00
DNK1,25/05/2024,Hvidovre IF,Lyngby,0,0,D,1.80,2.00,1.80,2.00
DNK1,25/05/2024,Randers FC,Vejle,1,0,H,1.80,2.00,1.80,2.00
DNK1,25/05/2024,Viborg,Odense,2,1,H,1.80,2.00,1.80,2.00
DNK1,26/05/2024,Brondby,Aarhus,2,3,A,1.80,2.00,1.80,2.00
DNK1,26/05/2024,FC Copenhagen,Nordsjaelland,1,1,D,1.80,2.00,1.80,2.00
DNK1,26/05/2024,Midtjylland,Silkeborg,3,3,D,1.80,2.00,1.80,2.00
DNK1,31/05/2024,FC Copenhagen,Randers FC,2,1,H,1.80,2.00,1.80,2.00
DNK1,19/07/2024,Aarhus,Midtjylland,1,1,D,1.80,2.00,1.80,2.00
DNK1,19/07/2024,Nordsjaelland,Aalborg,3,0,H,1.80,2.00,1.80,2.00
DNK1,21/07/2024,Silkeborg,Sonderjyske,1,0,H,1.80,2.00,1.80,2.00
DNK1,21/07/2024,Vejle,Randers FC,2,3,A,1.80,2.00,1.80,2.00
DNK1,21/07/2024,Viborg,Brondby,3,3,D,1.80,2.00,1.80,2.00
DNK1,22/07/2024,Lyngby,FC Copenhagen,0,2,A,1.80,2.00,1.80,2.00
DNK1,26/07/2024,Sonderjyske,Lyngby,1,1,D,1.80,2.00,1.80,2.00
DNK1,27/07/2024,Nordsjaelland,Midtjylland,2,2,D,1.80,2.00,1.80,2.00
DNK1,28/07/2024,Randers FC,Viborg,3,1,H,1.80,2.00,1.80,2.00
DNK1,28/07/2024,Aalborg,Silkeborg,2,1,H,1.80,2.00,1.80,2.00
DNK1,28/07/2024,FC Copenhagen,Aarhus,3,2,H,1.80,2.00,1.80,2.00
DNK1,29/07/2024,Brondby,Vejle,2,1,H,1.80,2.00,1.80,2.00
DNK1,02/08/2024,Aarhus,Sonderjyske,4,0,H,1.80,2.00,1.80,2.00
DNK1,03/08/2024,Midtjylland,Aalborg,2,0,H,1.80,2.00,1.80,2.00
DNK1,04/08/2024,Silkeborg,Viborg,3,2,H,1.80,2.00,1.80,2.00
DNK1,04/08/2024,FC Copenhagen,Randers FC,1,1,D,1.80,2.00,1.80,2.00
DNK1,04/08/2024,Lyngby,Brondby,0,2,A,1.80,2.00,1.80,2.00
DNK1,05/08/2024,Vejle,Nordsjaelland,0,1,A,1.80,2.00,1.80,2.00
DNK1,09/08/2024,Midtjylland,Vejle,2,0,H,1.80,2.00,1.80,2.00
DNK1,11/08/2024,Nordsjaelland,Lyngby,1,1,D,1.80,2.00,1.80,2.00
DNK1,11/08/2024,Randers FC,Silkeborg,0,2,A,1.80,2.00,1.80,2.00
DNK1,11/08/2024,Brondby,Aarhus,0,1,A,1.80,2.00,1.80,2.00
DNK1,11/08/2024,Sonderjyske,FC Copenhagen,0,2,A,1.80,2.00,1.80,2.00
DNK1,12/08/2024,Viborg,Aalborg,2,3,A,1.80,2.00,1.80,2.00
DNK1,16/08/2024,Lyngby,Midtjylland,1,2,A,1.80,2.00,1.80,2.00
DNK1,18/08/2024,Randers FC,Sonderjyske,1,2,A,1.80,2.00,1.80,2.00
DNK1,18/08/2024,Silkeborg,Nordsjaelland,4,1,H,1.80,2.00,1.80,2.00
DNK1,18/08/2024,FC Copenhagen,Viborg,1,1,D,1.80,2.00,1.80,2.00
DNK1,18/08/2024,Aalborg,Brondby,0,4,A,1.80,2.00,1.80,2.00
DNK1,19/08/2024,Aarhus,Vejle,5,1,H,1.80,2.00,1.80,2.00
DNK1,23/08/2024,Aalborg,Aarhus,0,4,A,1.80,2.00,1.80,2.00
DNK1,24/08/2024,Midtjylland,Sonderjyske,3,2,H,1.80,2.00,1.80,2.00
DNK1,25/08/2024,Vejle,Silkeborg,1,3,A,1.80,2.00,1.80,2.00
DNK1,25/08/2024,Nordsjaelland,FC Copenhagen,3,2,H,1.80,2.00,1.80,2.00
DNK1,25/08/2024,Brondby,Randers FC,2,2,D,1.80,2.00,1.80,2.00
DNK1,26/08/2024,Viborg,Lyngby,1,0,H,1.80,2.00,1.80,2.00
DNK1,30/08/2024,Lyngby,Vejle,1,0,H,1.80,2.00,1.80,2.00
DNK1,31/08/2024,Aarhus,Nordsjaelland,4,2,H,1.80,2.00,1.80,2.00
DNK1,01/09/2024,FC Copenhagen,Brondby,3,1,H,1.80,2.00,1.80,2.00
DNK1,01/09/2024,Sonderjyske,Viborg,2,2,D,1.80,2.00,1.80,2.00
DNK1,01/09/2024,Silkeborg,Midtjylland,1,3,A,1.80,2.00,1.80,2.00
DNK1,01/09/2024,Randers FC,Aalborg,1,0,H,1.80,2.00,1.80,2.00
DNK1,13/09/2024,Aalborg,Lyngby,2,1,H,1.80,2.00,1.80,2.00
DNK1,14/09/2024,Midtjylland,FC Copenhagen,2,1,H,1.80,2.00,1.80,2.00
DNK1,15/09/2024,Aarhus,Silkeborg,1,1,D,1.80,2.00,1.80,2.00
DNK1,15/09/2024,Vejle,Viborg,0,5,A,1.80,2.00,1.80,2.00
DNK1,15/09/2024,Brondby,Sonderjyske,2,0,H,1.80,2.00,1.80,2.00
DNK1,16/09/2024,Nordsjaelland,Randers FC,1,1,D,1.80,2.00,1.80,2.00
DNK1,20/09/2024,Viborg,Nordsjaelland,3,2,H,1.80,2.00,1.80,2.00
DNK1,22/09/2024,Randers FC,Midtjylland,2,2,D,1.80,2.00,1.80,2.00
DNK1,22/09/2024,Sonderjyske,Vejle,2,1,H,1.80,2.00,1.80,2.00
DNK1,22/09/2024,Lyngby,Aarhus,0,0,D,1.80,2.00,1.80,2.00
DNK1,22/09/2024,Silkeborg,Brondby,3,3,D,1.80,2.00,1.80,2.00
DNK1,23/09/2024,FC Copenhagen,Aalborg,2,0,H,1.80,2.00,1.80,2.00
DNK1,28/09/2024,Aarhus,Randers FC,2,2,D,1.80,2.00,1.80,2.00
DNK1,29/09/2024,Aalborg,Sonderjyske,3,0,H,1.80,2.00,1.80,2.00
DNK1,29/09/2024,Midtjylland,Viborg,3,1,H,1.80,2.00,1.80,2.00
DNK1,29/09/2024,Lyngby,Silkeborg,2,2,D,1.80,2.00,1.80,2.00
DNK1,29/09/2024,Vejle,FC Copenhagen,1,2,A,1.80,2.00,1.80,2.00
DNK1,30/09/2024,Nordsjaelland,Brondby,4,1,H,1.80,2.00,1.80,2.00
DNK1,04/10/2024,Vejle,Aalborg,2,2,D,1.80,2.00,1.80,2.00
DNK1,06/10/2024,Randers FC,Lyngby,1,1,D,1.80,2.00,1.80,2.00
DNK1,06/10/2024,Sonderjyske,Nordsjaelland,1,4,A,1.80,2.00,1.80,2.00
DNK1,06/10/2024,Viborg,Aarhus,1,1,D,1.80,2.00,1.80,2.00
DNK1,06/10/2024,Brondby,Midtjylland,2,0,H,1.80,2.00,1.80,2.00
DNK1,06/10/2024,Silkeborg,FC Copenhagen,2,2,D,1.80,2.00,1.80,2.00
DNK1,18/10/2024,FC Copenhagen,Vejle,3,1,H,1.80,2.00,1.80,2.00
DNK1,20/10/2024,Aalborg,Randers FC,0,2,A,1.80,2.00,1.80,2.00
DNK1,20/10/2024,Lyngby,Viborg,0,0,D,1.80,2.00,1.80,2.00
DNK1,20/10/2024,Nordsjaelland,Silkeborg,1,1,D,1.80,2.00,1.80,2.00
DNK1,20/10/2024,Sonderjyske,Midtjylland,3,2,H,1.80,2.00,1.80,2.00
DNK1,21/10/2024,Aarhus,Brondby,1,0,H,1.80,2.00,1.80,2.00
DNK1,25/10/2024,Silkeborg,Aalborg,1,1,D,1.80,2.00,1.80,2.00
DNK1,27/10/2024,Brondby,FC Copenhagen,0,0,D,1.80,2.00,1.80,2.00
DNK1,27/10/2024,Vejle,Lyngby,2,0,H,1.80,2.00,1.80,2.00
DNK1,27/10/2024,Viborg,Sonderjyske,4,2,H,1.80,2.00,1.80,2.00
DNK1,27/10/2024,Midtjylland,Aarhus,2,0,H,1.80,2.00,1.80,2.00
DNK1,28/10/2024,Randers FC,Nordsjaelland,4,0,H,1.80,2.00,1.80,2.00
DNK1,02/11/2024,Sonderjyske,Randers FC,1,4,A,1.80,2.00,1.80,2.00
DNK1,03/11/2024,Midtjylland,Brondby,1,5,A,1.80,2.00,1.80,2.00
DNK1,03/11/2024,Nordsjaelland,Viborg,2,1,H,1.80,2.00,1.80,2.00
DNK1,03/11/2024,Aarhus,Lyngby,2,1,H,1.80,2.00,1.80,2.00
DNK1,03/11/2024,Aalborg,Vejle,3,3,D,1.80,2.00,1.80,2.00
DNK1,04/11/2024,FC Copenhagen,Silkeborg,2,2,D,1.80,2.00,1.80,2.00
DNK1,08/11/2024,Vejle,Sonderjyske,1,1,D,1.80,2.00,1.80,2.00
DNK1,10/11/2024,Lyngby,Aalborg,2,2,D,1.80,2.00,1.80,2.00
DNK1,10/11/2024,Silkeborg,Randers FC,1,0,H,1.80,2.00,1.80,2.00
DNK1,10/11/2024,Viborg,Midtjylland,1,0,H,1.80,2.00,1.80,2.00
DNK1,10/11/2024,Aarhus,FC Copenhagen,1,1,D,1.80,2.00,1.80,2.00
DNK1,10/11/2024,Brondby,Nordsjaelland,1,1,D,1.80,2.00,1.80,2.00
DNK1,22/11/2024,Nordsjaelland,Aarhus,1,0,H,1.80,2.00,1.80,2.00
DNK1,24/11/2024,Aalborg,Viborg,0,0,D,1.80,2.00,1.80,2.00
DNK1,24/11/2024,Randers FC,Vejle,2,0,H,1.80,2.00,1.80,2.00
DNK1,24/11/2024,Sonderjyske,Brondby,2,2,D,1.80,2.00,1.80,2.00
DNK1,24/11/2024,FC Copenhagen,Lyngby,2,1,H,1.80,2.00,1.80,2.00
DNK1,25/11/2024,Midtjylland,Silkeborg,1,0,H,1.80,2.00,1.80,2.00
DNK1,29/11/2024,Brondby,Aalborg,1,0,H,1.80,2.00,1.80,2.00
DNK1,01/12/2024,Lyngby,Sonderjyske,0,2,A,1.80,2.00,1.80,2.00
DNK1,01/12/2024,Viborg,Randers FC,1,2,A,1.80,2.00,1.80,2.00
DNK1,01/12/2024,Vejle,Midtjylland,0,3,A,1.80,2.00,1.80,2.00
DNK1,01/12/2024,Silkeborg,Aarhus,1,1,D,1.80,2.00,1.80,2.00
DNK1,02/12/2024,FC Copenhagen,Nordsjaelland,3,1,H,1.80,2.00,1.80,2.00
DNK1,14/02/2025,Brondby,Viborg,4,1,H,1.80,2.00,1.80,2.00
DNK1,16/02/2025,Silkeborg,Vejle,0,1,A,1.80,2.00,1.80,2.00
DNK1,16/02/2025,Sonderjyske,Aarhus,1,4,A,1.80,2.00,1.80,2.00
DNK1,16/02/2025,Midtjylland,Lyngby,1,0,H,1.80,2.00,1.80,2.00
DNK1,17/02/2025,Randers FC,FC Copenhagen,1,2,A,1.80,2.00,1.80,2.00
DNK1,21/02/2025,Lyngby,Randers FC,0,0,D,1.80,2.00,1.80,2.00
DNK1,23/02/2025,Aarhus,Aalborg,4,0,H,1.80,2.00,1.80,2.00
DNK1,23/02/2025,Nordsjaelland,Sonderjyske,3,2,H,1.80,2.00,1.80,2.00
DNK1,23/02/2025,Vejle,Brondby,2,2,D,1.80,2.00,1.80,2.00
DNK1,23/02/2025,FC Copenhagen,Midtjylland,1,0,H,1.80,2.00,1.80,2.00
DNK1,24/02/2025,Viborg,Silkeborg,1,4,A,1.80,2.00,1.80,2.00
DNK1,26/02/2025,Aalborg,Nordsjaelland,1,2,A,1.80,2.00,1.80,2.00
DNK1,28/02/2025,Randers FC,Aarhus,1,1,D,1.80,2.00,1.80,2.00
DNK1,02/03/2025,Sonderjyske,Silkeborg,1,3,A,1.80,2.00,1.80,2.00
DNK1,02/03/2025,Viborg,Vejle,3,1,H,1.80,2.00,1.80,2.00
DNK1,02/03/2025,Midtjylland,Nordsjaelland,2,1,H,1.80,2.00,1.80,2.00
DNK1,02/03/2025,Aalborg,FC Copenhagen,0,0,D,1.80,2.00,1.80,2.00
DNK1,03/03/2025,Brondby,Lyngby,1,1,D,1.80,2.00,1.80,2.00
DNK1,07/03/2025,Nordsjaelland,Vejle,3,1,H,1.80,2.00,1.80,2.00
DNK1,09/03/2025,Aalborg,Midtjylland,1,4,A,1.80,2.00,1.80,2.00
DNK1,09/03/2025,Silkeborg,Lyngby,0,1,A,1.80,2.00,1.80,2.00
DNK1,09/03/2025,Aarhus,Viborg,1,1,D,1.80,2.00,1.80,2.00
DNK1,09/03/2025,FC Copenhagen,Sonderjyske,1,1,D,1.80,2.00,1.80,2.00
DNK1,10/03/2025,Randers FC,Brondby,4,2,H,1.80,2.00,1.80,2.00
DNK1,16/03/2025,Brondby,Silkeborg,2,2,D,1.80,2.00,1.80,2.00
DNK1,16/03/2025,Lyngby,Nordsjaelland,1,0,H,1.80,2.00,1.80,2.00
DNK1,16/03/2025,Midtjylland,Randers FC,4,2,H,1.80,2.00,1.80,2.00
DNK1,16/03/2025,Sonderjyske,Aalborg,0,3,A,1.80,2.00,1.80,2.00
DNK1,16/03/2025,Vejle,Aarhus,3,2,H,1.80,2.00,1.80,2.00
DNK1,16/03/2025,Viborg,FC Copenhagen,3,2,H,1.80,2.00,1.80,2.00
DNK1,28/03/2025,Aalborg,Viborg,0,4,A,1.80,2.00,1.80,2.00
DNK1,30/03/2025,Lyngby,Vejle,1,2,A,1.80,2.00,1.80,2.00
DNK1,30/03/2025,Sonderjyske,Silkeborg,2,1,H,1.80,2.00,1.80,2.00
DNK1,30/03/2025,Aarhus,Nordsjaelland,2,0,H,1.80,2.00,1.80,2.00
DNK1,30/03/2025,Midtjylland,Brondby,0,2,A,1.80,2.00,1.80,2.00
DNK1,31/03/2025,FC Copenhagen,Randers FC,1,0,H,1.80,2.00,1.80,2.00
DNK1,04/04/2025,Randers FC,Midtjylland,2,1,H,1.80,2.00,1.80,2.00
DNK1,06/04/2025,Silkeborg,Lyngby,2,1,H,1.80,2.00,1.80,2.00
DNK1,06/04/2025,Viborg,Sonderjyske,2,1,H,1.80,2.00,1.80,2.00
DNK1,06/04/2025,Vejle,Aalborg,1,1,D,1.80,2.00,1.80,2.00
DNK1,06/04/2025,Nordsjaelland,FC Copenhagen,0,1,A,1.80,2.00,1.80,2.00
DNK1,07/04/2025,Brondby,Aarhus,2,1,H,1.80,2.00,1.80,2.00
DNK1,11/04/2025,Aalborg,Lyngby,2,2,D,1.80,2.00,1.80,2.00
DNK1,13/04/2025,FC Copenhagen,Brondby,1,2,A,1.80,2.00,1.80,2.00
DNK1,13/04/2025,Viborg,Silkeborg,2,1,H,1.80,2.00,1.80,2.00
DNK1,13/04/2025,Aarhus,Midtjylland,1,1,D,1.80,2.00,1.80,2.00
DNK1,13/04/2025,Nordsjaelland,Randers FC,5,2,H,1.80,2.00,1.80,2.00
DNK1,14/04/2025,Sonderjyske,Vejle,1,0,H,1.80,2.00,1.80,2.00
DNK1,16/04/2025,Silkeborg,Aalborg,4,0,H,1.80,2.00,1.80,2.00
DNK1,17/04/2025,Lyngby,Sonderjyske,0,2,A,1.80,2.00,1.80,2.00
DNK1,17/04/2025,Vejle,Viborg,3,3,D,1.80,2.00,1.80,2.00
DNK1,17/04/2025,Randers FC,Aarhus,3,1,H,1.80,2.00,1.80,2.00
DNK1,17/04/2025,Midtjylland,FC Copenhagen,4,2,H,1.80,2.00,1.80,2.00
DNK1,18/04/2025,Brondby,Nordsjaelland,0,0,D,1.80,2.00,1.80,2.00
DNK1,20/04/2025,Aalborg,Sonderjyske,2,3,A,1.80,2.00,1.80,2.00
DNK1,21/04/2025,Vejle,Silkeborg,0,4,A,1.80,2.00,1.80,2.00
DNK1,21/04/2025,Viborg,Lyngby,1,1,D,1.80,2.00,1.80,2.00
DNK1,21/04/2025,Brondby,Randers FC,4,3,H,1.80,2.00,1.80,2.00
DNK1,21/04/2025,FC Copenhagen,Aarhus,3,1,H,1.80,2.00,1.80,2.00
DNK1,22/04/2025,Nordsjaelland,Midtjylland,3,2,H,1.80,2.00,1.80,2.00
DNK1,25/04/2025,Randers FC,Brondby,0,0,D,1.80,2.00,1.80,2.00
DNK1,27/04/2025,Lyngby,Silkeborg,2,0,H,1.80,2.00,1.80,2.00
DNK1,27/04/2025,Sonderjyske,Viborg,2,2,D,1.80,2.00,1.80,2.00
DNK1,27/04/2025,Aarhus,FC Copenhagen,1,3,A,1.80,2.00,1.80,2.00
DNK1,27/04/2025,Midtjylland,Nordsjaelland,5,0,H,1.80,2.00,1.80,2.00
DNK1,28/04/2025,Aalborg,Vejle,0,1,A,1.80,2.00,1.80,2.00
DNK1,02/05/2025,Randers FC,Nordsjaelland,3,2,H,1.80,2.00,1.80,2.00
DNK1,04/05/2025,Lyngby,Viborg,0,0,D,1.80,2.00,1.80,2.00
DNK1,04/05/2025,Silkeborg,Vejle,1,1,D,1.80,2.00,1.80,2.00
DNK1,04/05/2025,Brondby,FC Copenhagen,0,3,A,1.80,2.00,1.80,2.00
DNK1,04/05/2025,Midtjylland,Aarhus,3,1,H,1.80,2.00,1.80,2.00
DNK1,05/05/2025,Sonderjyske,Aalborg,2,2,D,1.80,2.00,1.80,2.00
DNK1,11/05/2025,Nordsjaelland,Brondby,2,2,D,1.80,2.00,1.80,2.00
DNK1,11/05/2025,Silkeborg,Sonderjyske,1,0,H,1.80,2.00,1.80,2.00
DNK1,11/05/2025,Aarhus,Randers FC,1,3,A,1.80,2.00,1.80,2.00
DNK1,11/05/2025,Viborg,Aalborg,3,1,H,1.80,2.00,1.80,2.00
DNK1,11/05/2025,FC Copenhagen,Midtjylland,1,1,D,1.80,2.00,1.80,2.00
DNK1,12/05/2025,Vejle,Lyngby,2,0,H,1.80,2.00,1.80,2.00
DNK1,16/05/2025,Nordsjaelland,Aarhus,2,0,H,1.80,2.00,1.80,2.00
DNK1,18/05/2025,Aalborg,Silkeborg,2,3,A,1.80,2.00,1.80,2.00
DNK1,18/05/2025,Viborg,Vejle,0,1,A,1.80,2.00,1.80,2.00
DNK1,18/05/2025,Sonderjyske,Lyngby,5,1,H,1.80,2.00,1.80,2.00
DNK1,18/05/2025,Randers FC,FC Copenhagen,0,4,A,1.80,2.00,1.80,2.00
DNK1,19/05/2025,Brondby,Midtjylland,1,2,A,1.80,2.00,1.80,2.00
DNK1,24/05/2025,Lyngby,Aalborg,3,1,H,1.80,2.00,1.80,2.00
DNK1,24/05/2025,Silkeborg,Viborg,1,2,A,1.80,2.00,1.80,2.00
DNK1,24/05/2025,Vejle,Sonderjyske,2,3,A,1.80,2.00,1.80,2.00
DNK1,25/05/2025,Aarhus,Brondby,2,3,A,1.80,2.00,1.80,2.00
DNK1,25/05/2025,FC Copenhagen,Nordsjaelland,3,0,H,1.80,2.00,1.80,2.00
DNK1,25/05/2025,Midtjylland,Randers FC,3,2,H,1.80,2.00,1.80,2.00
DNK1,18/07/2025,Viborg,FC Copenhagen,2,3,A,1.80,2.00,1.80,2.00
DNK1,20/07/2025,Fredericia,Nordsjaelland,2,3,A,1.80,2.00,1.80,2.00
DNK1,20/07/2025,Vejle,Randers FC,1,1,D,1.80,2.00,1.80,2.00
DNK1,20/07/2025,Sonderjyske,Aarhus,1,1,D,1.80,2.00,1.80,2.00
DNK1,20/07/2025,Midtjylland,Odense,3,3,D,1.80,2.00,1.80,2.00
DNK1,20/07/2025,Brondby,Silkeborg,3,0,H,1.80,2.00,1.80,2.00
DNK1,25/07/2025,Aarhus,Randers FC,1,2,A,1.80,2.00,1.80,2.00
DNK1,26/07/2025,FC Copenhagen,Vejle,2,0,H,1.80,2.00,1.80,2.00
DNK1,27/07/2025,Odense,Viborg,3,1,H,1.80,2.00,1.80,2.00
DNK1,27/07/2025,Silkeborg,Fredericia,0,2,A,1.80,2.00,1.80,2.00
DNK1,27/07/2025,Nordsjaelland,Brondby,0,1,A,1.80,2.00,1.80,2.00
DNK1,28/07/2025,Midtjylland,Sonderjyske,6,2,H,1.80,2.00,1.80,2.00
DNK1,01/08/2025,Fredericia,FC Copenhagen,0,2,A,1.80,2.00,1.80,2.00
DNK1,01/08/2025,Vejle,Odense,4,0,H,1.80,2.00,1.80,2.00
DNK1,03/08/2025,Randers FC,Silkeborg,1,0,H,1.80,2.00,1.80,2.00
DNK1,03/08/2025,Sonderjyske,Nordsjaelland,3,2,H,1.80,2.00,1.80,2.00
DNK1,03/08/2025,Aarhus,Midtjylland,0,0,D,1.80,2.00,1.80,2.00
DNK1,03/08/2025,Brondby,Viborg,0,2,A,1.80,2.00,1.80,2.00
DNK1,08/08/2025,FC Copenhagen,Aarhus,2,3,A,1.80,2.00,1.80,2.00
DNK1,08/08/2025,Viborg,Sonderjyske,1,0,H,1.80,2.00,1.80,2.00
DNK1,10/08/2025,Midtjylland,Fredericia,3,3,D,1.80,2.00,1.80,2.00
DNK1,10/08/2025,Silkeborg,Nordsjaelland,4,2,H,1.80,2.00,1.80,2.00
DNK1,10/08/2025,Brondby,Vejle,2,1,H,1.80,2.00,1.80,2.00
DNK1,11/08/2025,Odense,Randers FC,3,2,H,1.80,2.00,1.80,2.00
DNK1,15/08/2025,Nordsjaelland,FC Copenhagen,1,3,A,1.80,2.00,1.80,2.00
DNK1,15/08/2025,Fredericia,Sonderjyske,3,2,H,1.80,2.00,1.80,2.00
DNK1,17/08/2025,Vejle,Midtjylland,0,2,A,1.80,2.00,1.80,2.00
DNK1,17/08/2025,Viborg,Silkeborg,2,3,A,1.80,2.00,1.80,2.00
DNK1,17/08/2025,Randers FC,Brondby,0,2,A,1.80,2.00,1.80,2.00
DNK1,18/08/2025,Odense,Aarhus,1,5,A,1.80,2.00,1.80,2.00
DNK1,23/08/2025,FC Copenhagen,Odense,1,1,D,1.80,2.00,1.80,2.00
DNK1,24/08/2025,Fredericia,Randers FC,1,0,H,1.80,2.00,1.80,2.00
DNK1,24/08/2025,Midtjylland,Silkeborg,4,2,H,1.80,2.00,1.80,2.00
DNK1,24/08/2025,Sonderjyske,Brondby,2,0,H,1.80,2.00,1.80,2.00
DNK1,24/08/2025,Aarhus,Vejle,1,0,H,1.80,2.00,1.80,2.00
DNK1,25/08/2025,Nordsjaelland,Viborg,1,0,H,1.80,2.00,1.80,2.00
DNK1,29/08/2025,Vejle,Viborg,1,2,A,1.80,2.00,1.80,2.00
DNK1,31/08/2025,Aarhus,Fredericia,4,1,H,1.80,2.00,1.80,2.00
DNK1,31/08/2025,Silkeborg,Sonderjyske,0,2,A,1.80,2.00,1.80,2.00
DNK1,31/08/2025,Odense,Nordsjaelland,1,2,A,1.80,2.00,1.80,2.00
DNK1,31/08/2025,Randers FC,FC Copenhagen,1,5,A,1.80,2.00,1.80,2.00
DNK1,31/08/2025,Brondby,Midtjylland,1,3,A,1.80,2.00,1.80,2.00
DNK1,12/09/2025,Sonderjyske,Randers FC,0,1,A,1.80,2.00,1.80,2.00
DNK1,13/09/2025,Brondby,FC Copenhagen,2,1,H,1.80,2.00,1.80,2.00
DNK1,14/09/2025,Viborg,Aarhus,1,2,A,1.80,2.00,1.80,2.00
DNK1,14/09/2025,Nordsjaelland,Midtjylland,1,0,H,1.80,2.00,1.80,2.00
DNK1,14/09/2025,Silkeborg,Odense,2,1,H,1.80,2.00,1.80,2.00
DNK1,15/09/2025,Fredericia,Vejle,1,1,D,1.80,2.00,1.80,2.00
DNK1,19/09/2025,Odense,Fredericia,3,2,H,1.80,2.00,1.80,2.00
DNK1,20/09/2025,Midtjylland,Viborg,2,0,H,1.80,2.00,1.80,2.00
DNK1,21/09/2025,Vejle,Sonderjyske,2,2,D,1.80,2.00,1.80,2.00
DNK1,21/09/2025,FC Copenhagen,Silkeborg,3,3,D,1.80,2.00,1.80,2.00
DNK1,21/09/2025,Aarhus,Brondby,1,0,H,1.80,2.00,1.80,2.00
DNK1,22/09/2025,Randers FC,Nordsjaelland,3,0,H,1.80,2.00,1.80,2.00
DNK1,27/09/2025,Sonderjyske,FC Copenhagen,1,2,A,1.80,2.00,1.80,2.00
DNK1,28/09/2025,Viborg,Fredericia,2,1,H,1.80,2.00,1.80,2.00
DNK1,28/09/2025,Silkeborg,Vejle,1,1,D,1.80,2.00,1.80,2.00
DNK1,28/09/2025,Nordsjaelland,Aarhus,1,2,A,1.80,2.00,1.80,2.00
DNK1,28/09/2025,Brondby,Odense,5,1,H,1.80,2.00,1.80,2.00
DNK1,29/09/2025,Midtjylland,Randers FC,2,1,H,1.80,2.00,1.80,2.00
DNK1,03/10/2025,Odense,Sonderjyske,1,1,D,1.80,2.00,1.80,2.00
DNK1,05/10/2025,Randers FC,Viborg,2,1,H,1.80,2.00,1.80,2.00
DNK1,05/10/2025,Vejle,Nordsjaelland,0,3,A,1.80,2.00,1.80,2.00
DNK1,05/10/2025,Aarhus,Silkeborg,3,1,H,1.80,2.00,1.80,2.00
DNK1,05/10/2025,FC Copenhagen,Midtjylland,1,1,D,1.80,2.00,1.80,2.00
DNK1,05/10/2025,Fredericia,Brondby,0,2,A,1.80,2.00,1.80,2.00
DNK1,17/10/2025,Silkeborg,FC Copenhagen,3,1,H,1.80,2.00,1.80,2.00
DNK1,19/10/2025,Nordsjaelland,Randers FC,1,0,H,1.80,2.00,1.80,2.00
DNK1,19/10/2025,Viborg,Odense,1,2,A,1.80,2.00,1.80,2.00
DNK1,19/10/2025,Brondby,Aarhus,3,3,D,1.80,2.00,1.80,2.00
DNK1,19/10/2025,Midtjylland,Vejle,5,1,H,1.80,2.00,1.80,2.00
DNK1,20/10/2025,Sonderjyske,Fredericia,3,0,H,1.80,2.00,1.80,2.00
DNK1,24/10/2025,Aarhus,Nordsjaelland,1,0,H,1.80,2.00,1.80,2.00
DNK1,26/10/2025,Fredericia,Midtjylland,0,4,A,1.80,2.00,1.80,2.00
DNK1,26/10/2025,Vejle,Silkeborg,1,2,A,1.80,2.00,1.80,2.00
DNK1,26/10/2025,Randers FC,Sonderjyske,0,0,D,1.80,2.00,1.80,2.00
DNK1,26/10/2025,FC Copenhagen,Viborg,0,0,D,1.80,2.00,1.80,2.00
DNK1,27/10/2025,Odense,Brondby,1,4,A,1.80,2.00,1.80,2.00
DNK1,01/11/2025,FC Copenhagen,Fredericia,3,2,H,1.80,2.00,1.80,2.00
DNK1,02/11/2025,Viborg,Randers FC,3,2,H,1.80,2.00,1.80,2.00
DNK1,02/11/2025,Sonderjyske,Vejle,2,1,H,1.80,2.00,1.80,2.00
DNK1,02/11/2025,Nordsjaelland,Odense,2,4,A,1.80,2.00,1.80,2.00
DNK1,02/11/2025,Silkeborg,Brondby,0,2,A,1.80,2.00,1.80,2.00
DNK1,03/11/2025,Midtjylland,Aarhus,1,1,D,1.80,2.00,1.80,2.00
DNK1,07/11/2025,Odense,Silkeborg,1,1,D,1.80,2.00,1.80,2.00
DNK1,09/11/2025,Fredericia,Viborg,0,3,A,1.80,2.00,1.80,2.00
DNK1,09/11/2025,Vejle,FC Copenhagen,2,0,H,1.80,2.00,1.80,2.00
DNK1,09/11/2025,Randers FC,Midtjylland,0,2,A,1.80,2.00,1.80,2.00
DNK1,09/11/2025,Aarhus,Sonderjyske,2,3,A,1.80,2.00,1.80,2.00
DNK1,09/11/2025,Brondby,Nordsjaelland,2,0,H,1.80,2.00,1.80,2.00
DNK1,21/11/2025,Silkeborg,Aarhus,0,2,A,1.80,2.00,1.80,2.00
DNK1,23/11/2025,FC Copenhagen,Brondby,1,0,H,1.80,2.00,1.80,2.00
DNK1,23/11/2025,Viborg,Vejle,5,2,H,1.80,2.00,1.80,2.00
DNK1,23/11/2025,Nordsjaelland,Fredericia,5,0,H,1.80,2.00,1.80,2.00
DNK1,23/11/2025,Sonderjyske,Midtjylland,2,1,H,1.80,2.00,1.80,2.00
DNK1,24/11/2025,Randers FC,Odense,0,0,D,1.80,2.00,1.80,2.00
DNK1,28/11/2025,Sonderjyske,Viborg,2,2,D,1.80,2.00,1.80,2.00
DNK1,30/11/2025,Aarhus,FC Copenhagen,2,0,H,1.80,2.00,1.80,2.00
DNK1,30/11/2025,Silkeborg,Randers FC,0,0,D,1.80,2.00,1.80,2.00
DNK1,30/11/2025,Midtjylland,Nordsjaelland,6,0,H,1.80,2.00,1.80,2.00
DNK1,30/11/2025,Odense,Vejle,3,0,H,1.80,2.00,1.80,2.00
DNK1,01/12/2025,Brondby,Fredericia,1,3,A,1.80,2.00,1.80,2.00
DNK1,05/12/2025,Fredericia,Odense,1,3,A,1.80,2.00,1.80,2.00
DNK1,07/12/2025,Nordsjaelland,Silkeborg,5,0,H,1.80,2.00,1.80,2.00
DNK1,07/12/2025,Viborg,Midtjylland,3,3,D,1.80,2.00,1.80,2.00
DNK1,07/12/2025,Randers FC,Aarhus,1,2,A,1.80,2.00,1.80,2.00
DNK1,07/12/2025,FC Copenhagen,Sonderjyske,0,2,A,1.80,2.00,1.80,2.00
DNK1,08/12/2025,Vejle,Brondby,2,1,H,1.80,2.00,1.80,2.00
DNK1,08/02/2026,Nordsjaelland,Sonderjyske,2,1,H,1.80,2.00,1.80,2.00
DNK1,08/02/2026,Silkeborg,Viborg,0,1,A,1.80,2.00,1.80,2.00
DNK1,08/02/2026,Midtjylland,FC Copenhagen,2,1,H,1.80,2.00,1.80,2.00
DNK1,08/02/2026,Brondby,Randers FC,0,0,D,1.80,2.00,1.80,2.00
DNK1,09/02/2026,Vejle,Fredericia,2,3,A,1.80,2.00,1.80,2.00
DNK1,09/02/2026,Aarhus,Odense,2,1,H,1.80,2.00,1.80,2.00
DNK1,13/02/2026,Randers FC,Vejle,2,0,H,1.80,2.00,1.80,2.00
DNK1,14/02/2026,FC Copenhagen,Nordsjaelland,1,2,A,1.80,2.00,1.80,2.00
DNK1,15/02/2026,Fredericia,Aarhus,1,1,D,1.80,2.00,1.80,2.00
DNK1,15/02/2026,Odense,Midtjylland,1,4,A,1.80,2.00,1.80,2.00
DNK1,15/02/2026,Viborg,Brondby,1,0,H,1.80,2.00,1.80,2.00
DNK1,16/02/2026,Sonderjyske,Silkeborg,2,1,H,1.80,2.00,1.80,2.00
DNK1,20/02/2026,Nordsjaelland,Vejle,3,3,D,1.80,2.00,1.80,2.00
DNK1,21/02/2026,Odense,FC Copenhagen,2,2,D,1.80,2.00,1.80,2.00
DNK1,22/02/2026,Randers FC,Fredericia,1,2,A,1.80,2.00,1.80,2.00
DNK1,22/02/2026,Silkeborg,Midtjylland,0,4,A,1.80,2.00,1.80,2.00
DNK1,22/02/2026,Aarhus,Viborg,5,2,H,1.80,2.00,1.80,2.00
DNK1,23/02/2026,Brondby,Sonderjyske,0,0,D,1.80,2.00,1.80,2.00
DNK1,01/03/2026,FC Copenhagen,Randers FC,1,2,A,1.80,2.00,1.80,2.00
DNK1,01/03/2026,Fredericia,Silkeborg,2,1,H,1.80,2.00,1.80,2.00
DNK1,01/03/2026,Midtjylland,Brondby,0,0,D,1.80,2.00,1.80,2.00
DNK1,01/03/2026,Sonderjyske,Odense,1,0,H,1.80,2.00,1.80,2.00
DNK1,01/03/2026,Vejle,Aarhus,1,2,A,1.80,2.00,1.80,2.00
DNK1,01/03/2026,Viborg,Nordsjaelland,2,1,H,1.80,2.00,1.80,2.00
DNK1,13/03/2026,Fredericia,Randers FC,0,3,A,1.80,2.00,1.80,2.00
DNK1,15/03/2026,Midtjylland,Nordsjaelland,0,1,A,1.80,2.00,1.80,2.00
DNK1,15/03/2026,Odense,FC Copenhagen,2,1,H,1.80,2.00,1.80,2.00
DNK1,15/03/2026,Sonderjyske,Aarhus,1,1,D,1.80,2.00,1.80,2.00
DNK1,15/03/2026,Brondby,Viborg,0,1,A,1.80,2.00,1.80,2.00
DNK1,16/03/2026,Silkeborg,Vejle,1,1,D,1.80,2.00,1.80,2.00
DNK1,20/03/2026,Vejle,Odense,1,1,D,1.80,2.00,1.80,2.00
DNK1,22/03/2026,Nordsjaelland,Sonderjyske,2,0,H,1.80,2.00,1.80,2.00
DNK1,22/03/2026,Randers FC,Silkeborg,0,3,A,1.80,2.00,1.80,2.00
DNK1,22/03/2026,FC Copenhagen,Fredericia,1,2,A,1.80,2.00,1.80,2.00
DNK1,22/03/2026,Aarhus,Brondby,0,0,D,1.80,2.00,1.80,2.00
DNK1,22/03/2026,Viborg,Midtjylland,1,1,D,1.80,2.00,1.80,2.00
DNK1,04/04/2026,Midtjylland,Sonderjyske,2,2,D,1.80,2.00,1.80,2.00
DNK1,05/04/2026,FC Copenhagen,Silkeborg,7,0,H,1.80,2.00,1.80,2.00
DNK1,06/04/2026,Vejle,Randers FC,1,1,D,1.80,2.00,1.80,2.00
DNK1,06/04/2026,Odense,Fredericia,1,0,H,1.80,2.00,1.80,2.00
DNK1,06/04/2026,Viborg,Aarhus,1,2,A,1.80,2.00,1.80,2.00
DNK1,07/04/2026,Nordsjaelland,Brondby,2,1,H,1.80,2.00,1.80,2.00
DNK1,10/04/2026,Aarhus,Nordsjaelland,1,1,D,1.80,2.00,1.80,2.00
DNK1,12/04/2026,Silkeborg,Odense,3,1,H,1.80,2.00,1.80,2.00
DNK1,12/04/2026,Sonderjyske,Viborg,0,2,A,1.80,2.00,1.80,2.00
DNK1,12/04/2026,Brondby,Midtjylland,1,2,A,1.80,2.00,1.80,2.00
DNK1,12/04/2026,Randers FC,FC Copenhagen,1,2,A,1.80,2.00,1.80,2.00
DNK1,13/04/2026,Fredericia,Vejle,2,2,D,1.80,2.00,1.80,2.00
DNK1,17/04/2026,Brondby,Sonderjyske,6,0,H,1.80,2.00,1.80,2.00
DNK1,19/04/2026,Odense,Randers FC,3,1,H,1.80,2.00,1.80,2.00
DNK1,19/04/2026,Silkeborg,Fredericia,2,2,D,1.80,2.00,1.80,2.00
DNK1,19/04/2026,Nordsjaelland,Viborg,2,1,H,1.80,2.00,1.80,2.00
DNK1,19/04/2026,Vejle,FC Copenhagen,1,4,A,1.80,2.00,1.80,2.00
DNK1,20/04/2026,Midtjylland,Aarhus,2,1,H,1.80,2.00,1.80,2.00
DNK1,22/04/2026,FC Copenhagen,Odense,2,1,H,1.80,2.00,1.80,2.00
DNK1,22/04/2026,Vejle,Silkeborg,1,2,A,1.80,2.00,1.80,2.00
DNK1,22/04/2026,Viborg,Brondby,0,1,A,1.80,2.00,1.80,2.00
DNK1,23/04/2026,Nordsjaelland,Aarhus,1,1,D,1.80,2.00,1.80,2.00
DNK1,23/04/2026,Randers FC,Fredericia,2,2,D,1.80,2.00,1.80,2.00
DNK1,23/04/2026,Sonderjyske,Midtjylland,1,2,A,1.80,2.00,1.80,2.00
DNK1,26/04/2026,Fredericia,Odense,0,2,A,1.80,2.00,1.80,2.00
DNK1,26/04/2026,Silkeborg,Randers FC,2,0,H,1.80,2.00,1.80,2.00
DNK1,26/04/2026,Sonderjyske,Brondby,3,0,H,1.80,2.00,1.80,2.00
DNK1,26/04/2026,Viborg,Nordsjaelland,1,0,H,1.80,2.00,1.80,2.00
DNK1,26/04/2026,Aarhus,Midtjylland,0,0,D,1.80,2.00,1.80,2.00
DNK1,27/04/2026,FC Copenhagen,Vejle,3,0,H,1.80,2.00,1.80,2.00
DNK1,01/05/2026,Brondby,Nordsjaelland,1,1,D,1.80,2.00,1.80,2.00
DNK1,03/05/2026,Odense,Silkeborg,2,3,A,1.80,2.00,1.80,2.00
DNK1,03/05/2026,Randers FC,Vejle,1,0,H,1.80,2.00,1.80,2.00
DNK1,03/05/2026,Fredericia,FC Copenhagen,3,3,D,1.80,2.00,1.80,2.00
DNK1,03/05/2026,Aarhus,Sonderjyske,2,1,H,1.80,2.00,1.80,2.00
DNK1,04/05/2026,Midtjylland,Viborg,3,3,D,1.80,2.00,1.80,2.00
DNK1,08/05/2026,Viborg,Sonderjyske,0,1,A,1.80,2.00,1.80,2.00
DNK1,10/05/2026,Nordsjaelland,Midtjylland,0,0,D,1.80,2.00,1.80,2.00
DNK1,10/05/2026,Vejle,Fredericia,2,0,H,1.80,2.00,1.80,2.00
DNK1,10/05/2026,Silkeborg,FC Copenhagen,0,4,A,1.80,2.00,1.80,2.00
DNK1,10/05/2026,Brondby,Aarhus,0,2,A,1.80,2.00,1.80,2.00
DNK1,11/05/2026,Randers FC,Odense,2,2,D,1.80,2.00,1.80,2.00
DNK1,17/05/2026,FC Copenhagen,Randers FC,5,0,H,1.80,2.00,1.80,2.00
DNK1,17/05/2026,Fredericia,Silkeborg,4,1,H,1.80,2.00,1.80,2.00
DNK1,17/05/2026,Odense,Vejle,0,1,A,1.80,2.00,1.80,2.00
DNK1,17/05/2026,Aarhus,Viborg,6,2,H,1.80,2.00,1.80,2.00
DNK1,17/05/2026,Midtjylland,Brondby,2,3,A,1.80,2.00,1.80,2.00
DNK1,17/05/2026,Sonderjyske,Nordsjaelland,1,4,A,1.80,2.00,1.80,2.00
DNK1,24/07/2026,Viborg,Odense,1,0,H,1.80,2.00,1.80,2.00
DNK1,25/07/2026,Aarhus,Brondby,1,1,D,1.80,2.00,1.80,2.00
DNK1,26/07/2026,Sonderjyske,Midtjylland,2,3,A,1.80,2.00,1.80,2.00
DNK1,26/07/2026,FC Copenhagen,Lyngby,3,2,H,1.80,2.00,1.80,2.00
DNK1,26/07/2026,Horsens,Nordsjaelland,1,1,D,1.80,2.00,1.80,2.00
DNK1,27/07/2026,Randers FC,Silkeborg,1,1,D,1.80,2.00,1.80,2.00
AUT1,22/07/2022,Salzburg,Austria Vienna,3,0,H,1.80,2.00,1.80,2.00
AUT1,23/07/2022,LASK,A. Klagenfurt,3,1,H,1.80,2.00,1.80,2.00
AUT1,23/07/2022,Wolfsberger AC,Sturm Graz,1,1,D,1.80,2.00,1.80,2.00
AUT1,24/07/2022,A. Lustenau,Tirol,2,1,H,1.80,2.00,1.80,2.00
AUT1,24/07/2022,Hartberg,Altach,2,1,H,1.80,2.00,1.80,2.00
AUT1,24/07/2022,SK Rapid,Ried,1,0,H,1.80,2.00,1.80,2.00
AUT1,30/07/2022,Altach,Wolfsberger AC,2,2,D,1.80,2.00,1.80,2.00
AUT1,30/07/2022,Ried,A. Lustenau,1,0,H,1.80,2.00,1.80,2.00
AUT1,30/07/2022,Sturm Graz,Salzburg,2,1,H,1.80,2.00,1.80,2.00
AUT1,31/07/2022,A. Klagenfurt,SK Rapid,0,1,A,1.80,2.00,1.80,2.00
AUT1,31/07/2022,Austria Vienna,LASK,1,1,D,1.80,2.00,1.80,2.00
AUT1,31/07/2022,Tirol,Hartberg,2,1,H,1.80,2.00,1.80,2.00
AUT1,06/08/2022,Ried,Sturm Graz,1,1,D,1.80,2.00,1.80,2.00
AUT1,06/08/2022,Wolfsberger AC,LASK,1,5,A,1.80,2.00,1.80,2.00
AUT1,06/08/2022,Hartberg,Salzburg,0,2,A,1.80,2.00,1.80,2.00
AUT1,07/08/2022,Altach,Austria Vienna,3,2,H,1.80,2.00,1.80,2.00
AUT1,07/08/2022,SK Rapid,A. Lustenau,1,1,D,1.80,2.00,1.80,2.00
AUT1,07/08/2022,Tirol,A. Klagenfurt,2,2,D,1.80,2.00,1.80,2.00
AUT1,13/08/2022,A. Klagenfurt,Ried,1,0,H,1.80,2.00,1.80,2.00
AUT1,13/08/2022,Austria Vienna,Tirol,2,1,H,1.80,2.00,1.80,2.00
AUT1,13/08/2022,Sturm Graz,Altach,4,0,H,1.80,2.00,1.80,2.00
AUT1,14/08/2022,A. Lustenau,Hartberg,4,1,H,1.80,2.00,1.80,2.00
AUT1,14/08/2022,LASK,SK Rapid,2,1,H,1.80,2.00,1.80,2.00
AUT1,14/08/2022,Salzburg,Wolfsberger AC,2,1,H,1.80,2.00,1.80,2.00
AUT1,20/08/2022,Altach,A. Lustenau,1,2,A,1.80,2.00,1.80,2.00
AUT1,20/08/2022,Salzburg,A. Klagenfurt,2,0,H,1.80,2.00,1.80,2.00
AUT1,20/08/2022,Sturm Graz,LASK,0,1,A,1.80,2.00,1.80,2.00
AUT1,21/08/2022,Ried,Tirol,1,2,A,1.80,2.00,1.80,2.00
AUT1,21/08/2022,Wolfsberger AC,Austria Vienna,1,2,A,1.80,2.00,1.80,2.00
AUT1,27/08/2022,A. Lustenau,Salzburg,0,6,A,1.80,2.00,1.80,2.00
AUT1,27/08/2022,Hartberg,Ried,2,0,H,1.80,2.00,1.80,2.00
AUT1,27/08/2022,LASK,Altach,4,1,H,1.80,2.00,1.80,2.00
AUT1,28/08/2022,A. Klagenfurt,Austria Vienna,3,3,D,1.80,2.00,1.80,2.00
AUT1,28/08/2022,SK Rapid,Sturm Graz,1,2,A,1.80,2.00,1.80,2.00
AUT1,28/08/2022,Tirol,Wolfsberger AC,1,3,A,1.80,2.00,1.80,2.00
AUT1,03/09/2022,Austria Vienna,A. Lustenau,2,2,D,1.80,2.00,1.80,2.00
AUT1,03/09/2022,Salzburg,Tirol,2,0,H,1.80,2.00,1.80,2.00
AUT1,03/09/2022,Sturm Graz,Hartberg,0,0,D,1.80,2.00,1.80,2.00
AUT1,04/09/2022,Altach,SK Rapid,0,1,A,1.80,2.00,1.80,2.00
AUT1,04/09/2022,Wolfsberger AC,A. Klagenfurt,3,4,A,1.80,2.00,1.80,2.00
AUT1,04/09/2022,LASK,Ried,1,1,D,1.80,2.00,1.80,2.00
AUT1,10/09/2022,SK Rapid,Wolfsberger AC,1,3,A,1.80,2.00,1.80,2.00
AUT1,10/09/2022,Ried,Salzburg,0,3,A,1.80,2.00,1.80,2.00
AUT1,10/09/2022,Tirol,Altach,0,0,D,1.80,2.00,1.80,2.00
AUT1,11/09/2022,A. Lustenau,LASK,1,1,D,1.80,2.00,1.80,2.00
AUT1,11/09/2022,Hartberg,Austria Vienna,0,3,A,1.80,2.00,1.80,2.00
AUT1,11/09/2022,A. Klagenfurt,Sturm Graz,0,2,A,1.80,2.00,1.80,2.00
AUT1,17/09/2022,Altach,A. Klagenfurt,1,4,A,1.80,2.00,1.80,2.00
AUT1,17/09/2022,LASK,Tirol,1,4,A,1.80,2.00,1.80,2.00
AUT1,17/09/2022,Wolfsberger AC,Hartberg,3,1,H,1.80,2.00,1.80,2.00
AUT1,18/09/2022,Austria Vienna,Ried,3,0,H,1.80,2.00,1.80,2.00
AUT1,18/09/2022,Sturm Graz,A. Lustenau,2,0,H,1.80,2.00,1.80,2.00
AUT1,18/09/2022,Salzburg,SK Rapid,1,1,D,1.80,2.00,1.80,2.00
AUT1,01/10/2022,A. Lustenau,Wolfsberger AC,1,3,A,1.80,2.00,1.80,2.00
AUT1,01/10/2022,Salzburg,LASK,1,1,D,1.80,2.00,1.80,2.00
AUT1,01/10/2022,Tirol,SK Rapid,0,5,A,1.80,2.00,1.80,2.00
AUT1,02/10/2022,Hartberg,A. Klagenfurt,2,3,A,1.80,2.00,1.80,2.00
AUT1,02/10/2022,Ried,Altach,2,3,A,1.80,2.00,1.80,2.00
AUT1,02/10/2022,Austria Vienna,Sturm Graz,0,3,A,1.80,2.00,1.80,2.00
AUT1,08/10/2022,A. Klagenfurt,A. Lustenau,2,1,H,1.80,2.00,1.80,2.00
AUT1,08/10/2022,Altach,Salzburg,2,3,A,1.80,2.00,1.80,2.00
AUT1,08/10/2022,LASK,Hartberg,0,3,A,1.80,2.00,1.80,2.00
AUT1,09/10/2022,Sturm Graz,Tirol,2,1,H,1.80,2.00,1.80,2.00
AUT1,09/10/2022,Wolfsberger AC,Ried,1,2,A,1.80,2.00,1.80,2.00
AUT1,09/10/2022,SK Rapid,Austria Vienna,1,2,A,1.80,2.00,1.80,2.00
AUT1,15/10/2022,Tirol,A. Lustenau,3,2,H,1.80,2.00,1.80,2.00
AUT1,15/10/2022,A. Klagenfurt,LASK,1,3,A,1.80,2.00,1.80,2.00
AUT1,15/10/2022,Ried,SK Rapid,1,0,H,1.80,2.00,1.80,2.00
AUT1,16/10/2022,Altach,Hartberg,1,0,H,1.80,2.00,1.80,2.00
AUT1,16/10/2022,Sturm Graz,Wolfsberger AC,3,2,H,1.80,2.00,1.80,2.00
AUT1,16/10/2022,Austria Vienna,Salzburg,1,3,A,1.80,2.00,1.80,2.00
AUT1,22/10/2022,Hartberg,Tirol,1,5,A,1.80,2.00,1.80,2.00
AUT1,22/10/2022,SK Rapid,A. Klagenfurt,0,1,A,1.80,2.00,1.80,2.00
AUT1,22/10/2022,Salzburg,Sturm Graz,0,0,D,1.80,2.00,1.80,2.00
AUT1,23/10/2022,A. Lustenau,Ried,0,0,D,1.80,2.00,1.80,2.00
AUT1,23/10/2022,Wolfsberger AC,Altach,2,3,A,1.80,2.00,1.80,2.00
AUT1,23/10/2022,LASK,Austria Vienna,2,2,D,1.80,2.00,1.80,2.00
AUT1,26/10/2022,SK Rapid,Hartberg,5,1,H,1.80,2.00,1.80,2.00
AUT1,29/10/2022,A. Klagenfurt,Tirol,2,3,A,1.80,2.00,1.80,2.00
AUT1,29/10/2022,A. Lustenau,SK Rapid,3,3,D,1.80,2.00,1.80,2.00
AUT1,29/10/2022,Salzburg,Hartberg,1,0,H,1.80,2.00,1.80,2.00
AUT1,30/10/2022,Austria Vienna,Altach,2,1,H,1.80,2.00,1.80,2.00
AUT1,30/10/2022,LASK,Wolfsberger AC,4,1,H,1.80,2.00,1.80,2.00
AUT1,30/10/2022,Sturm Graz,Ried,2,1,H,1.80,2.00,1.80,2.00
AUT1,05/11/2022,Hartberg,A. Lustenau,1,1,D,1.80,2.00,1.80,2.00
AUT1,05/11/2022,Ried,A. Klagenfurt,2,2,D,1.80,2.00,1.80,2.00
AUT1,05/11/2022,Wolfsberger AC,Salzburg,1,2,A,1.80,2.00,1.80,2.00
AUT1,06/11/2022,Altach,Sturm Graz,1,1,D,1.80,2.00,1.80,2.00
AUT1,06/11/2022,Tirol,Austria Vienna,0,0,D,1.80,2.00,1.80,2.00
AUT1,06/11/2022,SK Rapid,LASK,1,0,H,1.80,2.00,1.80,2.00
AUT1,12/11/2022,A. Lustenau,Altach,3,0,H,1.80,2.00,1.80,2.00
AUT1,12/11/2022,Hartberg,SK Rapid,1,2,A,1.80,2.00,1.80,2.00
AUT1,12/11/2022,Tirol,Ried,2,0,H,1.80,2.00,1.80,2.00
AUT1,13/11/2022,A. Klagenfurt,Salzburg,0,1,A,1.80,2.00,1.80,2.00
AUT1,13/11/2022,Austria Vienna,Wolfsberger AC,0,1,A,1.80,2.00,1.80,2.00
AUT1,13/11/2022,LASK,Sturm Graz,1,1,D,1.80,2.00,1.80,2.00
AUT1,10/02/2023,Sturm Graz,SK Rapid,1,0,H,1.80,2.00,1.80,2.00
AUT1,11/02/2023,Salzburg,A. Lustenau,4,0,H,1.80,2.00,1.80,2.00
AUT1,11/02/2023,Wolfsberger AC,Tirol,1,2,A,1.80,2.00,1.80,2.00
AUT1,12/02/2023,Altach,LASK,0,1,A,1.80,2.00,1.80,2.00
AUT1,12/02/2023,Ried,Hartberg,0,1,A,1.80,2.00,1.80,2.00
AUT1,12/02/2023,Austria Vienna,A. Klagenfurt,3,1,H,1.80,2.00,1.80,2.00
AUT1,18/02/2023,A. Klagenfurt,Wolfsberger AC,0,3,A,1.80,2.00,1.80,2.00
AUT1,18/02/2023,Hartberg,Sturm Graz,1,2,A,1.80,2.00,1.80,2.00
AUT1,18/02/2023,Ried,LASK,1,1,D,1.80,2.00,1.80,2.00
AUT1,19/02/2023,A. Lustenau,Austria Vienna,1,0,H,1.80,2.00,1.80,2.00
AUT1,19/02/2023,Tirol,Salzburg,1,3,A,1.80,2.00,1.80,2.00
AUT1,19/02/2023,SK Rapid,Altach,3,0,H,1.80,2.00,1.80,2.00
AUT1,24/02/2023,LASK,A. Lustenau,1,0,H,1.80,2.00,1.80,2.00
AUT1,25/02/2023,Austria Vienna,Hartberg,3,0,H,1.80,2.00,1.80,2.00
AUT1,25/02/2023,Sturm Graz,A. Klagenfurt,1,2,A,1.80,2.00,1.80,2.00
AUT1,26/02/2023,Altach,Tirol,0,0,D,1.80,2.00,1.80,2.00
AUT1,26/02/2023,Wolfsberger AC,SK Rapid,1,2,A,1.80,2.00,1.80,2.00
AUT1,26/02/2023,Salzburg,Ried,2,0,H,1.80,2.00,1.80,2.00
AUT1,04/03/2023,A. Lustenau,Sturm Graz,0,2,A,1.80,2.00,1.80,2.00
AUT1,04/03/2023,Hartberg,Wolfsberger AC,2,1,H,1.80,2.00,1.80,2.00
AUT1,04/03/2023,Ried,Austria Vienna,1,3,A,1.80,2.00,1.80,2.00
AUT1,05/03/2023,A. Klagenfurt,Altach,3,0,H,1.80,2.00,1.80,2.00
AUT1,05/03/2023,Tirol,LASK,2,3,A,1.80,2.00,1.80,2.00
AUT1,05/03/2023,SK Rapid,Salzburg,2,4,A,1.80,2.00,1.80,2.00
AUT1,12/03/2023,A. Klagenfurt,Hartberg,1,0,H,1.80,2.00,1.80,2.00
AUT1,12/03/2023,Altach,Ried,1,2,A,1.80,2.00,1.80,2.00
AUT1,12/03/2023,LASK,Salzburg,0,2,A,1.80,2.00,1.80,2.00
AUT1,12/03/2023,SK Rapid,Tirol,2,0,H,1.80,2.00,1.80,2.00
AUT1,12/03/2023,Sturm Graz,Austria Vienna,3,1,H,1.80,2.00,1.80,2.00
AUT1,12/03/2023,Wolfsberger AC,A. Lustenau,0,1,A,1.80,2.00,1.80,2.00
AUT1,19/03/2023,A. Lustenau,A. Klagenfurt,4,2,H,1.80,2.00,1.80,2.00
AUT1,19/03/2023,Austria Vienna,SK Rapid,2,0,H,1.80,2.00,1.80,2.00
AUT1,19/03/2023,Hartberg,LASK,2,2,D,1.80,2.00,1.80,2.00
AUT1,19/03/2023,Ried,Wolfsberger AC,0,0,D,1.80,2.00,1.80,2.00
AUT1,19/03/2023,Salzburg,Altach,1,1,D,1.80,2.00,1.80,2.00
AUT1,19/03/2023,Tirol,Sturm Graz,0,2,A,1.80,2.00,1.80,2.00
AUT1,31/03/2023,Hartberg,A. Lustenau,0,1,A,1.80,2.00,1.80,2.00
AUT1,01/04/2023,Altach,Tirol,1,0,H,1.80,2.00,1.80,2.00
AUT1,01/04/2023,Wolfsberger AC,Ried,1,0,H,1.80,2.00,1.80,2.00
AUT1,02/04/2023,A. Klagenfurt,Salzburg,0,3,A,1.80,2.00,1.80,2.00
AUT1,02/04/2023,Austria Vienna,LASK,2,2,D,1.80,2.00,1.80,2.00
AUT1,02/04/2023,Sturm Graz,SK Rapid,3,1,H,1.80,2.00,1.80,2.00
AUT1,07/04/2023,Tirol,Wolfsberger AC,4,0,H,1.80,2.00,1.80,2.00
AUT1,08/04/2023,A. Lustenau,Altach,1,0,H,1.80,2.00,1.80,2.00
AUT1,08/04/2023,Ried,Hartberg,1,3,A,1.80,2.00,1.80,2.00
AUT1,09/04/2023,SK Rapid,A. Klagenfurt,3,1,H,1.80,2.00,1.80,2.00
AUT1,09/04/2023,Salzburg,Austria Vienna,3,3,D,1.80,2.00,1.80,2.00
AUT1,09/04/2023,LASK,Sturm Graz,2,1,H,1.80,2.00,1.80,2.00
AUT1,14/04/2023,Ried,Tirol,1,1,D,1.80,2.00,1.80,2.00
AUT1,15/04/2023,A. Lustenau,Wolfsberger AC,1,3,A,1.80,2.00,1.80,2.00
AUT1,15/04/2023,Hartberg,Altach,2,2,D,1.80,2.00,1.80,2.00
AUT1,16/04/2023,A. Klagenfurt,Sturm Graz,0,2,A,1.80,2.00,1.80,2.00
AUT1,16/04/2023,Salzburg,LASK,0,0,D,1.80,2.00,1.80,2.00
AUT1,16/04/2023,SK Rapid,Austria Vienna,3,3,D,1.80,2.00,1.80,2.00
AUT1,21/04/2023,Wolfsberger AC,Hartberg,2,2,D,1.80,2.00,1.80,2.00
AUT1,22/04/2023,Altach,Ried,1,1,D,1.80,2.00,1.80,2.00
AUT1,22/04/2023,Tirol,A. Lustenau,0,2,A,1.80,2.00,1.80,2.00
AUT1,23/04/2023,Austria Vienna,A. Klagenfurt,1,2,A,1.80,2.00,1.80,2.00
AUT1,23/04/2023,LASK,SK Rapid,3,1,H,1.80,2.00,1.80,2.00
AUT1,23/04/2023,Sturm Graz,Salzburg,0,2,A,1.80,2.00,1.80,2.00
AUT1,26/04/2023,Sturm Graz,Austria Vienna,3,2,H,1.80,2.00,1.80,2.00
AUT1,26/04/2023,SK Rapid,Salzburg,1,1,D,1.80,2.00,1.80,2.00
AUT1,28/04/2023,Altach,Wolfsberger AC,0,2,A,1.80,2.00,1.80,2.00
AUT1,29/04/2023,Ried,A. Lustenau,4,4,D,1.80,2.00,1.80,2.00
AUT1,29/04/2023,Tirol,Hartberg,1,1,D,1.80,2.00,1.80,2.00
AUT1,30/04/2023,LASK,A. Klagenfurt,4,0,H,1.80,2.00,1.80,2.00
AUT1,05/05/2023,Wolfsberger AC,Altach,0,0,D,1.80,2.00,1.80,2.00
AUT1,06/05/2023,A. Lustenau,Ried,2,2,D,1.80,2.00,1.80,2.00
AUT1,06/05/2023,Hartberg,Tirol,5,0,H,1.80,2.00,1.80,2.00
AUT1,07/05/2023,A. Klagenfurt,LASK,1,1,D,1.80,2.00,1.80,2.00
AUT1,07/05/2023,Austria Vienna,Sturm Graz,1,2,A,1.80,2.00,1.80,2.00
AUT1,07/05/2023,Salzburg,SK Rapid,2,1,H,1.80,2.00,1.80,2.00
AUT1,12/05/2023,Tirol,Ried,1,1,D,1.80,2.00,1.80,2.00
AUT1,13/05/2023,Altach,Hartberg,0,1,A,1.80,2.00,1.80,2.00
AUT1,13/05/2023,Wolfsberger AC,A. Lustenau,2,2,D,1.80,2.00,1.80,2.00
AUT1,14/05/2023,LASK,Salzburg,0,1,A,1.80,2.00,1.80,2.00
AUT1,14/05/2023,Sturm Graz,A. Klagenfurt,4,1,H,1.80,2.00,1.80,2.00
AUT1,14/05/2023,Austria Vienna,SK Rapid,3,1,H,1.80,2.00,1.80,2.00
AUT1,19/05/2023,Ried,Altach,0,1,A,1.80,2.00,1.80,2.00
AUT1,20/05/2023,A. Lustenau,Tirol,2,4,A,1.80,2.00,1.80,2.00
AUT1,20/05/2023,Hartberg,Wolfsberger AC,0,2,A,1.80,2.00,1.80,2.00
AUT1,21/05/2023,A. Klagenfurt,Austria Vienna,1,1,D,1.80,2.00,1.80,2.00
AUT1,21/05/2023,SK Rapid,LASK,1,1,D,1.80,2.00,1.80,2.00
AUT1,21/05/2023,Salzburg,Sturm Graz,2,1,H,1.80,2.00,1.80,2.00
AUT1,27/05/2023,Altach,A. Lustenau,1,1,D,1.80,2.00,1.80,2.00
AUT1,27/05/2023,Hartberg,Ried,2,0,H,1.80,2.00,1.80,2.00
AUT1,27/05/2023,Wolfsberger AC,Tirol,2,0,H,1.80,2.00,1.80,2.00
AUT1,28/05/2023,LASK,Austria Vienna,3,1,H,1.80,2.00,1.80,2.00
AUT1,28/05/2023,SK Rapid,Sturm Graz,3,2,H,1.80,2.00,1.80,2.00
AUT1,28/05/2023,Salzburg,A. Klagenfurt,3,2,H,1.80,2.00,1.80,2.00
AUT1,02/06/2023,A. Lustenau,Hartberg,5,1,H,1.80,2.00,1.80,2.00
AUT1,02/06/2023,Ried,Wolfsberger AC,1,2,A,1.80,2.00,1.80,2.00
AUT1,02/06/2023,Tirol,Altach,1,1,D,1.80,2.00,1.80,2.00
AUT1,03/06/2023,A. Klagenfurt,SK Rapid,2,1,H,1.80,2.00,1.80,2.00
AUT1,03/06/2023,Austria Vienna,Salzburg,1,1,D,1.80,2.00,1.80,2.00
AUT1,03/06/2023,Sturm Graz,LASK,2,0,H,1.80,2.00,1.80,2.00
AUT1,05/06/2023,Wolfsberger AC,A. Lustenau,1,2,A,1.80,2.00,1.80,2.00
AUT1,08/06/2023,A. Lustenau,Austria Vienna,1,1,D,1.80,2.00,1.80,2.00
AUT1,11/06/2023,Austria Vienna,A. Lustenau,5,0,H,1.80,2.00,1.80,2.00
AUT1,28/07/2023,LASK,SK Rapid,1,1,D,1.80,2.00,1.80,2.00
AUT1,29/07/2023,Hartberg,A. Lustenau,2,2,D,1.80,2.00,1.80,2.00
AUT1,29/07/2023,Tirol,A. Klagenfurt,1,3,A,1.80,2.00,1.80,2.00
AUT1,29/07/2023,Wolfsberger AC,BW Linz,2,1,H,1.80,2.00,1.80,2.00
AUT1,29/07/2023,Altach,Salzburg,0,2,A,1.80,2.00,1.80,2.00
AUT1,30/07/2023,Austria Vienna,Sturm Graz,0,3,A,1.80,2.00,1.80,2.00
AUT1,05/08/2023,SK Rapid,Altach,4,0,H,1.80,2.00,1.80,2.00
AUT1,05/08/2023,Sturm Graz,LASK,2,0,H,1.80,2.00,1.80,2.00
AUT1,06/08/2023,A. Lustenau,Austria Vienna,0,2,A,1.80,2.00,1.80,2.00
AUT1,06/08/2023,BW Linz,Hartberg,3,3,D,1.80,2.00,1.80,2.00
AUT1,06/08/2023,Salzburg,Tirol,3,0,H,1.80,2.00,1.80,2.00
AUT1,09/08/2023,A. Klagenfurt,Wolfsberger AC,2,2,D,1.80,2.00,1.80,2.00
AUT1,12/08/2023,Sturm Graz,A. Klagenfurt,0,0,D,1.80,2.00,1.80,2.00
AUT1,12/08/2023,Wolfsberger AC,A. Lustenau,1,1,D,1.80,2.00,1.80,2.00
AUT1,12/08/2023,LASK,BW Linz,2,0,H,1.80,2.00,1.80,2.00
AUT1,13/08/2023,Altach,Tirol,1,0,H,1.80,2.00,1.80,2.00
AUT1,13/08/2023,SK Rapid,Hartberg,0,1,A,1.80,2.00,1.80,2.00
AUT1,13/08/2023,Salzburg,Austria Vienna,2,0,H,1.80,2.00,1.80,2.00
AUT1,19/08/2023,A. Lustenau,Sturm Graz,0,1,A,1.80,2.00,1.80,2.00
AUT1,19/08/2023,Tirol,LASK,1,1,D,1.80,2.00,1.80,2.00
AUT1,19/08/2023,A. Klagenfurt,Altach,1,1,D,1.80,2.00,1.80,2.00
AUT1,20/08/2023,Austria Vienna,Wolfsberger AC,0,0,D,1.80,2.00,1.80,2.00
AUT1,20/08/2023,BW Linz,SK Rapid,0,5,A,1.80,2.00,1.80,2.00
AUT1,20/08/2023,Hartberg,Salzburg,1,5,A,1.80,2.00,1.80,2.00
AUT1,26/08/2023,Sturm Graz,BW Linz,4,1,H,1.80,2.00,1.80,2.00
AUT1,26/08/2023,Wolfsberger AC,Salzburg,1,2,A,1.80,2.00,1.80,2.00
AUT1,26/08/2023,A. Lustenau,Altach,0,3,A,1.80,2.00,1.80,2.00
AUT1,27/08/2023,Hartberg,A. Klagenfurt,0,3,A,1.80,2.00,1.80,2.00
AUT1,27/08/2023,LASK,Austria Vienna,2,0,H,1.80,2.00,1.80,2.00
AUT1,27/08/2023,SK Rapid,Tirol,1,1,D,1.80,2.00,1.80,2.00
AUT1,02/09/2023,Tirol,BW Linz,2,4,A,1.80,2.00,1.80,2.00
AUT1,02/09/2023,Wolfsberger AC,Hartberg,0,3,A,1.80,2.00,1.80,2.00
AUT1,02/09/2023,Altach,Sturm Graz,1,2,A,1.80,2.00,1.80,2.00
AUT1,03/09/2023,Austria Vienna,A. Klagenfurt,2,2,D,1.80,2.00,1.80,2.00
AUT1,03/09/2023,LASK,A. Lustenau,2,0,H,1.80,2.00,1.80,2.00
AUT1,03/09/2023,Salzburg,SK Rapid,2,0,H,1.80,2.00,1.80,2.00
AUT1,16/09/2023,A. Klagenfurt,LASK,1,3,A,1.80,2.00,1.80,2.00
AUT1,16/09/2023,BW Linz,Altach,1,1,D,1.80,2.00,1.80,2.00
AUT1,16/09/2023,Sturm Graz,Salzburg,2,2,D,1.80,2.00,1.80,2.00
AUT1,17/09/2023,A. Lustenau,Tirol,2,3,A,1.80,2.00,1.80,2.00
AUT1,17/09/2023,Hartberg,Austria Vienna,2,1,H,1.80,2.00,1.80,2.00
AUT1,17/09/2023,SK Rapid,Wolfsberger AC,3,3,D,1.80,2.00,1.80,2.00
AUT1,23/09/2023,A. Klagenfurt,A. Lustenau,1,0,H,1.80,2.00,1.80,2.00
AUT1,23/09/2023,Salzburg,BW Linz,0,1,A,1.80,2.00,1.80,2.00
AUT1,23/09/2023,Tirol,Wolfsberger AC,2,3,A,1.80,2.00,1.80,2.00
AUT1,24/09/2023,Altach,Austria Vienna,2,1,H,1.80,2.00,1.80,2.00
AUT1,24/09/2023,LASK,Hartberg,0,0,D,1.80,2.00,1.80,2.00
AUT1,24/09/2023,SK Rapid,Sturm Graz,1,1,D,1.80,2.00,1.80,2.00
AUT1,30/09/2023,A. Lustenau,Salzburg,0,4,A,1.80,2.00,1.80,2.00
AUT1,30/09/2023,BW Linz,A. Klagenfurt,0,0,D,1.80,2.00,1.80,2.00
AUT1,30/09/2023,Wolfsberger AC,LASK,2,1,H,1.80,2.00,1.80,2.00
AUT1,01/10/2023,Hartberg,Altach,0,0,D,1.80,2.00,1.80,2.00
AUT1,01/10/2023,Sturm Graz,Tirol,1,0,H,1.80,2.00,1.80,2.00
AUT1,01/10/2023,Austria Vienna,SK Rapid,0,0,D,1.80,2.00,1.80,2.00
AUT1,07/10/2023,A. Lustenau,SK Rapid,0,5,A,1.80,2.00,1.80,2.00
AUT1,07/10/2023,Austria Vienna,BW Linz,4,0,H,1.80,2.00,1.80,2.00
AUT1,07/10/2023,Hartberg,Tirol,3,0,H,1.80,2.00,1.80,2.00
AUT1,08/10/2023,LASK,Altach,1,0,H,1.80,2.00,1.80,2.00
AUT1,08/10/2023,Wolfsberger AC,Sturm Graz,1,2,A,1.80,2.00,1.80,2.00
AUT1,08/10/2023,A. Klagenfurt,Salzburg,2,2,D,1.80,2.00,1.80,2.00
AUT1,21/10/2023,BW Linz,A. Lustenau,0,0,D,1.80,2.00,1.80,2.00
AUT1,21/10/2023,Salzburg,LASK,0,1,A,1.80,2.00,1.80,2.00
AUT1,21/10/2023,Sturm Graz,Hartberg,2,1,H,1.80,2.00,1.80,2.00
AUT1,22/10/2023,Altach,Wolfsberger AC,0,0,D,1.80,2.00,1.80,2.00
AUT1,22/10/2023,Tirol,Austria Vienna,0,2,A,1.80,2.00,1.80,2.00
AUT1,22/10/2023,SK Rapid,A. Klagenfurt,2,3,A,1.80,2.00,1.80,2.00
AUT1,28/10/2023,A. Klagenfurt,Tirol,1,0,H,1.80,2.00,1.80,2.00
AUT1,28/10/2023,BW Linz,Wolfsberger AC,2,0,H,1.80,2.00,1.80,2.00
AUT1,28/10/2023,Salzburg,Altach,3,0,H,1.80,2.00,1.80,2.00
AUT1,29/10/2023,A. Lustenau,Hartberg,0,4,A,1.80,2.00,1.80,2.00
AUT1,29/10/2023,Sturm Graz,Austria Vienna,0,1,A,1.80,2.00,1.80,2.00
AUT1,29/10/2023,SK Rapid,LASK,3,3,D,1.80,2.00,1.80,2.00
AUT1,04/11/2023,Austria Vienna,A. Lustenau,1,0,H,1.80,2.00,1.80,2.00
AUT1,04/11/2023,Tirol,Salzburg,0,2,A,1.80,2.00,1.80,2.00
AUT1,04/11/2023,Wolfsberger AC,A. Klagenfurt,4,0,H,1.80,2.00,1.80,2.00
AUT1,05/11/2023,Altach,SK Rapid,0,2,A,1.80,2.00,1.80,2.00
AUT1,05/11/2023,Hartberg,BW Linz,3,2,H,1.80,2.00,1.80,2.00
AUT1,05/11/2023,LASK,Sturm Graz,3,1,H,1.80,2.00,1.80,2.00
AUT1,11/11/2023,A. Lustenau,Wolfsberger AC,2,3,A,1.80,2.00,1.80,2.00
AUT1,11/11/2023,Hartberg,SK Rapid,1,0,H,1.80,2.00,1.80,2.00
AUT1,11/11/2023,Tirol,Altach,5,1,H,1.80,2.00,1.80,2.00
AUT1,12/11/2023,A. Klagenfurt,Sturm Graz,0,3,A,1.80,2.00,1.80,2.00
AUT1,12/11/2023,BW Linz,LASK,2,0,H,1.80,2.00,1.80,2.00
AUT1,12/11/2023,Austria Vienna,Salzburg,0,0,D,1.80,2.00,1.80,2.00
AUT1,25/11/2023,LASK,Tirol,1,0,H,1.80,2.00,1.80,2.00
AUT1,25/11/2023,Salzburg,Hartberg,3,2,H,1.80,2.00,1.80,2.00
AUT1,25/11/2023,Sturm Graz,A. Lustenau,2,0,H,1.80,2.00,1.80,2.00
AUT1,26/11/2023,Altach,A. Klagenfurt,0,1,A,1.80,2.00,1.80,2.00
AUT1,26/11/2023,Wolfsberger AC,Austria Vienna,1,0,H,1.80,2.00,1.80,2.00
AUT1,26/11/2023,SK Rapid,BW Linz,1,0,H,1.80,2.00,1.80,2.00
AUT1,03/12/2023,BW Linz,Sturm Graz,1,1,D,1.80,2.00,1.80,2.00
AUT1,03/12/2023,Salzburg,Wolfsberger AC,1,0,H,1.80,2.00,1.80,2.00
AUT1,03/12/2023,Austria Vienna,LASK,0,0,D,1.80,2.00,1.80,2.00
AUT1,04/12/2023,A. Klagenfurt,Hartberg,1,1,D,1.80,2.00,1.80,2.00
AUT1,05/12/2023,Altach,A. Lustenau,3,0,H,1.80,2.00,1.80,2.00
AUT1,05/12/2023,Tirol,SK Rapid,1,2,A,1.80,2.00,1.80,2.00
AUT1,09/12/2023,SK Rapid,Salzburg,0,1,A,1.80,2.00,1.80,2.00
AUT1,09/12/2023,A. Klagenfurt,Austria Vienna,2,2,D,1.80,2.00,1.80,2.00
AUT1,09/12/2023,A. Lustenau,LASK,1,3,A,1.80,2.00,1.80,2.00
AUT1,10/12/2023,BW Linz,Tirol,1,2,A,1.80,2.00,1.80,2.00
AUT1,10/12/2023,Hartberg,Wolfsberger AC,2,0,H,1.80,2.00,1.80,2.00
AUT1,10/12/2023,Sturm Graz,Altach,1,0,H,1.80,2.00,1.80,2.00
AUT1,09/02/2024,Salzburg,Sturm Graz,1,1,D,1.80,2.00,1.80,2.00
AUT1,10/02/2024,Altach,BW Linz,1,1,D,1.80,2.00,1.80,2.00
AUT1,10/02/2024,Austria Vienna,Hartberg,3,1,H,1.80,2.00,1.80,2.00
AUT1,11/02/2024,Tirol,A. Lustenau,0,2,A,1.80,2.00,1.80,2.00
AUT1,11/02/2024,Wolfsberger AC,SK Rapid,0,2,A,1.80,2.00,1.80,2.00
AUT1,11/02/2024,LASK,A. Klagenfurt,2,2,D,1.80,2.00,1.80,2.00
AUT1,17/02/2024,Austria Vienna,Altach,2,1,H,1.80,2.00,1.80,2.00
AUT1,17/02/2024,BW Linz,Salzburg,1,1,D,1.80,2.00,1.80,2.00
AUT1,17/02/2024,Wolfsberger AC,Tirol,4,1,H,1.80,2.00,1.80,2.00
AUT1,18/02/2024,A. Lustenau,A. Klagenfurt,0,1,A,1.80,2.00,1.80,2.00
AUT1,18/02/2024,Hartberg,LASK,0,0,D,1.80,2.00,1.80,2.00
AUT1,18/02/2024,Sturm Graz,SK Rapid,1,1,D,1.80,2.00,1.80,2.00
AUT1,24/02/2024,Altach,Hartberg,1,2,A,1.80,2.00,1.80,2.00
AUT1,24/02/2024,LASK,Wolfsberger AC,0,1,A,1.80,2.00,1.80,2.00
AUT1,24/02/2024,Salzburg,A. Lustenau,7,0,H,1.80,2.00,1.80,2.00
AUT1,25/02/2024,A. Klagenfurt,BW Linz,2,0,H,1.80,2.00,1.80,2.00
AUT1,25/02/2024,Tirol,Sturm Graz,0,2,A,1.80,2.00,1.80,2.00
AUT1,25/02/2024,SK Rapid,Austria Vienna,3,0,H,1.80,2.00,1.80,2.00
AUT1,03/03/2024,Altach,LASK,0,0,D,1.80,2.00,1.80,2.00
AUT1,03/03/2024,BW Linz,Austria Vienna,1,2,A,1.80,2.00,1.80,2.00
AUT1,03/03/2024,Salzburg,A. Klagenfurt,1,0,H,1.80,2.00,1.80,2.00
AUT1,03/03/2024,SK Rapid,A. Lustenau,1,1,D,1.80,2.00,1.80,2.00
AUT1,03/03/2024,Sturm Graz,Wolfsberger AC,4,0,H,1.80,2.00,1.80,2.00
AUT1,03/03/2024,Tirol,Hartberg,1,0,H,1.80,2.00,1.80,2.00
AUT1,09/03/2024,LASK,Salzburg,0,1,A,1.80,2.00,1.80,2.00
AUT1,10/03/2024,A. Klagenfurt,SK Rapid,1,1,D,1.80,2.00,1.80,2.00
AUT1,10/03/2024,A. Lustenau,BW Linz,2,0,H,1.80,2.00,1.80,2.00
AUT1,10/03/2024,Austria Vienna,Tirol,2,0,H,1.80,2.00,1.80,2.00
AUT1,10/03/2024,Hartberg,Sturm Graz,1,1,D,1.80,2.00,1.80,2.00
AUT1,10/03/2024,Wolfsberger AC,Altach,1,1,D,1.80,2.00,1.80,2.00
AUT1,15/03/2024,SK Rapid,LASK,0,0,D,1.80,2.00,1.80,2.00
AUT1,16/03/2024,Altach,Austria Vienna,1,1,D,1.80,2.00,1.80,2.00
AUT1,16/03/2024,BW Linz,A. Lustenau,0,0,D,1.80,2.00,1.80,2.00
AUT1,16/03/2024,Tirol,Wolfsberger AC,1,1,D,1.80,2.00,1.80,2.00
AUT1,17/03/2024,A. Klagenfurt,Sturm Graz,0,4,A,1.80,2.00,1.80,2.00
AUT1,17/03/2024,Salzburg,Hartberg,5,1,H,1.80,2.00,1.80,2.00
AUT1,29/03/2024,Austria Vienna,BW Linz,0,0,D,1.80,2.00,1.80,2.00
AUT1,30/03/2024,A. Lustenau,Tirol,1,2,A,1.80,2.00,1.80,2.00
AUT1,30/03/2024,Wolfsberger AC,Altach,0,0,D,1.80,2.00,1.80,2.00
AUT1,31/03/2024,Hartberg,SK Rapid,0,3,A,1.80,2.00,1.80,2.00
AUT1,31/03/2024,LASK,A. Klagenfurt,1,0,H,1.80,2.00,1.80,2.00
AUT1,31/03/2024,Sturm Graz,Salzburg,0,1,A,1.80,2.00,1.80,2.00
AUT1,05/04/2024,Altach,Tirol,0,0,D,1.80,2.00,1.80,2.00
AUT1,06/04/2024,Austria Vienna,A. Lustenau,1,1,D,1.80,2.00,1.80,2.00
AUT1,06/04/2024,BW Linz,Wolfsberger AC,0,0,D,1.80,2.00,1.80,2.00
AUT1,07/04/2024,A. Klagenfurt,Hartberg,2,2,D,1.80,2.00,1.80,2.00
AUT1,07/04/2024,Sturm Graz,LASK,1,0,H,1.80,2.00,1.80,2.00
AUT1,07/04/2024,Salzburg,SK Rapid,1,1,D,1.80,2.00,1.80,2.00
AUT1,12/04/2024,LASK,Salzburg,3,1,H,1.80,2.00,1.80,2.00
AUT1,13/04/2024,A. Lustenau,Altach,0,1,A,1.80,2.00,1.80,2.00
AUT1,13/04/2024,Tirol,BW Linz,2,1,H,1.80,2.00,1.80,2.00
AUT1,13/04/2024,Wolfsberger AC,Austria Vienna,0,1,A,1.80,2.00,1.80,2.00
AUT1,14/04/2024,Hartberg,Sturm Graz,1,3,A,1.80,2.00,1.80,2.00
AUT1,14/04/2024,SK Rapid,A. Klagenfurt,1,1,D,1.80,2.00,1.80,2.00
AUT1,19/04/2024,Sturm Graz,SK Rapid,1,0,H,1.80,2.00,1.80,2.00
AUT1,20/04/2024,Altach,BW Linz,2,2,D,1.80,2.00,1.80,2.00
AUT1,20/04/2024,Austria Vienna,Tirol,3,0,H,1.80,2.00,1.80,2.00
AUT1,20/04/2024,Wolfsberger AC,A. Lustenau,1,1,D,1.80,2.00,1.80,2.00
AUT1,21/04/2024,LASK,Hartberg,1,3,A,1.80,2.00,1.80,2.00
AUT1,21/04/2024,Salzburg,A. Klagenfurt,4,2,H,1.80,2.00,1.80,2.00
AUT1,23/04/2024,A. Lustenau,Wolfsberger AC,1,2,A,1.80,2.00,1.80,2.00
AUT1,23/04/2024,Tirol,Austria Vienna,1,0,H,1.80,2.00,1.80,2.00
AUT1,23/04/2024,BW Linz,Altach,2,1,H,1.80,2.00,1.80,2.00
AUT1,24/04/2024,A. Klagenfurt,Salzburg,4,3,H,1.80,2.00,1.80,2.00
AUT1,24/04/2024,Hartberg,LASK,1,2,A,1.80,2.00,1.80,2.00
AUT1,24/04/2024,SK Rapid,Sturm Graz,1,3,A,1.80,2.00,1.80,2.00
AUT1,26/04/2024,Austria Vienna,Altach,2,2,D,1.80,2.00,1.80,2.00
AUT1,27/04/2024,Tirol,A. Lustenau,0,0,D,1.80,2.00,1.80,2.00
AUT1,27/04/2024,Wolfsberger AC,BW Linz,0,2,A,1.80,2.00,1.80,2.00
AUT1,28/04/2024,Hartberg,A. Klagenfurt,3,2,H,1.80,2.00,1.80,2.00
AUT1,28/04/2024,LASK,SK Rapid,5,0,H,1.80,2.00,1.80,2.00
AUT1,28/04/2024,Salzburg,Sturm Graz,2,2,D,1.80,2.00,1.80,2.00
AUT1,03/05/2024,A. Lustenau,Austria Vienna,2,0,H,1.80,2.00,1.80,2.00
AUT1,04/05/2024,Altach,Wolfsberger AC,0,1,A,1.80,2.00,1.80,2.00
AUT1,04/05/2024,BW Linz,Tirol,3,2,H,1.80,2.00,1.80,2.00
AUT1,05/05/2024,A. Klagenfurt,LASK,0,2,A,1.80,2.00,1.80,2.00
AUT1,05/05/2024,Sturm Graz,Hartberg,1,1,D,1.80,2.00,1.80,2.00
AUT1,05/05/2024,SK Rapid,Salzburg,2,0,H,1.80,2.00,1.80,2.00
AUT1,11/05/2024,A. Lustenau,BW Linz,1,0,H,1.80,2.00,1.80,2.00
AUT1,11/05/2024,Austria Vienna,Wolfsberger AC,0,4,A,1.80,2.00,1.80,2.00
AUT1,11/05/2024,Tirol,Altach,0,1,A,1.80,2.00,1.80,2.00
AUT1,12/05/2024,A. Klagenfurt,SK Rapid,0,1,A,1.80,2.00,1.80,2.00
AUT1,12/05/2024,Hartberg,Salzburg,1,5,A,1.80,2.00,1.80,2.00
AUT1,12/05/2024,LASK,Sturm Graz,2,2,D,1.80,2.00,1.80,2.00
AUT1,18/05/2024,Altach,A. Lustenau,2,2,D,1.80,2.00,1.80,2.00
AUT1,18/05/2024,BW Linz,Austria Vienna,1,2,A,1.80,2.00,1.80,2.00
AUT1,18/05/2024,Wolfsberger AC,Tirol,3,1,H,1.80,2.00,1.80,2.00
AUT1,19/05/2024,Salzburg,LASK,7,1,H,1.80,2.00,1.80,2.00
AUT1,19/05/2024,SK Rapid,Hartberg,0,3,A,1.80,2.00,1.80,2.00
AUT1,19/05/2024,Sturm Graz,A. Klagenfurt,2,0,H,1.80,2.00,1.80,2.00
AUT1,21/05/2024,Wolfsberger AC,Austria Vienna,1,2,A,1.80,2.00,1.80,2.00
AUT1,24/05/2024,Austria Vienna,Hartberg,2,1,H,1.80,2.00,1.80,2.00
AUT1,28/05/2024,Hartberg,Austria Vienna,0,1,A,1.80,2.00,1.80,2.00
AUT1,02/08/2024,Grazer AK,Salzburg,2,3,A,1.80,2.00,1.80,2.00
AUT1,03/08/2024,Altach,Tirol,1,2,A,1.80,2.00,1.80,2.00
AUT1,03/08/2024,Hartberg,LASK,1,2,A,1.80,2.00,1.80,2.00
AUT1,03/08/2024,Wolfsberger AC,A. Klagenfurt,4,1,H,1.80,2.00,1.80,2.00
AUT1,04/08/2024,BW Linz,Austria Vienna,1,0,H,1.80,2.00,1.80,2.00
AUT1,04/08/2024,SK Rapid,Sturm Graz,1,0,H,1.80,2.00,1.80,2.00
AUT1,10/08/2024,LASK,Altach,1,2,A,1.80,2.00,1.80,2.00
AUT1,10/08/2024,Tirol,Grazer AK,0,0,D,1.80,2.00,1.80,2.00
AUT1,10/08/2024,Salzburg,BW Linz,5,1,H,1.80,2.00,1.80,2.00
AUT1,11/08/2024,A. Klagenfurt,SK Rapid,1,1,D,1.80,2.00,1.80,2.00
AUT1,11/08/2024,Austria Vienna,Wolfsberger AC,3,1,H,1.80,2.00,1.80,2.00
AUT1,11/08/2024,Sturm Graz,Hartberg,2,0,H,1.80,2.00,1.80,2.00
AUT1,17/08/2024,A. Klagenfurt,Sturm Graz,0,2,A,1.80,2.00,1.80,2.00
AUT1,17/08/2024,Grazer AK,BW Linz,2,2,D,1.80,2.00,1.80,2.00
AUT1,17/08/2024,LASK,Salzburg,0,1,A,1.80,2.00,1.80,2.00
AUT1,18/08/2024,Altach,Wolfsberger AC,2,0,H,1.80,2.00,1.80,2.00
AUT1,18/08/2024,Hartberg,Austria Vienna,1,1,D,1.80,2.00,1.80,2.00
AUT1,18/08/2024,SK Rapid,Tirol,2,0,H,1.80,2.00,1.80,2.00
AUT1,24/08/2024,Tirol,A. Klagenfurt,0,1,A,1.80,2.00,1.80,2.00
AUT1,24/08/2024,Sturm Graz,Altach,2,1,H,1.80,2.00,1.80,2.00
AUT1,25/08/2024,Austria Vienna,LASK,2,1,H,1.80,2.00,1.80,2.00
AUT1,25/08/2024,BW Linz,SK Rapid,3,0,H,1.80,2.00,1.80,2.00
AUT1,25/08/2024,Wolfsberger AC,Grazer AK,4,2,H,1.80,2.00,1.80,2.00
AUT1,31/08/2024,A. Klagenfurt,BW Linz,3,1,H,1.80,2.00,1.80,2.00
AUT1,31/08/2024,Hartberg,Grazer AK,1,1,D,1.80,2.00,1.80,2.00
AUT1,31/08/2024,Sturm Graz,Tirol,4,2,H,1.80,2.00,1.80,2.00
AUT1,01/09/2024,Altach,Austria Vienna,1,1,D,1.80,2.00,1.80,2.00
AUT1,01/09/2024,LASK,Wolfsberger AC,1,5,A,1.80,2.00,1.80,2.00
AUT1,01/09/2024,SK Rapid,Salzburg,3,2,H,1.80,2.00,1.80,2.00
AUT1,14/09/2024,Wolfsberger AC,SK Rapid,1,1,D,1.80,2.00,1.80,2.00
AUT1,14/09/2024,BW Linz,LASK,1,0,H,1.80,2.00,1.80,2.00
AUT1,15/09/2024,Grazer AK,Altach,1,1,D,1.80,2.00,1.80,2.00
AUT1,21/09/2024,A. Klagenfurt,Hartberg,2,2,D,1.80,2.00,1.80,2.00
AUT1,21/09/2024,Altach,BW Linz,0,1,A,1.80,2.00,1.80,2.00
AUT1,21/09/2024,LASK,Grazer AK,4,2,H,1.80,2.00,1.80,2.00
AUT1,22/09/2024,Sturm Graz,Wolfsberger AC,0,3,A,1.80,2.00,1.80,2.00
AUT1,22/09/2024,Tirol,Salzburg,0,0,D,1.80,2.00,1.80,2.00
AUT1,22/09/2024,SK Rapid,Austria Vienna,2,1,H,1.80,2.00,1.80,2.00
AUT1,25/09/2024,Austria Vienna,Sturm Graz,2,2,D,1.80,2.00,1.80,2.00
AUT1,26/09/2024,Hartberg,Tirol,1,0,H,1.80,2.00,1.80,2.00
AUT1,28/09/2024,BW Linz,Sturm Graz,1,2,A,1.80,2.00,1.80,2.00
AUT1,28/09/2024,Salzburg,Austria Vienna,2,0,H,1.80,2.00,1.80,2.00
AUT1,28/09/2024,SK Rapid,LASK,1,1,D,1.80,2.00,1.80,2.00
AUT1,29/09/2024,Hartberg,Altach,2,0,H,1.80,2.00,1.80,2.00
AUT1,29/09/2024,Wolfsberger AC,Tirol,1,3,A,1.80,2.00,1.80,2.00
AUT1,29/09/2024,Grazer AK,A. Klagenfurt,0,1,A,1.80,2.00,1.80,2.00
AUT1,05/10/2024,Austria Vienna,Grazer AK,2,1,H,1.80,2.00,1.80,2.00
AUT1,05/10/2024,Tirol,BW Linz,1,1,D,1.80,2.00,1.80,2.00
AUT1,05/10/2024,Wolfsberger AC,Hartberg,2,3,A,1.80,2.00,1.80,2.00
AUT1,06/10/2024,Altach,SK Rapid,0,1,A,1.80,2.00,1.80,2.00
AUT1,06/10/2024,LASK,A. Klagenfurt,4,0,H,1.80,2.00,1.80,2.00
AUT1,06/10/2024,Sturm Graz,Salzburg,5,0,H,1.80,2.00,1.80,2.00
AUT1,19/10/2024,BW Linz,Wolfsberger AC,0,1,A,1.80,2.00,1.80,2.00
AUT1,19/10/2024,Salzburg,Altach,2,1,H,1.80,2.00,1.80,2.00
AUT1,19/10/2024,Sturm Graz,Grazer AK,5,2,H,1.80,2.00,1.80,2.00
AUT1,20/10/2024,A. Klagenfurt,Austria Vienna,0,1,A,1.80,2.00,1.80,2.00
AUT1,20/10/2024,Tirol,LASK,1,2,A,1.80,2.00,1.80,2.00
AUT1,20/10/2024,SK Rapid,Hartberg,2,1,H,1.80,2.00,1.80,2.00
AUT1,26/10/2024,Altach,A. Klagenfurt,2,2,D,1.80,2.00,1.80,2.00
AUT1,26/10/2024,Austria Vienna,Tirol,3,0,H,1.80,2.00,1.80,2.00
AUT1,26/10/2024,Hartberg,BW Linz,2,1,H,1.80,2.00,1.80,2.00
AUT1,27/10/2024,Grazer AK,SK Rapid,1,1,D,1.80,2.00,1.80,2.00
AUT1,27/10/2024,Wolfsberger AC,Salzburg,0,0,D,1.80,2.00,1.80,2.00
AUT1,27/10/2024,LASK,Sturm Graz,1,2,A,1.80,2.00,1.80,2.00
AUT1,02/11/2024,LASK,Hartberg,1,1,D,1.80,2.00,1.80,2.00
AUT1,02/11/2024,Salzburg,Grazer AK,0,0,D,1.80,2.00,1.80,2.00
AUT1,02/11/2024,Sturm Graz,SK Rapid,1,1,D,1.80,2.00,1.80,2.00
AUT1,03/11/2024,A. Klagenfurt,Wolfsberger AC,2,1,H,1.80,2.00,1.80,2.00
AUT1,03/11/2024,Tirol,Altach,1,0,H,1.80,2.00,1.80,2.00
AUT1,03/11/2024,Austria Vienna,BW Linz,2,1,H,1.80,2.00,1.80,2.00
AUT1,09/11/2024,Grazer AK,Tirol,2,1,H,1.80,2.00,1.80,2.00
AUT1,09/11/2024,Hartberg,Sturm Graz,1,2,A,1.80,2.00,1.80,2.00
AUT1,09/11/2024,Wolfsberger AC,Austria Vienna,0,1,A,1.80,2.00,1.80,2.00
AUT1,10/11/2024,Altach,LASK,1,2,A,1.80,2.00,1.80,2.00
AUT1,10/11/2024,BW Linz,Salzburg,2,0,H,1.80,2.00,1.80,2.00
AUT1,10/11/2024,SK Rapid,A. Klagenfurt,2,0,H,1.80,2.00,1.80,2.00
AUT1,23/11/2024,Salzburg,LASK,1,2,A,1.80,2.00,1.80,2.00
AUT1,23/11/2024,Sturm Graz,A. Klagenfurt,7,0,H,1.80,2.00,1.80,2.00
AUT1,23/11/2024,Tirol,SK Rapid,0,0,D,1.80,2.00,1.80,2.00
AUT1,24/11/2024,BW Linz,Grazer AK,1,2,A,1.80,2.00,1.80,2.00
AUT1,24/11/2024,Wolfsberger AC,Altach,2,0,H,1.80,2.00,1.80,2.00
AUT1,24/11/2024,Austria Vienna,Hartberg,1,0,H,1.80,2.00,1.80,2.00
AUT1,30/11/2024,Altach,Sturm Graz,1,1,D,1.80,2.00,1.80,2.00
AUT1,30/11/2024,Grazer AK,Wolfsberger AC,3,4,A,1.80,2.00,1.80,2.00
AUT1,30/11/2024,Hartberg,Salzburg,1,1,D,1.80,2.00,1.80,2.00
AUT1,01/12/2024,A. Klagenfurt,Tirol,0,3,A,1.80,2.00,1.80,2.00
AUT1,01/12/2024,SK Rapid,BW Linz,0,1,A,1.80,2.00,1.80,2.00
AUT1,01/12/2024,LASK,Austria Vienna,1,3,A,1.80,2.00,1.80,2.00
AUT1,04/12/2024,Salzburg,Hartberg,4,0,H,1.80,2.00,1.80,2.00
AUT1,07/12/2024,Salzburg,SK Rapid,2,2,D,1.80,2.00,1.80,2.00
AUT1,07/12/2024,Tirol,Sturm Graz,0,3,A,1.80,2.00,1.80,2.00
AUT1,07/12/2024,Wolfsberger AC,LASK,2,1,H,1.80,2.00,1.80,2.00
AUT1,08/12/2024,BW Linz,A. Klagenfurt,2,1,H,1.80,2.00,1.80,2.00
AUT1,08/12/2024,Grazer AK,Hartberg,0,3,A,1.80,2.00,1.80,2.00
AUT1,08/12/2024,Austria Vienna,Altach,3,0,H,1.80,2.00,1.80,2.00
AUT1,14/12/2024,Salzburg,A. Klagenfurt,3,0,H,1.80,2.00,1.80,2.00
AUT1,07/02/2025,Sturm Graz,Austria Vienna,2,2,D,1.80,2.00,1.80,2.00
AUT1,08/02/2025,Altach,Grazer AK,1,2,A,1.80,2.00,1.80,2.00
AUT1,08/02/2025,SK Rapid,Wolfsberger AC,1,3,A,1.80,2.00,1.80,2.00
AUT1,09/02/2025,A. Klagenfurt,Salzburg,0,0,D,1.80,2.00,1.80,2.00
AUT1,09/02/2025,Tirol,Hartberg,0,0,D,1.80,2.00,1.80,2.00
AUT1,09/02/2025,LASK,BW Linz,0,0,D,1.80,2.00,1.80,2.00
AUT1,15/02/2025,BW Linz,Altach,1,3,A,1.80,2.00,1.80,2.00
AUT1,15/02/2025,Salzburg,Tirol,1,1,D,1.80,2.00,1.80,2.00
AUT1,15/02/2025,Wolfsberger AC,Sturm Graz,3,0,H,1.80,2.00,1.80,2.00
AUT1,16/02/2025,Grazer AK,LASK,0,0,D,1.80,2.00,1.80,2.00
AUT1,16/02/2025,Hartberg,A. Klagenfurt,1,1,D,1.80,2.00,1.80,2.00
AUT1,16/02/2025,Austria Vienna,SK Rapid,2,1,H,1.80,2.00,1.80,2.00
AUT1,22/02/2025,A. Klagenfurt,Grazer AK,4,2,H,1.80,2.00,1.80,2.00
AUT1,22/02/2025,Austria Vienna,Salzburg,0,1,A,1.80,2.00,1.80,2.00
AUT1,22/02/2025,Tirol,Wolfsberger AC,3,3,D,1.80,2.00,1.80,2.00
AUT1,23/02/2025,Altach,Hartberg,0,0,D,1.80,2.00,1.80,2.00
AUT1,23/02/2025,Sturm Graz,BW Linz,2,1,H,1.80,2.00,1.80,2.00
AUT1,23/02/2025,LASK,SK Rapid,2,1,H,1.80,2.00,1.80,2.00
AUT1,01/03/2025,Grazer AK,Austria Vienna,1,2,A,1.80,2.00,1.80,2.00
AUT1,01/03/2025,Hartberg,Wolfsberger AC,0,3,A,1.80,2.00,1.80,2.00
AUT1,01/03/2025,SK Rapid,Altach,5,0,H,1.80,2.00,1.80,2.00
AUT1,02/03/2025,A. Klagenfurt,LASK,1,2,A,1.80,2.00,1.80,2.00
AUT1,02/03/2025,BW Linz,Tirol,2,1,H,1.80,2.00,1.80,2.00
AUT1,02/03/2025,Salzburg,Sturm Graz,3,1,H,1.80,2.00,1.80,2.00
AUT1,09/03/2025,Altach,Salzburg,1,1,D,1.80,2.00,1.80,2.00
AUT1,09/03/2025,Austria Vienna,A. Klagenfurt,2,0,H,1.80,2.00,1.80,2.00
AUT1,09/03/2025,LASK,Tirol,2,1,H,1.80,2.00,1.80,2.00
AUT1,09/03/2025,Wolfsberger AC,BW Linz,1,2,A,1.80,2.00,1.80,2.00
AUT1,09/03/2025,Grazer AK,Sturm Graz,1,2,A,1.80,2.00,1.80,2.00
AUT1,09/03/2025,Hartberg,SK Rapid,2,1,H,1.80,2.00,1.80,2.00
AUT1,16/03/2025,A. Klagenfurt,Altach,2,2,D,1.80,2.00,1.80,2.00
AUT1,16/03/2025,BW Linz,Hartberg,4,1,H,1.80,2.00,1.80,2.00
AUT1,16/03/2025,Salzburg,Wolfsberger AC,1,0,H,1.80,2.00,1.80,2.00
AUT1,16/03/2025,SK Rapid,Grazer AK,3,0,H,1.80,2.00,1.80,2.00
AUT1,16/03/2025,Sturm Graz,LASK,4,2,H,1.80,2.00,1.80,2.00
AUT1,16/03/2025,Tirol,Austria Vienna,0,2,A,1.80,2.00,1.80,2.00
AUT1,28/03/2025,Altach,LASK,0,2,A,1.80,2.00,1.80,2.00
AUT1,29/03/2025,Grazer AK,Tirol,0,0,D,1.80,2.00,1.80,2.00
AUT1,29/03/2025,Hartberg,A. Klagenfurt,2,3,A,1.80,2.00,1.80,2.00
AUT1,30/03/2025,BW Linz,Austria Vienna,0,2,A,1.80,2.00,1.80,2.00
AUT1,30/03/2025,Wolfsberger AC,Sturm Graz,1,1,D,1.80,2.00,1.80,2.00
AUT1,30/03/2025,SK Rapid,Salzburg,0,2,A,1.80,2.00,1.80,2.00
AUT1,04/04/2025,Sturm Graz,SK Rapid,2,0,H,1.80,2.00,1.80,2.00
AUT1,05/04/2025,A. Klagenfurt,Altach,2,3,A,1.80,2.00,1.80,2.00
AUT1,05/04/2025,LASK,Grazer AK,1,0,H,1.80,2.00,1.80,2.00
AUT1,05/04/2025,Tirol,Hartberg,1,3,A,1.80,2.00,1.80,2.00
AUT1,06/04/2025,Salzburg,BW Linz,2,1,H,1.80,2.00,1.80,2.00
AUT1,06/04/2025,Austria Vienna,Wolfsberger AC,0,0,D,1.80,2.00,1.80,2.00
AUT1,11/04/2025,BW Linz,Wolfsberger AC,1,2,A,1.80,2.00,1.80,2.00
AUT1,12/04/2025,Grazer AK,Altach,1,0,H,1.80,2.00,1.80,2.00
AUT1,12/04/2025,Hartberg,LASK,0,1,A,1.80,2.00,1.80,2.00
AUT1,12/04/2025,Tirol,A. Klagenfurt,5,3,H,1.80,2.00,1.80,2.00
AUT1,13/04/2025,Salzburg,Sturm Graz,1,2,A,1.80,2.00,1.80,2.00
AUT1,13/04/2025,SK Rapid,Austria Vienna,2,0,H,1.80,2.00,1.80,2.00
AUT1,18/04/2025,LASK,Tirol,2,0,H,1.80,2.00,1.80,2.00
AUT1,19/04/2025,A. Klagenfurt,Grazer AK,0,0,D,1.80,2.00,1.80,2.00
AUT1,19/04/2025,Altach,Hartberg,1,1,D,1.80,2.00,1.80,2.00
AUT1,20/04/2025,Sturm Graz,BW Linz,2,0,H,1.80,2.00,1.80,2.00
AUT1,20/04/2025,Wolfsberger AC,SK Rapid,5,1,H,1.80,2.00,1.80,2.00
AUT1,20/04/2025,Austria Vienna,Salzburg,1,3,A,1.80,2.00,1.80,2.00
AUT1,22/04/2025,Grazer AK,Hartberg,0,3,A,1.80,2.00,1.80,2.00
AUT1,22/04/2025,Tirol,Altach,1,0,H,1.80,2.00,1.80,2.00
AUT1,22/04/2025,A. Klagenfurt,LASK,1,4,A,1.80,2.00,1.80,2.00
AUT1,23/04/2025,BW Linz,SK Rapid,2,1,H,1.80,2.00,1.80,2.00
AUT1,23/04/2025,Salzburg,Wolfsberger AC,1,1,D,1.80,2.00,1.80,2.00
AUT1,23/04/2025,Austria Vienna,Sturm Graz,2,1,H,1.80,2.00,1.80,2.00
AUT1,25/04/2025,Hartberg,Grazer AK,1,1,D,1.80,2.00,1.80,2.00
AUT1,26/04/2025,Altach,Tirol,3,0,H,1.80,2.00,1.80,2.00
AUT1,26/04/2025,LASK,A. Klagenfurt,6,0,H,1.80,2.00,1.80,2.00
AUT1,27/04/2025,SK Rapid,BW Linz,0,0,D,1.80,2.00,1.80,2.00
AUT1,27/04/2025,Wolfsberger AC,Salzburg,2,1,H,1.80,2.00,1.80,2.00
AUT1,27/04/2025,Sturm Graz,Austria Vienna,0,1,A,1.80,2.00,1.80,2.00
AUT1,02/05/2025,Grazer AK,A. Klagenfurt,1,1,D,1.80,2.00,1.80,2.00
AUT1,03/05/2025,Tirol,LASK,1,3,A,1.80,2.00,1.80,2.00
AUT1,04/05/2025,BW Linz,Sturm Graz,0,1,A,1.80,2.00,1.80,2.00
AUT1,04/05/2025,Hartberg,Altach,2,0,H,1.80,2.00,1.80,2.00
AUT1,04/05/2025,SK Rapid,Wolfsberger AC,0,1,A,1.80,2.00,1.80,2.00
AUT1,04/05/2025,Salzburg,Austria Vienna,2,0,H,1.80,2.00,1.80,2.00
AUT1,09/05/2025,Sturm Graz,Salzburg,4,2,H,1.80,2.00,1.80,2.00
AUT1,10/05/2025,A. Klagenfurt,Tirol,1,4,A,1.80,2.00,1.80,2.00
AUT1,10/05/2025,Altach,Grazer AK,2,2,D,1.80,2.00,1.80,2.00
AUT1,10/05/2025,LASK,Hartberg,0,0,D,1.80,2.00,1.80,2.00
AUT1,11/05/2025,Wolfsberger AC,BW Linz,2,0,H,1.80,2.00,1.80,2.00
AUT1,11/05/2025,Austria Vienna,SK Rapid,1,2,A,1.80,2.00,1.80,2.00
AUT1,17/05/2025,Altach,A. Klagenfurt,0,0,D,1.80,2.00,1.80,2.00
AUT1,17/05/2025,Grazer AK,LASK,1,0,H,1.80,2.00,1.80,2.00
AUT1,17/05/2025,Hartberg,Tirol,3,2,H,1.80,2.00,1.80,2.00
AUT1,18/05/2025,BW Linz,Salzburg,1,2,A,1.80,2.00,1.80,2.00
AUT1,18/05/2025,SK Rapid,Sturm Graz,3,1,H,1.80,2.00,1.80,2.00
AUT1,18/05/2025,Wolfsberger AC,Austria Vienna,1,2,A,1.80,2.00,1.80,2.00
AUT1,23/05/2025,A. Klagenfurt,Hartberg,0,1,A,1.80,2.00,1.80,2.00
AUT1,23/05/2025,LASK,Altach,0,0,D,1.80,2.00,1.80,2.00
AUT1,23/05/2025,Tirol,Grazer AK,1,1,D,1.80,2.00,1.80,2.00
AUT1,24/05/2025,Austria Vienna,BW Linz,2,2,D,1.80,2.00,1.80,2.00
AUT1,24/05/2025,Salzburg,SK Rapid,4,2,H,1.80,2.00,1.80,2.00
AUT1,24/05/2025,Sturm Graz,Wolfsberger AC,1,1,D,1.80,2.00,1.80,2.00
AUT1,01/08/2025,LASK,Sturm Graz,0,2,A,1.80,2.00,1.80,2.00
AUT1,02/08/2025,Tirol,Hartberg,4,2,H,1.80,2.00,1.80,2.00
AUT1,02/08/2025,Wolfsberger AC,Altach,0,2,A,1.80,2.00,1.80,2.00
AUT1,02/08/2025,Ried,Salzburg,2,2,D,1.80,2.00,1.80,2.00
AUT1,03/08/2025,Grazer AK,Austria Vienna,2,2,D,1.80,2.00,1.80,2.00
AUT1,03/08/2025,SK Rapid,BW Linz,1,0,H,1.80,2.00,1.80,2.00
AUT1,09/08/2025,Altach,Ried,1,0,H,1.80,2.00,1.80,2.00
AUT1,09/08/2025,BW Linz,Hartberg,0,1,A,1.80,2.00,1.80,2.00
AUT1,09/08/2025,Salzburg,Grazer AK,5,0,H,1.80,2.00,1.80,2.00
AUT1,10/08/2025,Austria Vienna,Wolfsberger AC,0,2,A,1.80,2.00,1.80,2.00
AUT1,10/08/2025,Sturm Graz,SK Rapid,1,2,A,1.80,2.00,1.80,2.00
AUT1,10/08/2025,Tirol,LASK,3,1,H,1.80,2.00,1.80,2.00
AUT1,16/08/2025,Grazer AK,Tirol,1,1,D,1.80,2.00,1.80,2.00
AUT1,16/08/2025,Hartberg,Salzburg,1,2,A,1.80,2.00,1.80,2.00
AUT1,16/08/2025,Ried,Sturm Graz,1,3,A,1.80,2.00,1.80,2.00
AUT1,17/08/2025,LASK,Austria Vienna,2,1,H,1.80,2.00,1.80,2.00
AUT1,17/08/2025,SK Rapid,Altach,0,0,D,1.80,2.00,1.80,2.00
AUT1,17/08/2025,Wolfsberger AC,BW Linz,3,0,H,1.80,2.00,1.80,2.00
AUT1,23/08/2025,BW Linz,Ried,0,2,A,1.80,2.00,1.80,2.00
AUT1,23/08/2025,Salzburg,LASK,3,0,H,1.80,2.00,1.80,2.00
AUT1,24/08/2025,Altach,Grazer AK,1,1,D,1.80,2.00,1.80,2.00
AUT1,24/08/2025,Austria Vienna,Hartberg,1,3,A,1.80,2.00,1.80,2.00
AUT1,24/08/2025,Wolfsberger AC,SK Rapid,1,2,A,1.80,2.00,1.80,2.00
AUT1,30/08/2025,LASK,Ried,1,3,A,1.80,2.00,1.80,2.00
AUT1,30/08/2025,Salzburg,BW Linz,2,2,D,1.80,2.00,1.80,2.00
AUT1,30/08/2025,Grazer AK,Sturm Graz,0,3,A,1.80,2.00,1.80,2.00
AUT1,31/08/2025,Austria Vienna,Altach,1,0,H,1.80,2.00,1.80,2.00
AUT1,31/08/2025,Hartberg,SK Rapid,0,1,A,1.80,2.00,1.80,2.00
AUT1,31/08/2025,Tirol,Wolfsberger AC,1,1,D,1.80,2.00,1.80,2.00
AUT1,13/09/2025,Altach,LASK,1,0,H,1.80,2.00,1.80,2.00
AUT1,13/09/2025,BW Linz,Grazer AK,3,0,H,1.80,2.00,1.80,2.00
AUT1,13/09/2025,Wolfsberger AC,Salzburg,3,1,H,1.80,2.00,1.80,2.00
AUT1,14/09/2025,Ried,Hartberg,0,2,A,1.80,2.00,1.80,2.00
AUT1,14/09/2025,SK Rapid,Tirol,4,1,H,1.80,2.00,1.80,2.00
AUT1,14/09/2025,Sturm Graz,Austria Vienna,0,1,A,1.80,2.00,1.80,2.00
AUT1,20/09/2025,Austria Vienna,Ried,3,2,H,1.80,2.00,1.80,2.00
AUT1,20/09/2025,Hartberg,Wolfsberger AC,2,2,D,1.80,2.00,1.80,2.00
AUT1,20/09/2025,Salzburg,Sturm Graz,0,2,A,1.80,2.00,1.80,2.00
AUT1,21/09/2025,Altach,Tirol,1,1,D,1.80,2.00,1.80,2.00
AUT1,21/09/2025,LASK,BW Linz,2,0,H,1.80,2.00,1.80,2.00
AUT1,21/09/2025,Grazer AK,SK Rapid,1,1,D,1.80,2.00,1.80,2.00
AUT1,27/09/2025,BW Linz,Altach,1,0,H,1.80,2.00,1.80,2.00
AUT1,27/09/2025,Ried,Grazer AK,0,0,D,1.80,2.00,1.80,2.00
AUT1,27/09/2025,Wolfsberger AC,LASK,1,0,H,1.80,2.00,1.80,2.00
AUT1,28/09/2025,Sturm Graz,Hartberg,1,0,H,1.80,2.00,1.80,2.00
AUT1,28/09/2025,Tirol,Salzburg,1,2,A,1.80,2.00,1.80,2.00
AUT1,28/09/2025,SK Rapid,Austria Vienna,1,3,A,1.80,2.00,1.80,2.00
AUT1,04/10/2025,Austria Vienna,BW Linz,0,1,A,1.80,2.00,1.80,2.00
AUT1,04/10/2025,Grazer AK,Wolfsberger AC,1,3,A,1.80,2.00,1.80,2.00
AUT1,04/10/2025,Ried,Tirol,2,0,H,1.80,2.00,1.80,2.00
AUT1,05/10/2025,Altach,Sturm Graz,0,2,A,1.80,2.00,1.80,2.00
AUT1,05/10/2025,LASK,Hartberg,3,3,D,1.80,2.00,1.80,2.00
AUT1,05/10/2025,Salzburg,SK Rapid,2,1,H,1.80,2.00,1.80,2.00
AUT1,18/10/2025,Grazer AK,Hartberg,0,0,D,1.80,2.00,1.80,2.00
AUT1,18/10/2025,Tirol,Austria Vienna,2,3,A,1.80,2.00,1.80,2.00
AUT1,18/10/2025,Wolfsberger AC,Ried,1,2,A,1.80,2.00,1.80,2.00
AUT1,19/10/2025,BW Linz,Sturm Graz,3,4,A,1.80,2.00,1.80,2.00
AUT1,19/10/2025,Salzburg,Altach,2,2,D,1.80,2.00,1.80,2.00
AUT1,19/10/2025,SK Rapid,LASK,0,2,A,1.80,2.00,1.80,2.00
AUT1,25/10/2025,Altach,Hartberg,2,2,D,1.80,2.00,1.80,2.00
AUT1,25/10/2025,LASK,Grazer AK,1,0,H,1.80,2.00,1.80,2.00
AUT1,25/10/2025,Tirol,BW Linz,2,0,H,1.80,2.00,1.80,2.00
AUT1,26/10/2025,Ried,SK Rapid,0,2,A,1.80,2.00,1.80,2.00
AUT1,26/10/2025,Sturm Graz,Wolfsberger AC,1,3,A,1.80,2.00,1.80,2.00
AUT1,26/10/2025,Austria Vienna,Salzburg,0,3,A,1.80,2.00,1.80,2.00
AUT1,01/11/2025,BW Linz,LASK,0,1,A,1.80,2.00,1.80,2.00
AUT1,01/11/2025,Grazer AK,Altach,3,1,H,1.80,2.00,1.80,2.00
AUT1,01/11/2025,Hartberg,Austria Vienna,2,1,H,1.80,2.00,1.80,2.00
AUT1,02/11/2025,Salzburg,Ried,4,1,H,1.80,2.00,1.80,2.00
AUT1,02/11/2025,Wolfsberger AC,Tirol,0,0,D,1.80,2.00,1.80,2.00
AUT1,02/11/2025,SK Rapid,Sturm Graz,2,1,H,1.80,2.00,1.80,2.00
AUT1,08/11/2025,Austria Vienna,Grazer AK,2,1,H,1.80,2.00,1.80,2.00
AUT1,08/11/2025,Ried,BW Linz,2,1,H,1.80,2.00,1.80,2.00
AUT1,08/11/2025,Wolfsberger AC,Hartberg,1,2,A,1.80,2.00,1.80,2.00
AUT1,09/11/2025,LASK,Altach,1,0,H,1.80,2.00,1.80,2.00
AUT1,09/11/2025,Tirol,SK Rapid,1,1,D,1.80,2.00,1.80,2.00
AUT1,09/11/2025,Sturm Graz,Salzburg,1,1,D,1.80,2.00,1.80,2.00
AUT1,22/11/2025,Altach,Wolfsberger AC,3,1,H,1.80,2.00,1.80,2.00
AUT1,22/11/2025,BW Linz,Austria Vienna,2,3,A,1.80,2.00,1.80,2.00
AUT1,22/11/2025,Hartberg,Ried,2,0,H,1.80,2.00,1.80,2.00
AUT1,23/11/2025,Salzburg,Tirol,2,3,A,1.80,2.00,1.80,2.00
AUT1,23/11/2025,Sturm Graz,LASK,1,3,A,1.80,2.00,1.80,2.00
AUT1,23/11/2025,SK Rapid,Grazer AK,1,2,A,1.80,2.00,1.80,2.00
AUT1,29/11/2025,Austria Vienna,Tirol,0,0,D,1.80,2.00,1.80,2.00
AUT1,29/11/2025,Grazer AK,BW Linz,3,1,H,1.80,2.00,1.80,2.00
AUT1,29/11/2025,Ried,Wolfsberger AC,1,0,H,1.80,2.00,1.80,2.00
AUT1,30/11/2025,Altach,Salzburg,1,1,D,1.80,2.00,1.80,2.00
AUT1,30/11/2025,Hartberg,Sturm Graz,0,1,A,1.80,2.00,1.80,2.00
AUT1,30/11/2025,LASK,SK Rapid,3,0,H,1.80,2.00,1.80,2.00
AUT1,03/12/2025,Sturm Graz,Tirol,1,3,A,1.80,2.00,1.80,2.00
AUT1,06/12/2025,BW Linz,Salzburg,0,2,A,1.80,2.00,1.80,2.00
AUT1,06/12/2025,Hartberg,LASK,2,2,D,1.80,2.00,1.80,2.00
AUT1,06/12/2025,SK Rapid,Ried,1,2,A,1.80,2.00,1.80,2.00
AUT1,07/12/2025,Tirol,Altach,0,3,A,1.80,2.00,1.80,2.00
AUT1,07/12/2025,Wolfsberger AC,Austria Vienna,2,1,H,1.80,2.00,1.80,2.00
AUT1,07/12/2025,Sturm Graz,Grazer AK,2,1,H,1.80,2.00,1.80,2.00
AUT1,13/12/2025,Grazer AK,LASK,1,2,A,1.80,2.00,1.80,2.00
AUT1,13/12/2025,Hartberg,Tirol,2,1,H,1.80,2.00,1.80,2.00
AUT1,13/12/2025,Ried,Altach,3,0,H,1.80,2.00,1.80,2.00
AUT1,14/12/2025,BW Linz,SK Rapid,1,1,D,1.80,2.00,1.80,2.00
AUT1,14/12/2025,Salzburg,Wolfsberger AC,2,1,H,1.80,2.00,1.80,2.00
AUT1,14/12/2025,Austria Vienna,Sturm Graz,3,1,H,1.80,2.00,1.80,2.00
AUT1,06/02/2026,Salzburg,Austria Vienna,0,2,A,1.80,2.00,1.80,2.00
AUT1,07/02/2026,LASK,Tirol,1,0,H,1.80,2.00,1.80,2.00
AUT1,07/02/2026,SK Rapid,Hartberg,1,1,D,1.80,2.00,1.80,2.00
AUT1,08/02/2026,Altach,BW Linz,1,0,H,1.80,2.00,1.80,2.00
AUT1,08/02/2026,Wolfsberger AC,Grazer AK,2,2,D,1.80,2.00,1.80,2.00
AUT1,08/02/2026,Sturm Graz,Ried,1,0,H,1.80,2.00,1.80,2.00
AUT1,14/02/2026,Hartberg,Altach,0,0,D,1.80,2.00,1.80,2.00
AUT1,14/02/2026,Ried,LASK,1,1,D,1.80,2.00,1.80,2.00
AUT1,14/02/2026,Tirol,Sturm Graz,1,0,H,1.80,2.00,1.80,2.00
AUT1,15/02/2026,BW Linz,Wolfsberger AC,2,1,H,1.80,2.00,1.80,2.00
AUT1,15/02/2026,Grazer AK,Salzburg,1,1,D,1.80,2.00,1.80,2.00
AUT1,15/02/2026,Austria Vienna,SK Rapid,2,0,H,1.80,2.00,1.80,2.00
AUT1,21/02/2026,Altach,Austria Vienna,2,1,H,1.80,2.00,1.80,2.00
AUT1,21/02/2026,Hartberg,Grazer AK,1,0,H,1.80,2.00,1.80,2.00
AUT1,21/02/2026,SK Rapid,Wolfsberger AC,2,0,H,1.80,2.00,1.80,2.00
AUT1,22/02/2026,Sturm Graz,BW Linz,1,0,H,1.80,2.00,1.80,2.00
AUT1,22/02/2026,Tirol,Ried,1,1,D,1.80,2.00,1.80,2.00
AUT1,22/02/2026,LASK,Salzburg,1,5,A,1.80,2.00,1.80,2.00
AUT1,01/03/2026,Altach,SK Rapid,1,1,D,1.80,2.00,1.80,2.00
AUT1,01/03/2026,Austria Vienna,LASK,2,2,D,1.80,2.00,1.80,2.00
AUT1,01/03/2026,BW Linz,Tirol,2,3,A,1.80,2.00,1.80,2.00
AUT1,01/03/2026,Grazer AK,Ried,2,1,H,1.80,2.00,1.80,2.00
AUT1,01/03/2026,Salzburg,Hartberg,0,0,D,1.80,2.00,1.80,2.00
AUT1,01/03/2026,Wolfsberger AC,Sturm Graz,2,2,D,1.80,2.00,1.80,2.00
AUT1,08/03/2026,Hartberg,BW Linz,1,1,D,1.80,2.00,1.80,2.00
AUT1,08/03/2026,LASK,Wolfsberger AC,3,1,H,1.80,2.00,1.80,2.00
AUT1,08/03/2026,Ried,Austria Vienna,0,2,A,1.80,2.00,1.80,2.00
AUT1,08/03/2026,SK Rapid,Salzburg,1,0,H,1.80,2.00,1.80,2.00
AUT1,08/03/2026,Sturm Graz,Altach,2,0,H,1.80,2.00,1.80,2.00
AUT1,08/03/2026,Tirol,Grazer AK,2,0,H,1.80,2.00,1.80,2.00
AUT1,13/03/2026,LASK,Hartberg,0,0,D,1.80,2.00,1.80,2.00
AUT1,14/03/2026,Altach,BW Linz,3,1,H,1.80,2.00,1.80,2.00
AUT1,14/03/2026,Grazer AK,Wolfsberger AC,2,0,H,1.80,2.00,1.80,2.00
AUT1,14/03/2026,Ried,Tirol,2,1,H,1.80,2.00,1.80,2.00
AUT1,15/03/2026,Salzburg,SK Rapid,0,1,A,1.80,2.00,1.80,2.00
AUT1,15/03/2026,Austria Vienna,Sturm Graz,2,5,A,1.80,2.00,1.80,2.00
AUT1,20/03/2026,Sturm Graz,Salzburg,1,1,D,1.80,2.00,1.80,2.00
AUT1,21/03/2026,BW Linz,Ried,3,2,H,1.80,2.00,1.80,2.00
AUT1,21/03/2026,Tirol,Grazer AK,1,5,A,1.80,2.00,1.80,2.00
AUT1,21/03/2026,Wolfsberger AC,Altach,1,1,D,1.80,2.00,1.80,2.00
AUT1,22/03/2026,Hartberg,Austria Vienna,0,1,A,1.80,2.00,1.80,2.00
AUT1,22/03/2026,SK Rapid,LASK,4,2,H,1.80,2.00,1.80,2.00
AUT1,03/04/2026,Ried,Altach,3,2,H,1.80,2.00,1.80,2.00
AUT1,04/04/2026,Grazer AK,BW Linz,2,1,H,1.80,2.00,1.80,2.00
AUT1,04/04/2026,Tirol,Wolfsberger AC,3,1,H,1.80,2.00,1.80,2.00
AUT1,05/04/2026,Hartberg,Salzburg,1,2,A,1.80,2.00,1.80,2.00
AUT1,05/04/2026,LASK,Austria Vienna,4,1,H,1.80,2.00,1.80,2.00
AUT1,05/04/2026,SK Rapid,Sturm Graz,0,2,A,1.80,2.00,1.80,2.00
AUT1,10/04/2026,Salzburg,LASK,2,3,A,1.80,2.00,1.80,2.00
AUT1,11/04/2026,Altach,Grazer AK,1,0,H,1.80,2.00,1.80,2.00
AUT1,11/04/2026,Wolfsberger AC,Ried,0,0,D,1.80,2.00,1.80,2.00
AUT1,11/04/2026,BW Linz,Tirol,5,0,H,1.80,2.00,1.80,2.00
AUT1,12/04/2026,Sturm Graz,Hartberg,0,0,D,1.80,2.00,1.80,2.00
AUT1,12/04/2026,Austria Vienna,SK Rapid,1,1,D,1.80,2.00,1.80,2.00
AUT1,17/04/2026,Grazer AK,Ried,1,1,D,1.80,2.00,1.80,2.00
AUT1,18/04/2026,Tirol,Altach,2,2,D,1.80,2.00,1.80,2.00
AUT1,18/04/2026,Wolfsberger AC,BW Linz,0,0,D,1.80,2.00,1.80,2.00
AUT1,19/04/2026,Austria Vienna,Salzburg,1,3,A,1.80,2.00,1.80,2.00
AUT1,19/04/2026,Hartberg,SK Rapid,2,2,D,1.80,2.00,1.80,2.00
AUT1,19/04/2026,LASK,Sturm Graz,1,1,D,1.80,2.00,1.80,2.00
AUT1,21/04/2026,Altach,Tirol,0,0,D,1.80,2.00,1.80,2.00
AUT1,21/04/2026,BW Linz,Wolfsberger AC,3,0,H,1.80,2.00,1.80,2.00
AUT1,21/04/2026,Ried,Grazer AK,2,1,H,1.80,2.00,1.80,2.00
AUT1,22/04/2026,Salzburg,Austria Vienna,3,1,H,1.80,2.00,1.80,2.00
AUT1,22/04/2026,SK Rapid,Hartberg,0,2,A,1.80,2.00,1.80,2.00
AUT1,22/04/2026,Sturm Graz,LASK,1,1,D,1.80,2.00,1.80,2.00
AUT1,24/04/2026,BW Linz,Altach,3,0,H,1.80,2.00,1.80,2.00
AUT1,25/04/2026,Tirol,Ried,1,0,H,1.80,2.00,1.80,2.00
AUT1,25/04/2026,Wolfsberger AC,Grazer AK,1,0,H,1.80,2.00,1.80,2.00
AUT1,26/04/2026,Hartberg,LASK,1,5,A,1.80,2.00,1.80,2.00
AUT1,26/04/2026,SK Rapid,Salzburg,1,0,H,1.80,2.00,1.80,2.00
AUT1,26/04/2026,Sturm Graz,Austria Vienna,1,1,D,1.80,2.00,1.80,2.00
AUT1,02/05/2026,Grazer AK,Tirol,4,0,H,1.80,2.00,1.80,2.00
AUT1,02/05/2026,Ried,BW Linz,2,0,H,1.80,2.00,1.80,2.00
AUT1,03/05/2026,Austria Vienna,Hartberg,1,0,H,1.80,2.00,1.80,2.00
AUT1,03/05/2026,Salzburg,Sturm Graz,1,1,D,1.80,2.00,1.80,2.00
AUT1,04/05/2026,Altach,Wolfsberger AC,1,4,A,1.80,2.00,1.80,2.00
AUT1,04/05/2026,LASK,SK Rapid,3,1,H,1.80,2.00,1.80,2.00
AUT1,09/05/2026,Grazer AK,Altach,2,2,D,1.80,2.00,1.80,2.00
AUT1,09/05/2026,Ried,Wolfsberger AC,0,1,A,1.80,2.00,1.80,2.00
AUT1,09/05/2026,Tirol,BW Linz,1,1,D,1.80,2.00,1.80,2.00
AUT1,10/05/2026,Hartberg,Sturm Graz,2,4,A,1.80,2.00,1.80,2.00
AUT1,10/05/2026,LASK,Salzburg,2,1,H,1.80,2.00,1.80,2.00
AUT1,10/05/2026,SK Rapid,Austria Vienna,0,2,A,1.80,2.00,1.80,2.00
AUT1,16/05/2026,Altach,Ried,2,0,H,1.80,2.00,1.80,2.00
AUT1,16/05/2026,BW Linz,Grazer AK,0,3,A,1.80,2.00,1.80,2.00
AUT1,16/05/2026,Wolfsberger AC,Tirol,2,0,H,1.80,2.00,1.80,2.00
AUT1,17/05/2026,Austria Vienna,LASK,0,3,A,1.80,2.00,1.80,2.00
AUT1,17/05/2026,Salzburg,Hartberg,1,3,A,1.80,2.00,1.80,2.00
AUT1,17/05/2026,Sturm Graz,SK Rapid,2,0,H,1.80,2.00,1.80,2.00
SWE1,02/04/2022,Hammarby,Helsingborg,2,1,H,1.80,2.00,1.80,2.00
SWE1,02/04/2022,Hacken,AIK,4,2,H,1.80,2.00,1.80,2.00
SWE1,03/04/2022,Goteborg,Varnamo,2,1,H,1.80,2.00,1.80,2.00
SWE1,03/04/2022,Sirius,Sundsvall,2,1,H,1.80,2.00,1.80,2.00
SWE1,03/04/2022,Kalmar,Malmo FF,0,1,A,1.80,2.00,1.80,2.00
SWE1,03/04/2022,Norrkoping,Varberg,0,1,A,1.80,2.00,1.80,2.00
SWE1,04/04/2022,Elfsborg,Mjallby,0,2,A,1.80,2.00,1.80,2.00
SWE1,04/04/2022,Djurgarden,Degerfors,3,1,H,1.80,2.00,1.80,2.00
SWE1,09/04/2022,Sundsvall,Hammarby,1,5,A,1.80,2.00,1.80,2.00
SWE1,09/04/2022,Degerfors,Hacken,1,2,A,1.80,2.00,1.80,2.00
SWE1,10/04/2022,Helsingborg,Goteborg,0,1,A,1.80,2.00,1.80,2.00
SWE1,10/04/2022,Varberg,Kalmar,0,3,A,1.80,2.00,1.80,2.00
SWE1,10/04/2022,AIK,Norrkoping,1,0,H,1.80,2.00,1.80,2.00
SWE1,10/04/2022,Mjallby,Djurgarden,1,0,H,1.80,2.00,1.80,2.00
SWE1,11/04/2022,Varnamo,Sirius,0,0,D,1.80,2.00,1.80,2.00
SWE1,11/04/2022,Malmo FF,Elfsborg,1,1,D,1.80,2.00,1.80,2.00
SWE1,15/04/2022,Hammarby,Mjallby,2,0,H,1.80,2.00,1.80,2.00
SWE1,16/04/2022,Djurgarden,Norrkoping,2,1,H,1.80,2.00,1.80,2.00
SWE1,16/04/2022,Varberg,Sundsvall,2,0,H,1.80,2.00,1.80,2.00
SWE1,17/04/2022,Kalmar,Degerfors,2,0,H,1.80,2.00,1.80,2.00
SWE1,17/04/2022,Malmo FF,AIK,3,0,H,1.80,2.00,1.80,2.00
SWE1,17/04/2022,Elfsborg,Varnamo,4,1,H,1.80,2.00,1.80,2.00
SWE1,17/04/2022,Hacken,Goteborg,0,2,A,1.80,2.00,1.80,2.00
SWE1,17/04/2022,Sirius,Helsingborg,1,0,H,1.80,2.00,1.80,2.00
SWE1,20/04/2022,AIK,Varberg,1,0,H,1.80,2.00,1.80,2.00
SWE1,20/04/2022,Goteborg,Djurgarden,1,1,D,1.80,2.00,1.80,2.00
SWE1,20/04/2022,Mjallby,Sirius,3,0,H,1.80,2.00,1.80,2.00
SWE1,20/04/2022,Norrkoping,Hacken,1,1,D,1.80,2.00,1.80,2.00
SWE1,20/04/2022,Sundsvall,Kalmar,1,0,H,1.80,2.00,1.80,2.00
SWE1,21/04/2022,Degerfors,Hammarby,0,1,A,1.80,2.00,1.80,2.00
SWE1,21/04/2022,Helsingborg,Elfsborg,1,0,H,1.80,2.00,1.80,2.00
SWE1,21/04/2022,Varnamo,Malmo FF,0,0,D,1.80,2.00,1.80,2.00
SWE1,24/04/2022,AIK,Djurgarden,1,0,H,1.80,2.00,1.80,2.00
SWE1,24/04/2022,Varberg,Mjallby,0,0,D,1.80,2.00,1.80,2.00
SWE1,24/04/2022,Helsingborg,Hacken,1,1,D,1.80,2.00,1.80,2.00
SWE1,25/04/2022,Elfsborg,Sundsvall,3,1,H,1.80,2.00,1.80,2.00
SWE1,25/04/2022,Sirius,Hammarby,0,3,A,1.80,2.00,1.80,2.00
SWE1,25/04/2022,Varnamo,Degerfors,2,0,H,1.80,2.00,1.80,2.00
SWE1,25/04/2022,Malmo FF,Goteborg,1,0,H,1.80,2.00,1.80,2.00
SWE1,26/04/2022,Kalmar,Norrkoping,1,2,A,1.80,2.00,1.80,2.00
SWE1,30/04/2022,Djurgarden,Sirius,4,0,H,1.80,2.00,1.80,2.00
SWE1,01/05/2022,Degerfors,Elfsborg,0,6,A,1.80,2.00,1.80,2.00
SWE1,01/05/2022,Mjallby,Helsingborg,2,1,H,1.80,2.00,1.80,2.00
SWE1,01/05/2022,Hacken,Varberg,3,1,H,1.80,2.00,1.80,2.00
SWE1,01/05/2022,Sundsvall,AIK,0,2,A,1.80,2.00,1.80,2.00
SWE1,02/05/2022,Goteborg,Kalmar,1,2,A,1.80,2.00,1.80,2.00
SWE1,02/05/2022,Norrkoping,Varnamo,2,0,H,1.80,2.00,1.80,2.00
SWE1,02/05/2022,Hammarby,Malmo FF,0,0,D,1.80,2.00,1.80,2.00
SWE1,05/05/2022,Djurgarden,Helsingborg,2,2,D,1.80,2.00,1.80,2.00
SWE1,07/05/2022,AIK,Goteborg,1,0,H,1.80,2.00,1.80,2.00
SWE1,07/05/2022,Malmo FF,Mjallby,2,0,H,1.80,2.00,1.80,2.00
SWE1,08/05/2022,Kalmar,Hammarby,2,0,H,1.80,2.00,1.80,2.00
SWE1,08/05/2022,Varberg,Sirius,0,2,A,1.80,2.00,1.80,2.00
SWE1,09/05/2022,Helsingborg,Norrkoping,0,1,A,1.80,2.00,1.80,2.00
SWE1,09/05/2022,Sundsvall,Degerfors,2,3,A,1.80,2.00,1.80,2.00
SWE1,09/05/2022,Varnamo,Hacken,1,2,A,1.80,2.00,1.80,2.00
SWE1,09/05/2022,Elfsborg,Djurgarden,0,0,D,1.80,2.00,1.80,2.00
SWE1,11/05/2022,AIK,Malmo FF,2,0,H,1.80,2.00,1.80,2.00
SWE1,14/05/2022,Mjallby,Varnamo,1,1,D,1.80,2.00,1.80,2.00
SWE1,14/05/2022,Sirius,Elfsborg,2,0,H,1.80,2.00,1.80,2.00
SWE1,15/05/2022,Hacken,Kalmar,3,1,H,1.80,2.00,1.80,2.00
SWE1,15/05/2022,Hammarby,AIK,3,3,D,1.80,2.00,1.80,2.00
SWE1,15/05/2022,Degerfors,Helsingborg,2,1,H,1.80,2.00,1.80,2.00
SWE1,15/05/2022,Goteborg,Varberg,1,1,D,1.80,2.00,1.80,2.00
SWE1,15/05/2022,Norrkoping,Sundsvall,5,1,H,1.80,2.00,1.80,2.00
SWE1,16/05/2022,Djurgarden,Malmo FF,4,0,H,1.80,2.00,1.80,2.00
SWE1,21/05/2022,AIK,Sirius,2,2,D,1.80,2.00,1.80,2.00
SWE1,21/05/2022,Helsingborg,Varnamo,1,4,A,1.80,2.00,1.80,2.00
SWE1,22/05/2022,Elfsborg,Goteborg,3,1,H,1.80,2.00,1.80,2.00
SWE1,22/05/2022,Hammarby,Norrkoping,3,0,H,1.80,2.00,1.80,2.00
SWE1,22/05/2022,Varberg,Degerfors,2,1,H,1.80,2.00,1.80,2.00
SWE1,22/05/2022,Kalmar,Djurgarden,1,0,H,1.80,2.00,1.80,2.00
SWE1,22/05/2022,Malmo FF,Hacken,1,2,A,1.80,2.00,1.80,2.00
SWE1,23/05/2022,Sundsvall,Mjallby,2,0,H,1.80,2.00,1.80,2.00
SWE1,28/05/2022,Goteborg,Sundsvall,2,0,H,1.80,2.00,1.80,2.00
SWE1,28/05/2022,Mjallby,Kalmar,1,1,D,1.80,2.00,1.80,2.00
SWE1,28/05/2022,Hacken,Sirius,4,3,H,1.80,2.00,1.80,2.00
SWE1,29/05/2022,Degerfors,Malmo FF,0,2,A,1.80,2.00,1.80,2.00
SWE1,29/05/2022,Djurgarden,Varberg,4,0,H,1.80,2.00,1.80,2.00
SWE1,29/05/2022,Norrkoping,Elfsborg,2,2,D,1.80,2.00,1.80,2.00
SWE1,29/05/2022,Helsingborg,AIK,1,2,A,1.80,2.00,1.80,2.00
SWE1,29/05/2022,Varnamo,Hammarby,1,0,H,1.80,2.00,1.80,2.00
SWE1,26/06/2022,Degerfors,AIK,1,1,D,1.80,2.00,1.80,2.00
SWE1,26/06/2022,Hammarby,Hacken,2,2,D,1.80,2.00,1.80,2.00
SWE1,26/06/2022,Mjallby,Norrkoping,1,1,D,1.80,2.00,1.80,2.00
SWE1,26/06/2022,Sundsvall,Djurgarden,2,5,A,1.80,2.00,1.80,2.00
SWE1,27/06/2022,Elfsborg,Varberg,4,1,H,1.80,2.00,1.80,2.00
SWE1,27/06/2022,Kalmar,Varnamo,1,0,H,1.80,2.00,1.80,2.00
SWE1,27/06/2022,Sirius,Goteborg,1,2,A,1.80,2.00,1.80,2.00
SWE1,27/06/2022,Malmo FF,Helsingborg,2,1,H,1.80,2.00,1.80,2.00
SWE1,01/07/2022,Sundsvall,Malmo FF,2,1,H,1.80,2.00,1.80,2.00
SWE1,02/07/2022,AIK,Mjallby,0,1,A,1.80,2.00,1.80,2.00
SWE1,02/07/2022,Helsingborg,Kalmar,1,1,D,1.80,2.00,1.80,2.00
SWE1,03/07/2022,Djurgarden,Hammarby,1,0,H,1.80,2.00,1.80,2.00
SWE1,03/07/2022,Varberg,Varnamo,3,0,H,1.80,2.00,1.80,2.00
SWE1,03/07/2022,Hacken,Elfsborg,1,1,D,1.80,2.00,1.80,2.00
SWE1,03/07/2022,Norrkoping,Sirius,0,1,A,1.80,2.00,1.80,2.00
SWE1,04/07/2022,Goteborg,Degerfors,2,0,H,1.80,2.00,1.80,2.00
SWE1,09/07/2022,Malmo FF,Varberg,3,0,H,1.80,2.00,1.80,2.00
SWE1,09/07/2022,Degerfors,Norrkoping,1,1,D,1.80,2.00,1.80,2.00
SWE1,10/07/2022,Elfsborg,AIK,2,2,D,1.80,2.00,1.80,2.00
SWE1,10/07/2022,Mjallby,Hacken,1,2,A,1.80,2.00,1.80,2.00
SWE1,10/07/2022,Kalmar,Sirius,1,1,D,1.80,2.00,1.80,2.00
SWE1,11/07/2022,Hammarby,Goteborg,3,0,H,1.80,2.00,1.80,2.00
SWE1,11/07/2022,Helsingborg,Djurgarden,0,2,A,1.80,2.00,1.80,2.00
SWE1,11/07/2022,Varnamo,Sundsvall,1,1,D,1.80,2.00,1.80,2.00
SWE1,16/07/2022,Norrkoping,Malmo FF,0,2,A,1.80,2.00,1.80,2.00
SWE1,16/07/2022,Djurgarden,Varnamo,5,0,H,1.80,2.00,1.80,2.00
SWE1,17/07/2022,AIK,Kalmar,1,0,H,1.80,2.00,1.80,2.00
SWE1,17/07/2022,Goteborg,Mjallby,1,1,D,1.80,2.00,1.80,2.00
SWE1,17/07/2022,Hammarby,Elfsborg,3,0,H,1.80,2.00,1.80,2.00
SWE1,17/07/2022,Sirius,Degerfors,2,0,H,1.80,2.00,1.80,2.00
SWE1,18/07/2022,Sundsvall,Hacken,1,5,A,1.80,2.00,1.80,2.00
SWE1,18/07/2022,Varberg,Helsingborg,0,0,D,1.80,2.00,1.80,2.00
SWE1,23/07/2022,Malmo FF,Sirius,3,1,H,1.80,2.00,1.80,2.00
SWE1,23/07/2022,Mjallby,Degerfors,2,1,H,1.80,2.00,1.80,2.00
SWE1,24/07/2022,Helsingborg,Sundsvall,1,0,H,1.80,2.00,1.80,2.00
SWE1,24/07/2022,Varnamo,AIK,2,3,A,1.80,2.00,1.80,2.00
SWE1,24/07/2022,Hacken,Djurgarden,1,2,A,1.80,2.00,1.80,2.00
SWE1,24/07/2022,Kalmar,Elfsborg,1,0,H,1.80,2.00,1.80,2.00
SWE1,25/07/2022,Norrkoping,Goteborg,0,2,A,1.80,2.00,1.80,2.00
SWE1,25/07/2022,Varberg,Hammarby,0,3,A,1.80,2.00,1.80,2.00
SWE1,30/07/2022,Degerfors,Kalmar,2,1,H,1.80,2.00,1.80,2.00
SWE1,30/07/2022,Sundsvall,Varberg,1,3,A,1.80,2.00,1.80,2.00
SWE1,31/07/2022,Elfsborg,Hacken,4,4,D,1.80,2.00,1.80,2.00
SWE1,31/07/2022,Hammarby,Varnamo,1,2,A,1.80,2.00,1.80,2.00
SWE1,31/07/2022,Sirius,Mjallby,0,1,A,1.80,2.00,1.80,2.00
SWE1,01/08/2022,Goteborg,Norrkoping,2,0,H,1.80,2.00,1.80,2.00
SWE1,06/08/2022,Norrkoping,Degerfors,2,0,H,1.80,2.00,1.80,2.00
SWE1,07/08/2022,Hammarby,Sundsvall,3,0,H,1.80,2.00,1.80,2.00
SWE1,07/08/2022,Kalmar,AIK,1,0,H,1.80,2.00,1.80,2.00
SWE1,07/08/2022,Sirius,Malmo FF,2,1,H,1.80,2.00,1.80,2.00
SWE1,07/08/2022,Mjallby,Elfsborg,1,1,D,1.80,2.00,1.80,2.00
SWE1,07/08/2022,Varnamo,Djurgarden,0,0,D,1.80,2.00,1.80,2.00
SWE1,08/08/2022,Hacken,Helsingborg,5,0,H,1.80,2.00,1.80,2.00
SWE1,08/08/2022,Varberg,Goteborg,0,4,A,1.80,2.00,1.80,2.00
SWE1,13/08/2022,Helsingborg,Sirius,0,0,D,1.80,2.00,1.80,2.00
SWE1,14/08/2022,AIK,Varnamo,2,2,D,1.80,2.00,1.80,2.00
SWE1,14/08/2022,Djurgarden,Kalmar,3,2,H,1.80,2.00,1.80,2.00
SWE1,14/08/2022,Malmo FF,Sundsvall,3,1,H,1.80,2.00,1.80,2.00
SWE1,14/08/2022,Degerfors,Varberg,1,1,D,1.80,2.00,1.80,2.00
SWE1,14/08/2022,Elfsborg,Norrkoping,1,1,D,1.80,2.00,1.80,2.00
SWE1,15/08/2022,Hacken,Mjallby,1,0,H,1.80,2.00,1.80,2.00
SWE1,15/08/2022,Goteborg,Hammarby,0,1,A,1.80,2.00,1.80,2.00
SWE1,20/08/2022,Varberg,Djurgarden,2,2,D,1.80,2.00,1.80,2.00
SWE1,21/08/2022,Mjallby,Malmo FF,1,1,D,1.80,2.00,1.80,2.00
SWE1,21/08/2022,Varnamo,Elfsborg,1,1,D,1.80,2.00,1.80,2.00
SWE1,21/08/2022,Norrkoping,AIK,2,4,A,1.80,2.00,1.80,2.00
SWE1,21/08/2022,Sundsvall,Helsingborg,1,2,A,1.80,2.00,1.80,2.00
SWE1,22/08/2022,Kalmar,Goteborg,1,0,H,1.80,2.00,1.80,2.00
SWE1,22/08/2022,Sirius,Hacken,0,1,A,1.80,2.00,1.80,2.00
SWE1,22/08/2022,Hammarby,Degerfors,5,1,H,1.80,2.00,1.80,2.00
SWE1,27/08/2022,Hacken,Varnamo,4,1,H,1.80,2.00,1.80,2.00
SWE1,27/08/2022,Degerfors,Sundsvall,3,1,H,1.80,2.00,1.80,2.00
SWE1,28/08/2022,AIK,Hammarby,2,2,D,1.80,2.00,1.80,2.00
SWE1,28/08/2022,Goteborg,Sirius,2,0,H,1.80,2.00,1.80,2.00
SWE1,28/08/2022,Varberg,Norrkoping,1,1,D,1.80,2.00,1.80,2.00
SWE1,28/08/2022,Helsingborg,Mjallby,0,1,A,1.80,2.00,1.80,2.00
SWE1,28/08/2022,Malmo FF,Kalmar,0,1,A,1.80,2.00,1.80,2.00
SWE1,29/08/2022,Djurgarden,Elfsborg,2,1,H,1.80,2.00,1.80,2.00
SWE1,04/09/2022,Hacken,Degerfors,2,2,D,1.80,2.00,1.80,2.00
SWE1,04/09/2022,Sirius,Djurgarden,0,1,A,1.80,2.00,1.80,2.00
SWE1,04/09/2022,AIK,Sundsvall,4,0,H,1.80,2.00,1.80,2.00
SWE1,04/09/2022,Elfsborg,Malmo FF,3,2,H,1.80,2.00,1.80,2.00
SWE1,05/09/2022,Kalmar,Varberg,1,0,H,1.80,2.00,1.80,2.00
SWE1,05/09/2022,Mjallby,Goteborg,1,4,A,1.80,2.00,1.80,2.00
SWE1,05/09/2022,Varnamo,Helsingborg,3,2,H,1.80,2.00,1.80,2.00
SWE1,05/09/2022,Norrkoping,Hammarby,4,1,H,1.80,2.00,1.80,2.00
SWE1,10/09/2022,Sirius,Varnamo,2,3,A,1.80,2.00,1.80,2.00
SWE1,10/09/2022,Degerfors,Mjallby,0,0,D,1.80,2.00,1.80,2.00
SWE1,11/09/2022,Hammarby,Djurgarden,0,0,D,1.80,2.00,1.80,2.00
SWE1,11/09/2022,Sundsvall,Elfsborg,0,2,A,1.80,2.00,1.80,2.00
SWE1,11/09/2022,Malmo FF,Norrkoping,2,1,H,1.80,2.00,1.80,2.00
SWE1,11/09/2022,Varberg,AIK,2,0,H,1.80,2.00,1.80,2.00
SWE1,12/09/2022,Kalmar,Hacken,1,1,D,1.80,2.00,1.80,2.00
SWE1,12/09/2022,Goteborg,Helsingborg,1,3,A,1.80,2.00,1.80,2.00
SWE1,17/09/2022,Hacken,Hammarby,1,1,D,1.80,2.00,1.80,2.00
SWE1,17/09/2022,Norrkoping,Kalmar,2,2,D,1.80,2.00,1.80,2.00
SWE1,17/09/2022,Varnamo,Varberg,1,0,H,1.80,2.00,1.80,2.00
SWE1,18/09/2022,Elfsborg,Sirius,3,0,H,1.80,2.00,1.80,2.00
SWE1,18/09/2022,Helsingborg,Malmo FF,1,2,A,1.80,2.00,1.80,2.00
SWE1,18/09/2022,Mjallby,Sundsvall,1,1,D,1.80,2.00,1.80,2.00
SWE1,18/09/2022,AIK,Degerfors,1,1,D,1.80,2.00,1.80,2.00
SWE1,18/09/2022,Djurgarden,Goteborg,3,0,H,1.80,2.00,1.80,2.00
SWE1,01/10/2022,Malmo FF,Hammarby,0,0,D,1.80,2.00,1.80,2.00
SWE1,01/10/2022,Degerfors,Djurgarden,3,0,H,1.80,2.00,1.80,2.00
SWE1,02/10/2022,Sundsvall,Norrkoping,1,3,A,1.80,2.00,1.80,2.00
SWE1,02/10/2022,Varberg,Hacken,1,1,D,1.80,2.00,1.80,2.00
SWE1,02/10/2022,Kalmar,Helsingborg,2,0,H,1.80,2.00,1.80,2.00
SWE1,02/10/2022,Sirius,AIK,1,1,D,1.80,2.00,1.80,2.00
SWE1,03/10/2022,Varnamo,Mjallby,2,1,H,1.80,2.00,1.80,2.00
SWE1,03/10/2022,Goteborg,Elfsborg,1,3,A,1.80,2.00,1.80,2.00
SWE1,08/10/2022,Degerfors,Sirius,0,0,D,1.80,2.00,1.80,2.00
SWE1,09/10/2022,Elfsborg,Kalmar,0,2,A,1.80,2.00,1.80,2.00
SWE1,09/10/2022,Malmo FF,Varnamo,0,0,D,1.80,2.00,1.80,2.00
SWE1,09/10/2022,Sundsvall,Goteborg,3,2,H,1.80,2.00,1.80,2.00
SWE1,09/10/2022,AIK,Helsingborg,2,0,H,1.80,2.00,1.80,2.00
SWE1,09/10/2022,Djurgarden,Hacken,0,1,A,1.80,2.00,1.80,2.00
SWE1,10/10/2022,Norrkoping,Mjallby,2,2,D,1.80,2.00,1.80,2.00
SWE1,10/10/2022,Hammarby,Varberg,5,1,H,1.80,2.00,1.80,2.00
SWE1,14/10/2022,Elfsborg,Degerfors,1,1,D,1.80,2.00,1.80,2.00
SWE1,15/10/2022,Hacken,Sundsvall,4,1,H,1.80,2.00,1.80,2.00
SWE1,15/10/2022,Helsingborg,Varberg,1,3,A,1.80,2.00,1.80,2.00
SWE1,15/10/2022,Varnamo,Kalmar,1,3,A,1.80,2.00,1.80,2.00
SWE1,15/10/2022,Sirius,Norrkoping,2,0,H,1.80,2.00,1.80,2.00
SWE1,16/10/2022,Djurgarden,AIK,1,2,A,1.80,2.00,1.80,2.00
SWE1,16/10/2022,Mjallby,Hammarby,0,3,A,1.80,2.00,1.80,2.00
SWE1,17/10/2022,Goteborg,Malmo FF,2,1,H,1.80,2.00,1.80,2.00
SWE1,19/10/2022,Varberg,Elfsborg,0,3,A,1.80,2.00,1.80,2.00
SWE1,19/10/2022,AIK,Hacken,1,2,A,1.80,2.00,1.80,2.00
SWE1,19/10/2022,Norrkoping,Helsingborg,2,0,H,1.80,2.00,1.80,2.00
SWE1,19/10/2022,Sundsvall,Varnamo,1,2,A,1.80,2.00,1.80,2.00
SWE1,20/10/2022,Malmo FF,Djurgarden,2,3,A,1.80,2.00,1.80,2.00
SWE1,20/10/2022,Degerfors,Goteborg,3,1,H,1.80,2.00,1.80,2.00
SWE1,20/10/2022,Kalmar,Mjallby,1,2,A,1.80,2.00,1.80,2.00
SWE1,20/10/2022,Hammarby,Sirius,1,1,D,1.80,2.00,1.80,2.00
SWE1,23/10/2022,Elfsborg,Hammarby,2,1,H,1.80,2.00,1.80,2.00
SWE1,23/10/2022,Helsingborg,Degerfors,1,2,A,1.80,2.00,1.80,2.00
SWE1,23/10/2022,Hacken,Malmo FF,2,1,H,1.80,2.00,1.80,2.00
SWE1,24/10/2022,Mjallby,Varberg,4,1,H,1.80,2.00,1.80,2.00
SWE1,24/10/2022,Sirius,Kalmar,0,0,D,1.80,2.00,1.80,2.00
SWE1,24/10/2022,Varnamo,Norrkoping,1,1,D,1.80,2.00,1.80,2.00
SWE1,24/10/2022,Djurgarden,Sundsvall,4,0,H,1.80,2.00,1.80,2.00
SWE1,24/10/2022,Goteborg,AIK,1,0,H,1.80,2.00,1.80,2.00
SWE1,29/10/2022,Degerfors,Varnamo,0,0,D,1.80,2.00,1.80,2.00
SWE1,30/10/2022,Goteborg,Hacken,0,4,A,1.80,2.00,1.80,2.00
SWE1,30/10/2022,Mjallby,AIK,1,2,A,1.80,2.00,1.80,2.00
SWE1,30/10/2022,Sundsvall,Sirius,2,3,A,1.80,2.00,1.80,2.00
SWE1,30/10/2022,Hammarby,Kalmar,4,2,H,1.80,2.00,1.80,2.00
SWE1,30/10/2022,Varberg,Malmo FF,2,5,A,1.80,2.00,1.80,2.00
SWE1,31/10/2022,Elfsborg,Helsingborg,3,0,H,1.80,2.00,1.80,2.00
SWE1,31/10/2022,Norrkoping,Djurgarden,0,1,A,1.80,2.00,1.80,2.00
SWE1,06/11/2022,AIK,Elfsborg,0,1,A,1.80,2.00,1.80,2.00
SWE1,06/11/2022,Djurgarden,Mjallby,0,1,A,1.80,2.00,1.80,2.00
SWE1,06/11/2022,Hacken,Norrkoping,3,3,D,1.80,2.00,1.80,2.00
SWE1,06/11/2022,Helsingborg,Hammarby,0,2,A,1.80,2.00,1.80,2.00
SWE1,06/11/2022,Kalmar,Sundsvall,4,0,H,1.80,2.00,1.80,2.00
SWE1,06/11/2022,Malmo FF,Degerfors,2,2,D,1.80,2.00,1.80,2.00
SWE1,06/11/2022,Sirius,Varberg,2,3,A,1.80,2.00,1.80,2.00
SWE1,06/11/2022,Varnamo,Goteborg,1,4,A,1.80,2.00,1.80,2.00
SWE1,10/11/2022,Oster,Varberg,1,2,A,1.80,2.00,1.80,2.00
SWE1,13/11/2022,Varberg,Oster,2,1,H,1.80,2.00,1.80,2.00
SWE1,01/04/2023,Malmo FF,Kalmar,1,0,H,1.80,2.00,1.80,2.00
SWE1,01/04/2023,Djurgarden,Brommapojkarna,3,1,H,1.80,2.00,1.80,2.00
SWE1,02/04/2023,Hammarby,Degerfors,3,1,H,1.80,2.00,1.80,2.00
SWE1,02/04/2023,Norrkoping,Sirius,1,1,D,1.80,2.00,1.80,2.00
SWE1,02/04/2023,Goteborg,Varnamo,0,1,A,1.80,2.00,1.80,2.00
SWE1,02/04/2023,Halmstad,AIK,2,1,H,1.80,2.00,1.80,2.00
SWE1,03/04/2023,Mjallby,Varberg,2,2,D,1.80,2.00,1.80,2.00
SWE1,03/04/2023,Elfsborg,Hacken,0,2,A,1.80,2.00,1.80,2.00
SWE1,08/04/2023,Brommapojkarna,Malmo FF,1,2,A,1.80,2.00,1.80,2.00
SWE1,08/04/2023,Degerfors,Halmstad,3,1,H,1.80,2.00,1.80,2.00
SWE1,09/04/2023,Hacken,Hammarby,3,1,H,1.80,2.00,1.80,2.00
SWE1,09/04/2023,Kalmar,Goteborg,2,0,H,1.80,2.00,1.80,2.00
SWE1,09/04/2023,Sirius,Djurgarden,0,0,D,1.80,2.00,1.80,2.00
SWE1,10/04/2023,Varnamo,Mjallby,0,1,A,1.80,2.00,1.80,2.00
SWE1,10/04/2023,AIK,Norrkoping,0,3,A,1.80,2.00,1.80,2.00
SWE1,10/04/2023,Varberg,Elfsborg,0,0,D,1.80,2.00,1.80,2.00
SWE1,15/04/2023,Elfsborg,Brommapojkarna,5,0,H,1.80,2.00,1.80,2.00
SWE1,15/04/2023,Hacken,Kalmar,1,3,A,1.80,2.00,1.80,2.00
SWE1,16/04/2023,AIK,Hammarby,2,0,H,1.80,2.00,1.80,2.00
SWE1,16/04/2023,Norrkoping,Varnamo,2,1,H,1.80,2.00,1.80,2.00
SWE1,16/04/2023,Halmstad,Djurgarden,2,0,H,1.80,2.00,1.80,2.00
SWE1,16/04/2023,Mjallby,Degerfors,2,0,H,1.80,2.00,1.80,2.00
SWE1,17/04/2023,Varberg,Sirius,1,1,D,1.80,2.00,1.80,2.00
SWE1,17/04/2023,Goteborg,Malmo FF,0,1,A,1.80,2.00,1.80,2.00
SWE1,22/04/2023,Hammarby,Varberg,2,0,H,1.80,2.00,1.80,2.00
SWE1,22/04/2023,Degerfors,Elfsborg,1,2,A,1.80,2.00,1.80,2.00
SWE1,23/04/2023,Djurgarden,Goteborg,1,0,H,1.80,2.00,1.80,2.00
SWE1,23/04/2023,Kalmar,Halmstad,2,0,H,1.80,2.00,1.80,2.00
SWE1,23/04/2023,Sirius,Hacken,1,4,A,1.80,2.00,1.80,2.00
SWE1,24/04/2023,Brommapojkarna,Mjallby,2,0,H,1.80,2.00,1.80,2.00
SWE1,24/04/2023,Varnamo,AIK,1,0,H,1.80,2.00,1.80,2.00
SWE1,24/04/2023,Malmo FF,Norrkoping,3,0,H,1.80,2.00,1.80,2.00
SWE1,29/04/2023,AIK,Sirius,0,0,D,1.80,2.00,1.80,2.00
SWE1,29/04/2023,Mjallby,Elfsborg,0,1,A,1.80,2.00,1.80,2.00
SWE1,29/04/2023,Hacken,Varnamo,3,1,H,1.80,2.00,1.80,2.00
SWE1,29/04/2023,Halmstad,Brommapojkarna,0,2,A,1.80,2.00,1.80,2.00
SWE1,30/04/2023,Malmo FF,Hammarby,4,2,H,1.80,2.00,1.80,2.00
SWE1,30/04/2023,Varberg,Kalmar,0,0,D,1.80,2.00,1.80,2.00
SWE1,30/04/2023,Degerfors,Djurgarden,2,1,H,1.80,2.00,1.80,2.00
SWE1,01/05/2023,Goteborg,Norrkoping,1,1,D,1.80,2.00,1.80,2.00
SWE1,03/05/2023,Elfsborg,Halmstad,6,1,H,1.80,2.00,1.80,2.00
SWE1,03/05/2023,Hacken,Djurgarden,4,1,H,1.80,2.00,1.80,2.00
SWE1,03/05/2023,Kalmar,Sirius,2,2,D,1.80,2.00,1.80,2.00
SWE1,03/05/2023,Mjallby,AIK,0,0,D,1.80,2.00,1.80,2.00
SWE1,04/05/2023,Goteborg,Degerfors,6,0,H,1.80,2.00,1.80,2.00
SWE1,04/05/2023,Norrkoping,Hammarby,2,0,H,1.80,2.00,1.80,2.00
SWE1,04/05/2023,Varberg,Malmo FF,0,6,A,1.80,2.00,1.80,2.00
SWE1,04/05/2023,Varnamo,Brommapojkarna,0,1,A,1.80,2.00,1.80,2.00
SWE1,07/05/2023,Malmo FF,AIK,3,1,H,1.80,2.00,1.80,2.00
SWE1,07/05/2023,Halmstad,Hacken,1,0,H,1.80,2.00,1.80,2.00
SWE1,08/05/2023,Brommapojkarna,Goteborg,0,0,D,1.80,2.00,1.80,2.00
SWE1,08/05/2023,Degerfors,Norrkoping,0,2,A,1.80,2.00,1.80,2.00
SWE1,08/05/2023,Sirius,Elfsborg,3,4,A,1.80,2.00,1.80,2.00
SWE1,08/05/2023,Djurgarden,Kalmar,3,1,H,1.80,2.00,1.80,2.00
SWE1,09/05/2023,Hammarby,Mjallby,0,0,D,1.80,2.00,1.80,2.00
SWE1,09/05/2023,Varnamo,Varberg,3,1,H,1.80,2.00,1.80,2.00
SWE1,13/05/2023,Hacken,Degerfors,6,1,H,1.80,2.00,1.80,2.00
SWE1,13/05/2023,Varberg,Norrkoping,1,3,A,1.80,2.00,1.80,2.00
SWE1,14/05/2023,Elfsborg,Varnamo,2,0,H,1.80,2.00,1.80,2.00
SWE1,14/05/2023,Hammarby,Djurgarden,4,3,H,1.80,2.00,1.80,2.00
SWE1,14/05/2023,Mjallby,Sirius,3,0,H,1.80,2.00,1.80,2.00
SWE1,14/05/2023,Halmstad,Malmo FF,0,1,A,1.80,2.00,1.80,2.00
SWE1,14/05/2023,Kalmar,Brommapojkarna,1,3,A,1.80,2.00,1.80,2.00
SWE1,15/05/2023,AIK,Goteborg,2,2,D,1.80,2.00,1.80,2.00
SWE1,20/05/2023,Degerfors,AIK,2,1,H,1.80,2.00,1.80,2.00
SWE1,21/05/2023,Brommapojkarna,Varberg,2,1,H,1.80,2.00,1.80,2.00
SWE1,21/05/2023,Djurgarden,Mjallby,2,0,H,1.80,2.00,1.80,2.00
SWE1,21/05/2023,Malmo FF,Hacken,2,2,D,1.80,2.00,1.80,2.00
SWE1,21/05/2023,Goteborg,Hammarby,1,1,D,1.80,2.00,1.80,2.00
SWE1,21/05/2023,Sirius,Halmstad,1,2,A,1.80,2.00,1.80,2.00
SWE1,22/05/2023,Varnamo,Kalmar,0,1,A,1.80,2.00,1.80,2.00
SWE1,22/05/2023,Norrkoping,Elfsborg,1,2,A,1.80,2.00,1.80,2.00
SWE1,24/05/2023,Djurgarden,Hacken,1,0,H,1.80,2.00,1.80,2.00
SWE1,25/05/2023,Degerfors,Hammarby,2,2,D,1.80,2.00,1.80,2.00
SWE1,27/05/2023,Mjallby,Halmstad,0,2,A,1.80,2.00,1.80,2.00
SWE1,27/05/2023,Brommapojkarna,Sirius,1,2,A,1.80,2.00,1.80,2.00
SWE1,28/05/2023,Djurgarden,AIK,1,0,H,1.80,2.00,1.80,2.00
SWE1,28/05/2023,Kalmar,Norrkoping,2,1,H,1.80,2.00,1.80,2.00
SWE1,28/05/2023,Elfsborg,Malmo FF,3,0,H,1.80,2.00,1.80,2.00
SWE1,29/05/2023,Degerfors,Varberg,1,1,D,1.80,2.00,1.80,2.00
SWE1,29/05/2023,Hammarby,Varnamo,0,2,A,1.80,2.00,1.80,2.00
SWE1,29/05/2023,Hacken,Goteborg,4,1,H,1.80,2.00,1.80,2.00
SWE1,03/06/2023,Goteborg,Mjallby,0,1,A,1.80,2.00,1.80,2.00
SWE1,03/06/2023,Norrkoping,Brommapojkarna,0,2,A,1.80,2.00,1.80,2.00
SWE1,04/06/2023,AIK,Kalmar,1,1,D,1.80,2.00,1.80,2.00
SWE1,04/06/2023,Halmstad,Hammarby,0,0,D,1.80,2.00,1.80,2.00
SWE1,04/06/2023,Elfsborg,Djurgarden,1,1,D,1.80,2.00,1.80,2.00
SWE1,04/06/2023,Sirius,Varnamo,2,0,H,1.80,2.00,1.80,2.00
SWE1,05/06/2023,Varberg,Hacken,0,2,A,1.80,2.00,1.80,2.00
SWE1,05/06/2023,Malmo FF,Degerfors,5,0,H,1.80,2.00,1.80,2.00
SWE1,09/06/2023,Hammarby,Brommapojkarna,2,1,H,1.80,2.00,1.80,2.00
SWE1,10/06/2023,Kalmar,Degerfors,2,1,H,1.80,2.00,1.80,2.00
SWE1,10/06/2023,Varnamo,Malmo FF,1,3,A,1.80,2.00,1.80,2.00
SWE1,10/06/2023,Varberg,Halmstad,1,2,A,1.80,2.00,1.80,2.00
SWE1,11/06/2023,AIK,Elfsborg,1,2,A,1.80,2.00,1.80,2.00
SWE1,11/06/2023,Sirius,Goteborg,2,0,H,1.80,2.00,1.80,2.00
SWE1,11/06/2023,Djurgarden,Norrkoping,2,2,D,1.80,2.00,1.80,2.00
SWE1,11/06/2023,Hacken,Mjallby,3,0,H,1.80,2.00,1.80,2.00
SWE1,01/07/2023,Brommapojkarna,AIK,0,2,A,1.80,2.00,1.80,2.00
SWE1,01/07/2023,Degerfors,Varnamo,0,2,A,1.80,2.00,1.80,2.00
SWE1,01/07/2023,Malmo FF,Sirius,3,0,H,1.80,2.00,1.80,2.00
SWE1,02/07/2023,Halmstad,Goteborg,0,0,D,1.80,2.00,1.80,2.00
SWE1,02/07/2023,Norrkoping,Hacken,2,2,D,1.80,2.00,1.80,2.00
SWE1,02/07/2023,Djurgarden,Varberg,2,0,H,1.80,2.00,1.80,2.00
SWE1,03/07/2023,Elfsborg,Hammarby,2,0,H,1.80,2.00,1.80,2.00
SWE1,03/07/2023,Mjallby,Kalmar,1,1,D,1.80,2.00,1.80,2.00
SWE1,08/07/2023,AIK,Hacken,1,2,A,1.80,2.00,1.80,2.00
SWE1,08/07/2023,Varnamo,Djurgarden,1,2,A,1.80,2.00,1.80,2.00
SWE1,08/07/2023,Brommapojkarna,Degerfors,1,2,A,1.80,2.00,1.80,2.00
SWE1,09/07/2023,Malmo FF,Mjallby,1,2,A,1.80,2.00,1.80,2.00
SWE1,09/07/2023,Sirius,Hammarby,1,2,A,1.80,2.00,1.80,2.00
SWE1,09/07/2023,Kalmar,Elfsborg,0,4,A,1.80,2.00,1.80,2.00
SWE1,10/07/2023,Goteborg,Varberg,1,2,A,1.80,2.00,1.80,2.00
SWE1,10/07/2023,Norrkoping,Halmstad,1,2,A,1.80,2.00,1.80,2.00
SWE1,15/07/2023,Halmstad,Varnamo,2,2,D,1.80,2.00,1.80,2.00
SWE1,15/07/2023,Degerfors,Sirius,0,3,A,1.80,2.00,1.80,2.00
SWE1,15/07/2023,Hacken,Brommapojkarna,4,2,H,1.80,2.00,1.80,2.00
SWE1,16/07/2023,Elfsborg,Goteborg,1,1,D,1.80,2.00,1.80,2.00
SWE1,16/07/2023,Hammarby,Kalmar,3,1,H,1.80,2.00,1.80,2.00
SWE1,16/07/2023,Mjallby,Norrkoping,1,2,A,1.80,2.00,1.80,2.00
SWE1,17/07/2023,Djurgarden,Malmo FF,2,0,H,1.80,2.00,1.80,2.00
SWE1,17/07/2023,Varberg,AIK,1,2,A,1.80,2.00,1.80,2.00
SWE1,21/07/2023,Brommapojkarna,Hammarby,1,0,H,1.80,2.00,1.80,2.00
SWE1,22/07/2023,Djurgarden,Elfsborg,0,4,A,1.80,2.00,1.80,2.00
SWE1,22/07/2023,Varnamo,Hacken,1,0,H,1.80,2.00,1.80,2.00
SWE1,23/07/2023,AIK,Malmo FF,0,0,D,1.80,2.00,1.80,2.00
SWE1,23/07/2023,Norrkoping,Degerfors,1,0,H,1.80,2.00,1.80,2.00
SWE1,23/07/2023,Goteborg,Halmstad,0,0,D,1.80,2.00,1.80,2.00
SWE1,23/07/2023,Kalmar,Varberg,1,0,H,1.80,2.00,1.80,2.00
SWE1,24/07/2023,Sirius,Mjallby,2,3,A,1.80,2.00,1.80,2.00
SWE1,29/07/2023,Hacken,Elfsborg,3,1,H,1.80,2.00,1.80,2.00
SWE1,29/07/2023,Degerfors,Brommapojkarna,2,0,H,1.80,2.00,1.80,2.00
SWE1,29/07/2023,Halmstad,Varberg,0,5,A,1.80,2.00,1.80,2.00
SWE1,30/07/2023,Hammarby,Norrkoping,2,1,H,1.80,2.00,1.80,2.00
SWE1,30/07/2023,Mjallby,Djurgarden,0,1,A,1.80,2.00,1.80,2.00
SWE1,30/07/2023,Goteborg,Kalmar,2,0,H,1.80,2.00,1.80,2.00
SWE1,31/07/2023,Malmo FF,Varnamo,3,1,H,1.80,2.00,1.80,2.00
SWE1,31/07/2023,Sirius,AIK,0,1,A,1.80,2.00,1.80,2.00
SWE1,05/08/2023,Brommapojkarna,Varnamo,0,2,A,1.80,2.00,1.80,2.00
SWE1,06/08/2023,Elfsborg,Sirius,1,0,H,1.80,2.00,1.80,2.00
SWE1,06/08/2023,Kalmar,AIK,1,1,D,1.80,2.00,1.80,2.00
SWE1,07/08/2023,Malmo FF,Halmstad,3,0,H,1.80,2.00,1.80,2.00
SWE1,07/08/2023,Norrkoping,Goteborg,3,0,H,1.80,2.00,1.80,2.00
SWE1,07/08/2023,Varberg,Mjallby,0,3,A,1.80,2.00,1.80,2.00
SWE1,12/08/2023,AIK,Brommapojkarna,2,2,D,1.80,2.00,1.80,2.00
SWE1,13/08/2023,Goteborg,Djurgarden,2,1,H,1.80,2.00,1.80,2.00
SWE1,13/08/2023,Sirius,Kalmar,3,0,H,1.80,2.00,1.80,2.00
SWE1,13/08/2023,Hacken,Varberg,2,0,H,1.80,2.00,1.80,2.00
SWE1,13/08/2023,Halmstad,Norrkoping,1,3,A,1.80,2.00,1.80,2.00
SWE1,13/08/2023,Hammarby,Elfsborg,1,0,H,1.80,2.00,1.80,2.00
SWE1,14/08/2023,Mjallby,Malmo FF,1,0,H,1.80,2.00,1.80,2.00
SWE1,14/08/2023,Varnamo,Degerfors,0,1,A,1.80,2.00,1.80,2.00
SWE1,19/08/2023,Brommapojkarna,Halmstad,3,1,H,1.80,2.00,1.80,2.00
SWE1,19/08/2023,Degerfors,Goteborg,1,2,A,1.80,2.00,1.80,2.00
SWE1,19/08/2023,Varberg,Varnamo,0,3,A,1.80,2.00,1.80,2.00
SWE1,20/08/2023,Hacken,Sirius,3,2,H,1.80,2.00,1.80,2.00
SWE1,20/08/2023,Malmo FF,Djurgarden,0,0,D,1.80,2.00,1.80,2.00
SWE1,20/08/2023,Elfsborg,Mjallby,2,0,H,1.80,2.00,1.80,2.00
SWE1,20/08/2023,Kalmar,Hammarby,0,0,D,1.80,2.00,1.80,2.00
SWE1,21/08/2023,Norrkoping,AIK,3,1,H,1.80,2.00,1.80,2.00
SWE1,27/08/2023,Brommapojkarna,Kalmar,2,3,A,1.80,2.00,1.80,2.00
SWE1,27/08/2023,Mjallby,Hammarby,0,3,A,1.80,2.00,1.80,2.00
SWE1,27/08/2023,Varnamo,Halmstad,0,0,D,1.80,2.00,1.80,2.00
SWE1,27/08/2023,Djurgarden,Degerfors,4,1,H,1.80,2.00,1.80,2.00
SWE1,27/08/2023,Goteborg,Hacken,4,2,H,1.80,2.00,1.80,2.00
SWE1,28/08/2023,AIK,Varberg,3,0,H,1.80,2.00,1.80,2.00
SWE1,28/08/2023,Elfsborg,Norrkoping,3,2,H,1.80,2.00,1.80,2.00
SWE1,28/08/2023,Sirius,Malmo FF,1,3,A,1.80,2.00,1.80,2.00
SWE1,02/09/2023,Halmstad,Sirius,2,1,H,1.80,2.00,1.80,2.00
SWE1,02/09/2023,Varnamo,Elfsborg,1,0,H,1.80,2.00,1.80,2.00
SWE1,03/09/2023,Degerfors,Hacken,1,0,H,1.80,2.00,1.80,2.00
SWE1,03/09/2023,Hammarby,AIK,4,2,H,1.80,2.00,1.80,2.00
SWE1,03/09/2023,Kalmar,Mjallby,0,2,A,1.80,2.00,1.80,2.00
SWE1,03/09/2023,Malmo FF,Goteborg,2,2,D,1.80,2.00,1.80,2.00
SWE1,03/09/2023,Norrkoping,Djurgarden,0,2,A,1.80,2.00,1.80,2.00
SWE1,03/09/2023,Varberg,Brommapojkarna,4,3,H,1.80,2.00,1.80,2.00
SWE1,16/09/2023,Goteborg,Brommapojkarna,1,0,H,1.80,2.00,1.80,2.00
SWE1,16/09/2023,Sirius,Varberg,7,0,H,1.80,2.00,1.80,2.00
SWE1,16/09/2023,Djurgarden,Varnamo,1,2,A,1.80,2.00,1.80,2.00
SWE1,17/09/2023,Hammarby,Malmo FF,1,3,A,1.80,2.00,1.80,2.00
SWE1,17/09/2023,Elfsborg,Kalmar,0,3,A,1.80,2.00,1.80,2.00
SWE1,17/09/2023,Hacken,Halmstad,3,2,H,1.80,2.00,1.80,2.00
SWE1,18/09/2023,Norrkoping,Mjallby,0,2,A,1.80,2.00,1.80,2.00
SWE1,18/09/2023,AIK,Degerfors,2,0,H,1.80,2.00,1.80,2.00
SWE1,23/09/2023,Degerfors,Malmo FF,1,2,A,1.80,2.00,1.80,2.00
SWE1,23/09/2023,Brommapojkarna,Norrkoping,2,2,D,1.80,2.00,1.80,2.00
SWE1,24/09/2023,AIK,Djurgarden,2,0,H,1.80,2.00,1.80,2.00
SWE1,24/09/2023,Mjallby,Goteborg,0,1,A,1.80,2.00,1.80,2.00
SWE1,24/09/2023,Kalmar,Hacken,1,0,H,1.80,2.00,1.80,2.00
SWE1,24/09/2023,Varberg,Hammarby,0,1,A,1.80,2.00,1.80,2.00
SWE1,25/09/2023,Halmstad,Elfsborg,0,1,A,1.80,2.00,1.80,2.00
SWE1,25/09/2023,Varnamo,Sirius,0,1,A,1.80,2.00,1.80,2.00
SWE1,30/09/2023,Djurgarden,Halmstad,1,0,H,1.80,2.00,1.80,2.00
SWE1,30/09/2023,Norrkoping,Kalmar,1,0,H,1.80,2.00,1.80,2.00
SWE1,01/10/2023,Hacken,AIK,2,0,H,1.80,2.00,1.80,2.00
SWE1,01/10/2023,Sirius,Degerfors,3,2,H,1.80,2.00,1.80,2.00
SWE1,01/10/2023,Hammarby,Goteborg,1,1,D,1.80,2.00,1.80,2.00
SWE1,01/10/2023,Mjallby,Varnamo,2,3,A,1.80,2.00,1.80,2.00
SWE1,02/10/2023,Elfsborg,Varberg,2,1,H,1.80,2.00,1.80,2.00
SWE1,02/10/2023,Malmo FF,Brommapojkarna,2,1,H,1.80,2.00,1.80,2.00
SWE1,07/10/2023,AIK,Mjallby,1,0,H,1.80,2.00,1.80,2.00
SWE1,07/10/2023,Halmstad,Degerfors,0,0,D,1.80,2.00,1.80,2.00
SWE1,07/10/2023,Goteborg,Sirius,0,1,A,1.80,2.00,1.80,2.00
SWE1,08/10/2023,Brommapojkarna,Elfsborg,0,3,A,1.80,2.00,1.80,2.00
SWE1,08/10/2023,Kalmar,Malmo FF,1,0,H,1.80,2.00,1.80,2.00
SWE1,08/10/2023,Varnamo,Norrkoping,2,1,H,1.80,2.00,1.80,2.00
SWE1,08/10/2023,Hammarby,Hacken,2,2,D,1.80,2.00,1.80,2.00
SWE1,08/10/2023,Varberg,Djurgarden,0,1,A,1.80,2.00,1.80,2.00
SWE1,21/10/2023,Degerfors,Kalmar,1,3,A,1.80,2.00,1.80,2.00
SWE1,21/10/2023,Sirius,Brommapojkarna,3,2,H,1.80,2.00,1.80,2.00
SWE1,22/10/2023,Djurgarden,Hammarby,0,0,D,1.80,2.00,1.80,2.00
SWE1,22/10/2023,Halmstad,Mjallby,1,1,D,1.80,2.00,1.80,2.00
SWE1,22/10/2023,Hacken,Norrkoping,4,1,H,1.80,2.00,1.80,2.00
SWE1,22/10/2023,Malmo FF,Varberg,5,0,H,1.80,2.00,1.80,2.00
SWE1,23/10/2023,Varnamo,Goteborg,3,1,H,1.80,2.00,1.80,2.00
SWE1,23/10/2023,Elfsborg,AIK,3,0,H,1.80,2.00,1.80,2.00
SWE1,28/10/2023,Brommapojkarna,Djurgarden,1,2,A,1.80,2.00,1.80,2.00
SWE1,28/10/2023,Varberg,Degerfors,1,1,D,1.80,2.00,1.80,2.00
SWE1,29/10/2023,Kalmar,Varnamo,1,3,A,1.80,2.00,1.80,2.00
SWE1,29/10/2023,Mjallby,Hacken,2,1,H,1.80,2.00,1.80,2.00
SWE1,29/10/2023,Norrkoping,Malmo FF,0,1,A,1.80,2.00,1.80,2.00
SWE1,29/10/2023,AIK,Halmstad,1,1,D,1.80,2.00,1.80,2.00
SWE1,30/10/2023,Hammarby,Sirius,2,2,D,1.80,2.00,1.80,2.00
SWE1,30/10/2023,Goteborg,Elfsborg,1,2,A,1.80,2.00,1.80,2.00
SWE1,04/11/2023,Varnamo,Hammarby,0,0,D,1.80,2.00,1.80,2.00
SWE1,04/11/2023,Djurgarden,Sirius,2,4,A,1.80,2.00,1.80,2.00
SWE1,05/11/2023,Hacken,Malmo FF,4,2,H,1.80,2.00,1.80,2.00
SWE1,05/11/2023,Halmstad,Kalmar,3,0,H,1.80,2.00,1.80,2.00
SWE1,05/11/2023,Elfsborg,Degerfors,2,2,D,1.80,2.00,1.80,2.00
SWE1,05/11/2023,Mjallby,Brommapojkarna,1,2,A,1.80,2.00,1.80,2.00
SWE1,06/11/2023,Norrkoping,Varberg,4,3,H,1.80,2.00,1.80,2.00
SWE1,06/11/2023,Goteborg,AIK,1,1,D,1.80,2.00,1.80,2.00
SWE1,12/11/2023,AIK,Varnamo,3,1,H,1.80,2.00,1.80,2.00
SWE1,12/11/2023,Brommapojkarna,Hacken,2,1,H,1.80,2.00,1.80,2.00
SWE1,12/11/2023,Degerfors,Mjallby,1,2,A,1.80,2.00,1.80,2.00
SWE1,12/11/2023,Hammarby,Halmstad,2,2,D,1.80,2.00,1.80,2.00
SWE1,12/11/2023,Kalmar,Djurgarden,2,1,H,1.80,2.00,1.80,2.00
SWE1,12/11/2023,Malmo FF,Elfsborg,1,0,H,1.80,2.00,1.80,2.00
SWE1,12/11/2023,Sirius,Norrkoping,2,0,H,1.80,2.00,1.80,2.00
SWE1,12/11/2023,Varberg,Goteborg,1,2,A,1.80,2.00,1.80,2.00
SWE1,30/03/2024,Norrkoping,Malmo FF,1,5,A,1.80,2.00,1.80,2.00
SWE1,31/03/2024,GAIS,Brommapojkarna,0,4,A,1.80,2.00,1.80,2.00
SWE1,31/03/2024,Hammarby,Kalmar,3,1,H,1.80,2.00,1.80,2.00
SWE1,31/03/2024,Hacken,Mjallby,0,1,A,1.80,2.00,1.80,2.00
SWE1,01/04/2024,Goteborg,Djurgarden,1,4,A,1.80,2.00,1.80,2.00
SWE1,01/04/2024,Sirius,Halmstad,3,0,H,1.80,2.00,1.80,2.00
SWE1,01/04/2024,AIK,Vasteras SK,1,0,H,1.80,2.00,1.80,2.00
SWE1,01/04/2024,Elfsborg,Varnamo,2,2,D,1.80,2.00,1.80,2.00
SWE1,06/04/2024,Brommapojkarna,AIK,2,2,D,1.80,2.00,1.80,2.00
SWE1,06/04/2024,Mjallby,Norrkoping,3,0,H,1.80,2.00,1.80,2.00
SWE1,07/04/2024,Halmstad,Goteborg,1,0,H,1.80,2.00,1.80,2.00
SWE1,07/04/2024,Malmo FF,Hammarby,2,0,H,1.80,2.00,1.80,2.00
SWE1,07/04/2024,Vasteras SK,Elfsborg,0,1,A,1.80,2.00,1.80,2.00
SWE1,08/04/2024,Kalmar,Sirius,1,2,A,1.80,2.00,1.80,2.00
SWE1,08/04/2024,Varnamo,GAIS,1,2,A,1.80,2.00,1.80,2.00
SWE1,08/04/2024,Djurgarden,Hacken,3,3,D,1.80,2.00,1.80,2.00
SWE1,13/04/2024,Mjallby,AIK,1,1,D,1.80,2.00,1.80,2.00
SWE1,13/04/2024,Vasteras SK,Halmstad,0,1,A,1.80,2.00,1.80,2.00
SWE1,14/04/2024,Kalmar,Goteborg,0,1,A,1.80,2.00,1.80,2.00
SWE1,14/04/2024,Norrkoping,GAIS,1,0,H,1.80,2.00,1.80,2.00
SWE1,14/04/2024,Djurgarden,Sirius,2,0,H,1.80,2.00,1.80,2.00
SWE1,15/04/2024,Hacken,Brommapojkarna,4,3,H,1.80,2.00,1.80,2.00
SWE1,15/04/2024,Varnamo,Malmo FF,0,4,A,1.80,2.00,1.80,2.00
SWE1,15/04/2024,Hammarby,Elfsborg,3,0,H,1.80,2.00,1.80,2.00
SWE1,20/04/2024,Goteborg,Norrkoping,1,1,D,1.80,2.00,1.80,2.00
SWE1,20/04/2024,Sirius,Varnamo,0,1,A,1.80,2.00,1.80,2.00
SWE1,20/04/2024,Malmo FF,Vasteras SK,1,0,H,1.80,2.00,1.80,2.00
SWE1,21/04/2024,AIK,Djurgarden,2,0,H,1.80,2.00,1.80,2.00
SWE1,21/04/2024,GAIS,Mjallby,2,1,H,1.80,2.00,1.80,2.00
SWE1,21/04/2024,Hacken,Hammarby,2,1,H,1.80,2.00,1.80,2.00
SWE1,21/04/2024,Halmstad,Brommapojkarna,0,2,A,1.80,2.00,1.80,2.00
SWE1,22/04/2024,Elfsborg,Kalmar,1,2,A,1.80,2.00,1.80,2.00
SWE1,24/04/2024,AIK,Varnamo,2,0,H,1.80,2.00,1.80,2.00
SWE1,24/04/2024,Brommapojkarna,Sirius,1,1,D,1.80,2.00,1.80,2.00
SWE1,24/04/2024,Goteborg,Hacken,0,1,A,1.80,2.00,1.80,2.00
SWE1,25/04/2024,Djurgarden,Malmo FF,0,1,A,1.80,2.00,1.80,2.00
SWE1,25/04/2024,Halmstad,Hammarby,2,1,H,1.80,2.00,1.80,2.00
SWE1,25/04/2024,Kalmar,GAIS,2,3,A,1.80,2.00,1.80,2.00
SWE1,25/04/2024,Norrkoping,Elfsborg,4,2,H,1.80,2.00,1.80,2.00
SWE1,25/04/2024,Vasteras SK,Mjallby,2,1,H,1.80,2.00,1.80,2.00
SWE1,28/04/2024,Malmo FF,AIK,5,0,H,1.80,2.00,1.80,2.00
SWE1,28/04/2024,Varnamo,Halmstad,1,3,A,1.80,2.00,1.80,2.00
SWE1,28/04/2024,Djurgarden,GAIS,1,0,H,1.80,2.00,1.80,2.00
SWE1,28/04/2024,Hacken,Norrkoping,1,2,A,1.80,2.00,1.80,2.00
SWE1,29/04/2024,Brommapojkarna,Goteborg,0,3,A,1.80,2.00,1.80,2.00
SWE1,29/04/2024,Elfsborg,Sirius,2,0,H,1.80,2.00,1.80,2.00
SWE1,29/04/2024,Mjallby,Kalmar,3,2,H,1.80,2.00,1.80,2.00
SWE1,29/04/2024,Hammarby,Vasteras SK,2,1,H,1.80,2.00,1.80,2.00
SWE1,04/05/2024,Kalmar,Halmstad,5,2,H,1.80,2.00,1.80,2.00
SWE1,04/05/2024,Mjallby,Brommapojkarna,1,1,D,1.80,2.00,1.80,2.00
SWE1,04/05/2024,Sirius,Hacken,0,3,A,1.80,2.00,1.80,2.00
SWE1,05/05/2024,Elfsborg,Malmo FF,3,1,H,1.80,2.00,1.80,2.00
SWE1,05/05/2024,Vasteras SK,Djurgarden,0,2,A,1.80,2.00,1.80,2.00
SWE1,05/05/2024,AIK,Norrkoping,6,2,H,1.80,2.00,1.80,2.00
SWE1,05/05/2024,Hammarby,Varnamo,1,2,A,1.80,2.00,1.80,2.00
SWE1,06/05/2024,GAIS,Goteborg,2,1,H,1.80,2.00,1.80,2.00
SWE1,11/05/2024,AIK,Sirius,1,3,A,1.80,2.00,1.80,2.00
SWE1,11/05/2024,Halmstad,Mjallby,1,3,A,1.80,2.00,1.80,2.00
SWE1,11/05/2024,GAIS,Vasteras SK,2,0,H,1.80,2.00,1.80,2.00
SWE1,12/05/2024,Hacken,Kalmar,3,1,H,1.80,2.00,1.80,2.00
SWE1,12/05/2024,Norrkoping,Hammarby,1,2,A,1.80,2.00,1.80,2.00
SWE1,12/05/2024,Djurgarden,Elfsborg,2,0,H,1.80,2.00,1.80,2.00
SWE1,12/05/2024,Varnamo,Brommapojkarna,1,1,D,1.80,2.00,1.80,2.00
SWE1,13/05/2024,Goteborg,Malmo FF,0,3,A,1.80,2.00,1.80,2.00
SWE1,15/05/2024,Elfsborg,AIK,6,1,H,1.80,2.00,1.80,2.00
SWE1,15/05/2024,Halmstad,Hacken,3,0,H,1.80,2.00,1.80,2.00
SWE1,15/05/2024,Mjallby,Hammarby,3,0,H,1.80,2.00,1.80,2.00
SWE1,15/05/2024,Vasteras SK,Varnamo,0,2,A,1.80,2.00,1.80,2.00
SWE1,16/05/2024,Brommapojkarna,Djurgarden,0,5,A,1.80,2.00,1.80,2.00
SWE1,16/05/2024,Kalmar,Norrkoping,1,1,D,1.80,2.00,1.80,2.00
SWE1,16/05/2024,Malmo FF,GAIS,1,0,H,1.80,2.00,1.80,2.00
SWE1,16/05/2024,Sirius,Goteborg,2,2,D,1.80,2.00,1.80,2.00
SWE1,19/05/2024,Brommapojkarna,Norrkoping,2,1,H,1.80,2.00,1.80,2.00
SWE1,19/05/2024,Hammarby,AIK,2,1,H,1.80,2.00,1.80,2.00
SWE1,19/05/2024,GAIS,Elfsborg,2,1,H,1.80,2.00,1.80,2.00
SWE1,19/05/2024,Varnamo,Kalmar,0,2,A,1.80,2.00,1.80,2.00
SWE1,20/05/2024,Djurgarden,Halmstad,2,0,H,1.80,2.00,1.80,2.00
SWE1,20/05/2024,Sirius,Vasteras SK,0,0,D,1.80,2.00,1.80,2.00
SWE1,20/05/2024,Hacken,Malmo FF,2,2,D,1.80,2.00,1.80,2.00
SWE1,21/05/2024,Goteborg,Mjallby,1,0,H,1.80,2.00,1.80,2.00
SWE1,24/05/2024,Elfsborg,Halmstad,2,0,H,1.80,2.00,1.80,2.00
SWE1,24/05/2024,Malmo FF,Kalmar,5,0,H,1.80,2.00,1.80,2.00
SWE1,25/05/2024,GAIS,Hacken,3,0,H,1.80,2.00,1.80,2.00
SWE1,25/05/2024,Mjallby,Djurgarden,1,3,A,1.80,2.00,1.80,2.00
SWE1,26/05/2024,Hammarby,Sirius,3,0,H,1.80,2.00,1.80,2.00
SWE1,26/05/2024,Vasteras SK,Brommapojkarna,1,1,D,1.80,2.00,1.80,2.00
SWE1,27/05/2024,Norrkoping,Varnamo,0,4,A,1.80,2.00,1.80,2.00
SWE1,27/05/2024,AIK,Goteborg,5,2,H,1.80,2.00,1.80,2.00
SWE1,28/05/2024,Malmo FF,Elfsborg,2,1,H,1.80,2.00,1.80,2.00
SWE1,29/05/2024,Mjallby,Hacken,2,1,H,1.80,2.00,1.80,2.00
SWE1,01/06/2024,Brommapojkarna,Malmo FF,2,2,D,1.80,2.00,1.80,2.00
SWE1,01/06/2024,Goteborg,Elfsborg,1,0,H,1.80,2.00,1.80,2.00
SWE1,01/06/2024,Halmstad,GAIS,4,0,H,1.80,2.00,1.80,2.00
SWE1,01/06/2024,Sirius,Norrkoping,5,1,H,1.80,2.00,1.80,2.00
SWE1,02/06/2024,Djurgarden,Hammarby,0,3,A,1.80,2.00,1.80,2.00
SWE1,02/06/2024,Kalmar,Vasteras SK,0,4,A,1.80,2.00,1.80,2.00
SWE1,02/06/2024,Hacken,AIK,4,1,H,1.80,2.00,1.80,2.00
SWE1,02/06/2024,Varnamo,Mjallby,1,2,A,1.80,2.00,1.80,2.00
SWE1,06/07/2024,Elfsborg,Brommapojkarna,3,0,H,1.80,2.00,1.80,2.00
SWE1,06/07/2024,Mjallby,Sirius,3,2,H,1.80,2.00,1.80,2.00
SWE1,07/07/2024,AIK,Kalmar,1,2,A,1.80,2.00,1.80,2.00
SWE1,07/07/2024,Varnamo,Goteborg,2,0,H,1.80,2.00,1.80,2.00
SWE1,07/07/2024,GAIS,Hammarby,0,0,D,1.80,2.00,1.80,2.00
SWE1,07/07/2024,Malmo FF,Halmstad,5,1,H,1.80,2.00,1.80,2.00
SWE1,08/07/2024,Norrkoping,Djurgarden,1,3,A,1.80,2.00,1.80,2.00
SWE1,08/07/2024,Vasteras SK,Hacken,1,2,A,1.80,2.00,1.80,2.00
SWE1,13/07/2024,Mjallby,Malmo FF,2,1,H,1.80,2.00,1.80,2.00
SWE1,13/07/2024,Sirius,GAIS,3,1,H,1.80,2.00,1.80,2.00
SWE1,14/07/2024,Djurgarden,Varnamo,1,0,H,1.80,2.00,1.80,2.00
SWE1,14/07/2024,Hacken,Elfsborg,3,5,A,1.80,2.00,1.80,2.00
SWE1,14/07/2024,Kalmar,Brommapojkarna,0,1,A,1.80,2.00,1.80,2.00
SWE1,14/07/2024,Vasteras SK,Norrkoping,2,1,H,1.80,2.00,1.80,2.00
SWE1,15/07/2024,Halmstad,AIK,1,2,A,1.80,2.00,1.80,2.00
SWE1,15/07/2024,Hammarby,Goteborg,0,1,A,1.80,2.00,1.80,2.00
SWE1,19/07/2024,Sirius,Malmo FF,3,4,A,1.80,2.00,1.80,2.00
SWE1,20/07/2024,Kalmar,Djurgarden,2,1,H,1.80,2.00,1.80,2.00
SWE1,20/07/2024,Varnamo,Hacken,2,2,D,1.80,2.00,1.80,2.00
SWE1,20/07/2024,Brommapojkarna,Hammarby,0,2,A,1.80,2.00,1.80,2.00
SWE1,21/07/2024,Norrkoping,Halmstad,1,0,H,1.80,2.00,1.80,2.00
SWE1,21/07/2024,Elfsborg,Mjallby,3,1,H,1.80,2.00,1.80,2.00
SWE1,21/07/2024,Goteborg,Vasteras SK,1,1,D,1.80,2.00,1.80,2.00
SWE1,22/07/2024,GAIS,AIK,2,0,H,1.80,2.00,1.80,2.00
SWE1,27/07/2024,Norrkoping,Kalmar,2,0,H,1.80,2.00,1.80,2.00
SWE1,27/07/2024,Goteborg,Brommapojkarna,3,4,A,1.80,2.00,1.80,2.00
SWE1,27/07/2024,Malmo FF,Sirius,0,1,A,1.80,2.00,1.80,2.00
SWE1,27/07/2024,Halmstad,Varnamo,1,0,H,1.80,2.00,1.80,2.00
SWE1,28/07/2024,Elfsborg,Djurgarden,1,2,A,1.80,2.00,1.80,2.00
SWE1,28/07/2024,Hacken,Vasteras SK,4,0,H,1.80,2.00,1.80,2.00
SWE1,28/07/2024,Hammarby,Mjallby,3,0,H,1.80,2.00,1.80,2.00
SWE1,29/07/2024,AIK,GAIS,0,1,A,1.80,2.00,1.80,2.00
SWE1,03/08/2024,GAIS,Norrkoping,0,1,A,1.80,2.00,1.80,2.00
SWE1,03/08/2024,Vasteras SK,AIK,1,2,A,1.80,2.00,1.80,2.00
SWE1,03/08/2024,Brommapojkarna,Halmstad,4,1,H,1.80,2.00,1.80,2.00
SWE1,04/08/2024,Djurgarden,Goteborg,1,1,D,1.80,2.00,1.80,2.00
SWE1,04/08/2024,Varnamo,Sirius,2,4,A,1.80,2.00,1.80,2.00
SWE1,04/08/2024,Kalmar,Hammarby,1,4,A,1.80,2.00,1.80,2.00
SWE1,10/08/2024,Halmstad,Malmo FF,0,1,A,1.80,2.00,1.80,2.00
SWE1,10/08/2024,Norrkoping,Vasteras SK,2,1,H,1.80,2.00,1.80,2.00
SWE1,10/08/2024,Goteborg,Varnamo,0,0,D,1.80,2.00,1.80,2.00
SWE1,11/08/2024,AIK,Mjallby,1,0,H,1.80,2.00,1.80,2.00
SWE1,11/08/2024,Elfsborg,GAIS,2,1,H,1.80,2.00,1.80,2.00
SWE1,11/08/2024,Sirius,Kalmar,3,1,H,1.80,2.00,1.80,2.00
SWE1,12/08/2024,Hammarby,Brommapojkarna,3,3,D,1.80,2.00,1.80,2.00
SWE1,17/08/2024,Goteborg,Sirius,1,1,D,1.80,2.00,1.80,2.00
SWE1,17/08/2024,Malmo FF,Norrkoping,2,1,H,1.80,2.00,1.80,2.00
SWE1,17/08/2024,Varnamo,Hammarby,0,3,A,1.80,2.00,1.80,2.00
SWE1,17/08/2024,Vasteras SK,Kalmar,2,1,H,1.80,2.00,1.80,2.00
SWE1,18/08/2024,Brommapojkarna,Hacken,1,3,A,1.80,2.00,1.80,2.00
SWE1,18/08/2024,Djurgarden,AIK,0,2,A,1.80,2.00,1.80,2.00
SWE1,18/08/2024,Mjallby,Elfsborg,1,1,D,1.80,2.00,1.80,2.00
SWE1,18/08/2024,GAIS,Halmstad,3,1,H,1.80,2.00,1.80,2.00
SWE1,24/08/2024,Kalmar,Malmo FF,2,2,D,1.80,2.00,1.80,2.00
SWE1,25/08/2024,Elfsborg,Goteborg,3,1,H,1.80,2.00,1.80,2.00
SWE1,25/08/2024,Sirius,Djurgarden,0,1,A,1.80,2.00,1.80,2.00
SWE1,25/08/2024,AIK,Brommapojkarna,2,1,H,1.80,2.00,1.80,2.00
SWE1,25/08/2024,Hacken,Varnamo,1,1,D,1.80,2.00,1.80,2.00
SWE1,26/08/2024,Halmstad,Vasteras SK,0,1,A,1.80,2.00,1.80,2.00
SWE1,26/08/2024,Hammarby,GAIS,0,0,D,1.80,2.00,1.80,2.00
SWE1,26/08/2024,Norrkoping,Mjallby,1,2,A,1.80,2.00,1.80,2.00
SWE1,31/08/2024,GAIS,Kalmar,1,1,D,1.80,2.00,1.80,2.00
SWE1,31/08/2024,Varnamo,AIK,0,1,A,1.80,2.00,1.80,2.00
SWE1,31/08/2024,Mjallby,Halmstad,3,1,H,1.80,2.00,1.80,2.00
SWE1,31/08/2024,Vasteras SK,Sirius,1,2,A,1.80,2.00,1.80,2.00
SWE1,01/09/2024,Brommapojkarna,Elfsborg,3,3,D,1.80,2.00,1.80,2.00
SWE1,01/09/2024,Malmo FF,Djurgarden,4,0,H,1.80,2.00,1.80,2.00
SWE1,01/09/2024,Goteborg,Hammarby,0,1,A,1.80,2.00,1.80,2.00
SWE1,01/09/2024,Norrkoping,Hacken,3,3,D,1.80,2.00,1.80,2.00
SWE1,14/09/2024,Vasteras SK,GAIS,2,3,A,1.80,2.00,1.80,2.00
SWE1,15/09/2024,AIK,Malmo FF,0,0,D,1.80,2.00,1.80,2.00
SWE1,15/09/2024,Djurgarden,Mjallby,1,1,D,1.80,2.00,1.80,2.00
SWE1,15/09/2024,Sirius,Brommapojkarna,3,2,H,1.80,2.00,1.80,2.00
SWE1,15/09/2024,Hacken,Goteborg,3,3,D,1.80,2.00,1.80,2.00
SWE1,15/09/2024,Halmstad,Elfsborg,0,1,A,1.80,2.00,1.80,2.00
SWE1,15/09/2024,Kalmar,Varnamo,3,1,H,1.80,2.00,1.80,2.00
SWE1,16/09/2024,Hammarby,Norrkoping,1,1,D,1.80,2.00,1.80,2.00
SWE1,18/09/2024,GAIS,Malmo FF,0,0,D,1.80,2.00,1.80,2.00
SWE1,19/09/2024,Elfsborg,Norrkoping,2,2,D,1.80,2.00,1.80,2.00
SWE1,19/09/2024,Hacken,Djurgarden,1,2,A,1.80,2.00,1.80,2.00
SWE1,21/09/2024,Kalmar,AIK,0,1,A,1.80,2.00,1.80,2.00
SWE1,21/09/2024,Brommapojkarna,Mjallby,0,0,D,1.80,2.00,1.80,2.00
SWE1,22/09/2024,Elfsborg,Hammarby,0,0,D,1.80,2.00,1.80,2.00
SWE1,22/09/2024,GAIS,Djurgarden,3,0,H,1.80,2.00,1.80,2.00
SWE1,22/09/2024,Varnamo,Vasteras SK,2,0,H,1.80,2.00,1.80,2.00
SWE1,22/09/2024,Malmo FF,Hacken,4,0,H,1.80,2.00,1.80,2.00
SWE1,23/09/2024,Goteborg,Halmstad,1,1,D,1.80,2.00,1.80,2.00
SWE1,25/09/2024,Djurgarden,Brommapojkarna,2,1,H,1.80,2.00,1.80,2.00
SWE1,25/09/2024,Mjallby,Varnamo,1,1,D,1.80,2.00,1.80,2.00
SWE1,25/09/2024,Sirius,AIK,0,1,A,1.80,2.00,1.80,2.00
SWE1,26/09/2024,Halmstad,Kalmar,2,2,D,1.80,2.00,1.80,2.00
SWE1,26/09/2024,Hammarby,Hacken,2,0,H,1.80,2.00,1.80,2.00
SWE1,26/09/2024,Vasteras SK,Goteborg,1,1,D,1.80,2.00,1.80,2.00
SWE1,29/09/2024,AIK,Hammarby,1,0,H,1.80,2.00,1.80,2.00
SWE1,29/09/2024,Halmstad,Norrkoping,0,0,D,1.80,2.00,1.80,2.00
SWE1,29/09/2024,Varnamo,Djurgarden,1,1,D,1.80,2.00,1.80,2.00
SWE1,29/09/2024,Hacken,Sirius,2,0,H,1.80,2.00,1.80,2.00
SWE1,29/09/2024,Kalmar,Elfsborg,1,3,A,1.80,2.00,1.80,2.00
SWE1,29/09/2024,Malmo FF,Mjallby,2,0,H,1.80,2.00,1.80,2.00
SWE1,30/09/2024,Brommapojkarna,Vasteras SK,2,1,H,1.80,2.00,1.80,2.00
SWE1,30/09/2024,Goteborg,GAIS,2,0,H,1.80,2.00,1.80,2.00
SWE1,03/10/2024,Norrkoping,Sirius,0,2,A,1.80,2.00,1.80,2.00
SWE1,05/10/2024,Hammarby,Halmstad,1,0,H,1.80,2.00,1.80,2.00
SWE1,05/10/2024,Mjallby,Vasteras SK,2,1,H,1.80,2.00,1.80,2.00
SWE1,05/10/2024,Brommapojkarna,GAIS,2,0,H,1.80,2.00,1.80,2.00
SWE1,06/10/2024,AIK,Hacken,0,2,A,1.80,2.00,1.80,2.00
SWE1,06/10/2024,Djurgarden,Kalmar,1,1,D,1.80,2.00,1.80,2.00
SWE1,06/10/2024,Malmo FF,Varnamo,1,1,D,1.80,2.00,1.80,2.00
SWE1,06/10/2024,Norrkoping,Goteborg,0,2,A,1.80,2.00,1.80,2.00
SWE1,06/10/2024,Sirius,Elfsborg,4,1,H,1.80,2.00,1.80,2.00
SWE1,19/10/2024,Elfsborg,Hacken,1,3,A,1.80,2.00,1.80,2.00
SWE1,19/10/2024,Vasteras SK,Malmo FF,1,1,D,1.80,2.00,1.80,2.00
SWE1,19/10/2024,Halmstad,Sirius,3,1,H,1.80,2.00,1.80,2.00
SWE1,20/10/2024,Kalmar,Mjallby,0,3,A,1.80,2.00,1.80,2.00
SWE1,20/10/2024,GAIS,Varnamo,0,0,D,1.80,2.00,1.80,2.00
SWE1,21/10/2024,Hammarby,Djurgarden,2,0,H,1.80,2.00,1.80,2.00
SWE1,21/10/2024,Norrkoping,Brommapojkarna,1,1,D,1.80,2.00,1.80,2.00
SWE1,21/10/2024,Goteborg,AIK,1,2,A,1.80,2.00,1.80,2.00
SWE1,26/10/2024,Mjallby,GAIS,1,1,D,1.80,2.00,1.80,2.00
SWE1,26/10/2024,Sirius,Hammarby,0,3,A,1.80,2.00,1.80,2.00
SWE1,26/10/2024,Brommapojkarna,Kalmar,1,2,A,1.80,2.00,1.80,2.00
SWE1,27/10/2024,AIK,Elfsborg,2,1,H,1.80,2.00,1.80,2.00
SWE1,27/10/2024,Varnamo,Norrkoping,1,2,A,1.80,2.00,1.80,2.00
SWE1,27/10/2024,Hacken,Halmstad,0,1,A,1.80,2.00,1.80,2.00
SWE1,28/10/2024,Djurgarden,Vasteras SK,2,1,H,1.80,2.00,1.80,2.00
SWE1,28/10/2024,Malmo FF,Goteborg,2,1,H,1.80,2.00,1.80,2.00
SWE1,02/11/2024,Elfsborg,Vasteras SK,1,0,H,1.80,2.00,1.80,2.00
SWE1,02/11/2024,Hammarby,Malmo FF,2,2,D,1.80,2.00,1.80,2.00
SWE1,02/11/2024,Goteborg,Kalmar,1,1,D,1.80,2.00,1.80,2.00
SWE1,03/11/2024,Brommapojkarna,Varnamo,0,1,A,1.80,2.00,1.80,2.00
SWE1,03/11/2024,Hacken,GAIS,1,2,A,1.80,2.00,1.80,2.00
SWE1,03/11/2024,Halmstad,Djurgarden,1,0,H,1.80,2.00,1.80,2.00
SWE1,03/11/2024,Sirius,Mjallby,1,1,D,1.80,2.00,1.80,2.00
SWE1,04/11/2024,Norrkoping,AIK,1,0,H,1.80,2.00,1.80,2.00
SWE1,10/11/2024,AIK,Halmstad,5,1,H,1.80,2.00,1.80,2.00
SWE1,10/11/2024,Djurgarden,Norrkoping,3,1,H,1.80,2.00,1.80,2.00
SWE1,10/11/2024,GAIS,Sirius,2,1,H,1.80,2.00,1.80,2.00
SWE1,10/11/2024,Kalmar,Hacken,1,0,H,1.80,2.00,1.80,2.00
SWE1,10/11/2024,Malmo FF,Brommapojkarna,2,1,H,1.80,2.00,1.80,2.00
SWE1,10/11/2024,Mjallby,Goteborg,1,0,H,1.80,2.00,1.80,2.00
SWE1,10/11/2024,Varnamo,Elfsborg,0,0,D,1.80,2.00,1.80,2.00
SWE1,10/11/2024,Vasteras SK,Hammarby,1,0,H,1.80,2.00,1.80,2.00
SWE1,21/11/2024,Landskrona,Varnamo,2,2,D,1.80,2.00,1.80,2.00
SWE1,24/11/2024,Varnamo,Landskrona,1,0,H,1.80,2.00,1.80,2.00
SWE1,29/03/2025,Djurgarden,Malmo FF,0,1,A,1.80,2.00,1.80,2.00
SWE1,29/03/2025,Hacken,Brommapojkarna,2,0,H,1.80,2.00,1.80,2.00
SWE1,30/03/2025,Elfsborg,Mjallby,2,2,D,1.80,2.00,1.80,2.00
SWE1,30/03/2025,Hammarby,Goteborg,4,0,H,1.80,2.00,1.80,2.00
SWE1,30/03/2025,Halmstad,Degerfors,0,5,A,1.80,2.00,1.80,2.00
SWE1,30/03/2025,Norrkoping,Oster,4,3,H,1.80,2.00,1.80,2.00
SWE1,31/03/2025,Varnamo,Sirius,1,2,A,1.80,2.00,1.80,2.00
SWE1,31/03/2025,GAIS,AIK,0,1,A,1.80,2.00,1.80,2.00
SWE1,05/04/2025,Goteborg,Halmstad,1,0,H,1.80,2.00,1.80,2.00
SWE1,05/04/2025,Sirius,Djurgarden,0,1,A,1.80,2.00,1.80,2.00
SWE1,05/04/2025,Oster,Hacken,2,0,H,1.80,2.00,1.80,2.00
SWE1,06/04/2025,AIK,Norrkoping,4,3,H,1.80,2.00,1.80,2.00
SWE1,06/04/2025,Brommapojkarna,Hammarby,0,2,A,1.80,2.00,1.80,2.00
SWE1,06/04/2025,Degerfors,Varnamo,1,0,H,1.80,2.00,1.80,2.00
SWE1,06/04/2025,Mjallby,GAIS,1,1,D,1.80,2.00,1.80,2.00
SWE1,07/04/2025,Malmo FF,Elfsborg,2,1,H,1.80,2.00,1.80,2.00
SWE1,12/04/2025,Hacken,Mjallby,0,3,A,1.80,2.00,1.80,2.00
SWE1,12/04/2025,Elfsborg,Norrkoping,2,0,H,1.80,2.00,1.80,2.00
SWE1,13/04/2025,Hammarby,Djurgarden,2,0,H,1.80,2.00,1.80,2.00
SWE1,13/04/2025,Varnamo,Goteborg,0,1,A,1.80,2.00,1.80,2.00
SWE1,13/04/2025,GAIS,Degerfors,2,0,H,1.80,2.00,1.80,2.00
SWE1,13/04/2025,Sirius,Brommapojkarna,0,3,A,1.80,2.00,1.80,2.00
SWE1,14/04/2025,Halmstad,Oster,1,0,H,1.80,2.00,1.80,2.00
SWE1,14/04/2025,AIK,Malmo FF,0,0,D,1.80,2.00,1.80,2.00
SWE1,18/04/2025,Malmo FF,Sirius,1,1,D,1.80,2.00,1.80,2.00
SWE1,18/04/2025,Mjallby,Hammarby,3,1,H,1.80,2.00,1.80,2.00
SWE1,19/04/2025,Degerfors,Elfsborg,0,1,A,1.80,2.00,1.80,2.00
SWE1,19/04/2025,Norrkoping,Halmstad,3,0,H,1.80,2.00,1.80,2.00
SWE1,20/04/2025,Brommapojkarna,Varnamo,3,2,H,1.80,2.00,1.80,2.00
SWE1,20/04/2025,Oster,AIK,0,1,A,1.80,2.00,1.80,2.00
SWE1,20/04/2025,Goteborg,Hacken,2,3,A,1.80,2.00,1.80,2.00
SWE1,21/04/2025,Djurgarden,GAIS,0,0,D,1.80,2.00,1.80,2.00
SWE1,23/04/2025,Elfsborg,Sirius,4,3,H,1.80,2.00,1.80,2.00
SWE1,23/04/2025,Hacken,Degerfors,3,4,A,1.80,2.00,1.80,2.00
SWE1,23/04/2025,Halmstad,Mjallby,1,3,A,1.80,2.00,1.80,2.00
SWE1,23/04/2025,Hammarby,Malmo FF,2,0,H,1.80,2.00,1.80,2.00
SWE1,24/04/2025,Djurgarden,Oster,1,0,H,1.80,2.00,1.80,2.00
SWE1,24/04/2025,GAIS,Brommapojkarna,1,1,D,1.80,2.00,1.80,2.00
SWE1,24/04/2025,Norrkoping,Goteborg,2,3,A,1.80,2.00,1.80,2.00
SWE1,24/04/2025,Varnamo,AIK,1,2,A,1.80,2.00,1.80,2.00
SWE1,27/04/2025,Hacken,Hammarby,1,1,D,1.80,2.00,1.80,2.00
SWE1,27/04/2025,Mjallby,Degerfors,4,1,H,1.80,2.00,1.80,2.00
SWE1,27/04/2025,AIK,Elfsborg,2,0,H,1.80,2.00,1.80,2.00
SWE1,27/04/2025,Sirius,Halmstad,1,1,D,1.80,2.00,1.80,2.00
SWE1,27/04/2025,Varnamo,Norrkoping,1,3,A,1.80,2.00,1.80,2.00
SWE1,28/04/2025,Goteborg,GAIS,1,1,D,1.80,2.00,1.80,2.00
SWE1,29/04/2025,Malmo FF,Oster,2,0,H,1.80,2.00,1.80,2.00
SWE1,03/05/2025,Degerfors,Sirius,1,1,D,1.80,2.00,1.80,2.00
SWE1,03/05/2025,Halmstad,Varnamo,4,2,H,1.80,2.00,1.80,2.00
SWE1,04/05/2025,Djurgarden,AIK,1,1,D,1.80,2.00,1.80,2.00
SWE1,04/05/2025,Norrkoping,Hacken,0,2,A,1.80,2.00,1.80,2.00
SWE1,04/05/2025,Mjallby,Goteborg,1,0,H,1.80,2.00,1.80,2.00
SWE1,04/05/2025,Oster,Hammarby,0,3,A,1.80,2.00,1.80,2.00
SWE1,05/05/2025,Malmo FF,Brommapojkarna,1,2,A,1.80,2.00,1.80,2.00
SWE1,05/05/2025,Elfsborg,GAIS,2,0,H,1.80,2.00,1.80,2.00
SWE1,10/05/2025,Brommapojkarna,Halmstad,0,1,A,1.80,2.00,1.80,2.00
SWE1,10/05/2025,GAIS,Varnamo,1,1,D,1.80,2.00,1.80,2.00
SWE1,10/05/2025,Sirius,Hacken,2,0,H,1.80,2.00,1.80,2.00
SWE1,11/05/2025,AIK,Mjallby,2,1,H,1.80,2.00,1.80,2.00
SWE1,11/05/2025,Hammarby,Norrkoping,1,1,D,1.80,2.00,1.80,2.00
SWE1,11/05/2025,Degerfors,Malmo FF,1,4,A,1.80,2.00,1.80,2.00
SWE1,11/05/2025,Oster,Elfsborg,0,1,A,1.80,2.00,1.80,2.00
SWE1,12/05/2025,Goteborg,Djurgarden,1,2,A,1.80,2.00,1.80,2.00
SWE1,14/05/2025,Hacken,AIK,3,3,D,1.80,2.00,1.80,2.00
SWE1,14/05/2025,Halmstad,GAIS,1,3,A,1.80,2.00,1.80,2.00
SWE1,14/05/2025,Hammarby,Sirius,3,2,H,1.80,2.00,1.80,2.00
SWE1,15/05/2025,Djurgarden,Mjallby,1,3,A,1.80,2.00,1.80,2.00
SWE1,15/05/2025,Elfsborg,Brommapojkarna,4,3,H,1.80,2.00,1.80,2.00
SWE1,15/05/2025,Goteborg,Oster,0,1,A,1.80,2.00,1.80,2.00
SWE1,15/05/2025,Norrkoping,Degerfors,1,2,A,1.80,2.00,1.80,2.00
SWE1,15/05/2025,Varnamo,Malmo FF,2,2,D,1.80,2.00,1.80,2.00
SWE1,18/05/2025,AIK,Hammarby,0,0,D,1.80,2.00,1.80,2.00
SWE1,18/05/2025,Hacken,Varnamo,2,0,H,1.80,2.00,1.80,2.00
SWE1,18/05/2025,Malmo FF,Halmstad,3,0,H,1.80,2.00,1.80,2.00
SWE1,18/05/2025,Oster,GAIS,1,1,D,1.80,2.00,1.80,2.00
SWE1,19/05/2025,Degerfors,Goteborg,1,3,A,1.80,2.00,1.80,2.00
SWE1,19/05/2025,Mjallby,Brommapojkarna,1,0,H,1.80,2.00,1.80,2.00
SWE1,19/05/2025,Sirius,Norrkoping,1,2,A,1.80,2.00,1.80,2.00
SWE1,19/05/2025,Elfsborg,Djurgarden,4,0,H,1.80,2.00,1.80,2.00
SWE1,22/05/2025,Hammarby,Mjallby,1,2,A,1.80,2.00,1.80,2.00
SWE1,22/05/2025,Malmo FF,AIK,0,0,D,1.80,2.00,1.80,2.00
SWE1,24/05/2025,Varnamo,Oster,1,1,D,1.80,2.00,1.80,2.00
SWE1,24/05/2025,GAIS,Sirius,2,1,H,1.80,2.00,1.80,2.00
SWE1,25/05/2025,Goteborg,Malmo FF,1,0,H,1.80,2.00,1.80,2.00
SWE1,25/05/2025,Halmstad,Elfsborg,1,4,A,1.80,2.00,1.80,2.00
SWE1,25/05/2025,Brommapojkarna,AIK,0,1,A,1.80,2.00,1.80,2.00
SWE1,25/05/2025,Djurgarden,Hacken,1,1,D,1.80,2.00,1.80,2.00
SWE1,26/05/2025,Norrkoping,Mjallby,1,1,D,1.80,2.00,1.80,2.00
SWE1,26/05/2025,Hammarby,Degerfors,1,0,H,1.80,2.00,1.80,2.00
SWE1,29/05/2025,Brommapojkarna,Djurgarden,0,1,A,1.80,2.00,1.80,2.00
SWE1,31/05/2025,Degerfors,Oster,1,2,A,1.80,2.00,1.80,2.00
SWE1,31/05/2025,Elfsborg,Hammarby,0,2,A,1.80,2.00,1.80,2.00
SWE1,31/05/2025,Norrkoping,GAIS,0,3,A,1.80,2.00,1.80,2.00
SWE1,01/06/2025,Brommapojkarna,Goteborg,1,3,A,1.80,2.00,1.80,2.00
SWE1,01/06/2025,Halmstad,Djurgarden,1,0,H,1.80,2.00,1.80,2.00
SWE1,01/06/2025,Malmo FF,Hacken,3,0,H,1.80,2.00,1.80,2.00
SWE1,01/06/2025,Mjallby,Varnamo,2,0,H,1.80,2.00,1.80,2.00
SWE1,01/06/2025,Sirius,AIK,3,1,H,1.80,2.00,1.80,2.00
SWE1,28/06/2025,Hammarby,Halmstad,2,0,H,1.80,2.00,1.80,2.00
SWE1,28/06/2025,Oster,Sirius,2,2,D,1.80,2.00,1.80,2.00
SWE1,29/06/2025,AIK,Goteborg,3,0,H,1.80,2.00,1.80,2.00
SWE1,29/06/2025,Degerfors,Brommapojkarna,0,3,A,1.80,2.00,1.80,2.00
SWE1,29/06/2025,Hacken,GAIS,1,3,A,1.80,2.00,1.80,2.00
SWE1,29/06/2025,Varnamo,Elfsborg,0,0,D,1.80,2.00,1.80,2.00
SWE1,30/06/2025,Djurgarden,Norrkoping,1,1,D,1.80,2.00,1.80,2.00
SWE1,30/06/2025,Mjallby,Malmo FF,1,1,D,1.80,2.00,1.80,2.00
SWE1,05/07/2025,GAIS,Malmo FF,0,0,D,1.80,2.00,1.80,2.00
SWE1,05/07/2025,Oster,Mjallby,0,1,A,1.80,2.00,1.80,2.00
SWE1,05/07/2025,Hammarby,Varnamo,1,0,H,1.80,2.00,1.80,2.00
SWE1,06/07/2025,Goteborg,Sirius,3,1,H,1.80,2.00,1.80,2.00
SWE1,06/07/2025,Halmstad,AIK,2,0,H,1.80,2.00,1.80,2.00
SWE1,06/07/2025,Djurgarden,Degerfors,5,1,H,1.80,2.00,1.80,2.00
SWE1,06/07/2025,Elfsborg,Hacken,0,2,A,1.80,2.00,1.80,2.00
SWE1,07/07/2025,Norrkoping,Brommapojkarna,0,1,A,1.80,2.00,1.80,2.00
SWE1,12/07/2025,Goteborg,Elfsborg,1,2,A,1.80,2.00,1.80,2.00
SWE1,12/07/2025,Malmo FF,Norrkoping,3,1,H,1.80,2.00,1.80,2.00
SWE1,13/07/2025,Brommapojkarna,Oster,2,0,H,1.80,2.00,1.80,2.00
SWE1,13/07/2025,GAIS,Hammarby,3,2,H,1.80,2.00,1.80,2.00
SWE1,13/07/2025,AIK,Degerfors,3,0,H,1.80,2.00,1.80,2.00
SWE1,13/07/2025,Varnamo,Djurgarden,1,0,H,1.80,2.00,1.80,2.00
SWE1,13/07/2025,Hacken,Halmstad,4,1,H,1.80,2.00,1.80,2.00
SWE1,14/07/2025,Sirius,Mjallby,1,2,A,1.80,2.00,1.80,2.00
SWE1,19/07/2025,Djurgarden,Elfsborg,1,0,H,1.80,2.00,1.80,2.00
SWE1,19/07/2025,Oster,Malmo FF,0,2,A,1.80,2.00,1.80,2.00
SWE1,19/07/2025,Degerfors,GAIS,0,3,A,1.80,2.00,1.80,2.00
SWE1,20/07/2025,Mjallby,AIK,2,0,H,1.80,2.00,1.80,2.00
SWE1,20/07/2025,Sirius,Goteborg,0,1,A,1.80,2.00,1.80,2.00
SWE1,20/07/2025,Halmstad,Hacken,0,0,D,1.80,2.00,1.80,2.00
SWE1,20/07/2025,Hammarby,Brommapojkarna,3,2,H,1.80,2.00,1.80,2.00
SWE1,21/07/2025,Norrkoping,Varnamo,3,1,H,1.80,2.00,1.80,2.00
SWE1,26/07/2025,Brommapojkarna,Malmo FF,2,3,A,1.80,2.00,1.80,2.00
SWE1,26/07/2025,GAIS,Halmstad,3,0,H,1.80,2.00,1.80,2.00
SWE1,26/07/2025,Degerfors,Norrkoping,0,0,D,1.80,2.00,1.80,2.00
SWE1,27/07/2025,AIK,Oster,0,0,D,1.80,2.00,1.80,2.00
SWE1,27/07/2025,Hacken,Djurgarden,1,6,A,1.80,2.00,1.80,2.00
SWE1,27/07/2025,Mjallby,Sirius,2,1,H,1.80,2.00,1.80,2.00
SWE1,27/07/2025,Varnamo,Hammarby,2,3,A,1.80,2.00,1.80,2.00
SWE1,28/07/2025,Elfsborg,Goteborg,4,3,H,1.80,2.00,1.80,2.00
SWE1,02/08/2025,Brommapojkarna,Norrkoping,6,4,H,1.80,2.00,1.80,2.00
SWE1,02/08/2025,Varnamo,GAIS,2,2,D,1.80,2.00,1.80,2.00
SWE1,03/08/2025,Djurgarden,Halmstad,1,1,D,1.80,2.00,1.80,2.00
SWE1,03/08/2025,Hacken,Elfsborg,1,2,A,1.80,2.00,1.80,2.00
SWE1,03/08/2025,Sirius,Oster,1,1,D,1.80,2.00,1.80,2.00
SWE1,04/08/2025,Goteborg,Degerfors,3,0,H,1.80,2.00,1.80,2.00
SWE1,09/08/2025,Malmo FF,Mjallby,1,3,A,1.80,2.00,1.80,2.00
SWE1,09/08/2025,Halmstad,Sirius,0,1,A,1.80,2.00,1.80,2.00
SWE1,10/08/2025,AIK,Djurgarden,0,0,D,1.80,2.00,1.80,2.00
SWE1,10/08/2025,Degerfors,Hacken,0,0,D,1.80,2.00,1.80,2.00
SWE1,10/08/2025,Norrkoping,Hammarby,0,2,A,1.80,2.00,1.80,2.00
SWE1,10/08/2025,Oster,Brommapojkarna,1,1,D,1.80,2.00,1.80,2.00
SWE1,11/08/2025,Elfsborg,Varnamo,2,2,D,1.80,2.00,1.80,2.00
SWE1,11/08/2025,GAIS,Goteborg,0,1,A,1.80,2.00,1.80,2.00
SWE1,16/08/2025,Halmstad,Malmo FF,0,4,A,1.80,2.00,1.80,2.00
SWE1,16/08/2025,Norrkoping,Elfsborg,2,1,H,1.80,2.00,1.80,2.00
SWE1,17/08/2025,Brommapojkarna,Sirius,2,4,A,1.80,2.00,1.80,2.00
SWE1,17/08/2025,Goteborg,AIK,2,1,H,1.80,2.00,1.80,2.00
SWE1,17/08/2025,Hacken,Oster,0,2,A,1.80,2.00,1.80,2.00
SWE1,17/08/2025,Hammarby,GAIS,1,2,A,1.80,2.00,1.80,2.00
SWE1,17/08/2025,Mjallby,Djurgarden,1,1,D,1.80,2.00,1.80,2.00
SWE1,18/08/2025,Varnamo,Degerfors,3,2,H,1.80,2.00,1.80,2.00
SWE1,24/08/2025,Djurgarden,Brommapojkarna,1,0,H,1.80,2.00,1.80,2.00
SWE1,24/08/2025,Sirius,Hammarby,3,1,H,1.80,2.00,1.80,2.00
SWE1,24/08/2025,Degerfors,AIK,0,1,A,1.80,2.00,1.80,2.00
SWE1,24/08/2025,Elfsborg,Halmstad,1,2,A,1.80,2.00,1.80,2.00
SWE1,24/08/2025,Malmo FF,Goteborg,0,0,D,1.80,2.00,1.80,2.00
SWE1,24/08/2025,Varnamo,Hacken,1,5,A,1.80,2.00,1.80,2.00
SWE1,25/08/2025,GAIS,Mjallby,0,2,A,1.80,2.00,1.80,2.00
SWE1,25/08/2025,Oster,Norrkoping,1,2,A,1.80,2.00,1.80,2.00
SWE1,30/08/2025,Brommapojkarna,Elfsborg,3,0,H,1.80,2.00,1.80,2.00
SWE1,30/08/2025,Goteborg,Varnamo,1,0,H,1.80,2.00,1.80,2.00
SWE1,30/08/2025,Mjallby,Halmstad,1,0,H,1.80,2.00,1.80,2.00
SWE1,31/08/2025,AIK,Sirius,2,1,H,1.80,2.00,1.80,2.00
SWE1,31/08/2025,Malmo FF,Degerfors,1,1,D,1.80,2.00,1.80,2.00
SWE1,31/08/2025,Norrkoping,Djurgarden,0,4,A,1.80,2.00,1.80,2.00
SWE1,31/08/2025,GAIS,Hacken,2,1,H,1.80,2.00,1.80,2.00
SWE1,31/08/2025,Hammarby,Oster,4,0,H,1.80,2.00,1.80,2.00
SWE1,13/09/2025,Degerfors,Mjallby,0,1,A,1.80,2.00,1.80,2.00
SWE1,13/09/2025,Halmstad,Norrkoping,1,1,D,1.80,2.00,1.80,2.00
SWE1,14/09/2025,Djurgarden,Hammarby,3,3,D,1.80,2.00,1.80,2.00
SWE1,14/09/2025,Oster,Varnamo,4,3,H,1.80,2.00,1.80,2.00
SWE1,14/09/2025,Elfsborg,Malmo FF,2,2,D,1.80,2.00,1.80,2.00
SWE1,14/09/2025,Sirius,GAIS,3,0,H,1.80,2.00,1.80,2.00
SWE1,15/09/2025,AIK,Brommapojkarna,2,1,H,1.80,2.00,1.80,2.00
SWE1,15/09/2025,Hacken,Goteborg,1,2,A,1.80,2.00,1.80,2.00
SWE1,20/09/2025,GAIS,Elfsborg,2,0,H,1.80,2.00,1.80,2.00
SWE1,20/09/2025,Malmo FF,Djurgarden,0,1,A,1.80,2.00,1.80,2.00
SWE1,20/09/2025,Mjallby,Oster,1,1,D,1.80,2.00,1.80,2.00
SWE1,21/09/2025,Goteborg,Brommapojkarna,0,1,A,1.80,2.00,1.80,2.00
SWE1,21/09/2025,Hammarby,Hacken,4,0,H,1.80,2.00,1.80,2.00
SWE1,21/09/2025,Sirius,Degerfors,1,3,A,1.80,2.00,1.80,2.00
SWE1,22/09/2025,Varnamo,Halmstad,1,2,A,1.80,2.00,1.80,2.00
SWE1,22/09/2025,Norrkoping,AIK,3,1,H,1.80,2.00,1.80,2.00
SWE1,27/09/2025,Elfsborg,Degerfors,1,2,A,1.80,2.00,1.80,2.00
SWE1,27/09/2025,Hacken,Norrkoping,2,0,H,1.80,2.00,1.80,2.00
SWE1,28/09/2025,Brommapojkarna,Mjallby,0,1,A,1.80,2.00,1.80,2.00
SWE1,28/09/2025,Halmstad,Hammarby,1,0,H,1.80,2.00,1.80,2.00
SWE1,28/09/2025,AIK,GAIS,1,1,D,1.80,2.00,1.80,2.00
SWE1,28/09/2025,Malmo FF,Varnamo,3,2,H,1.80,2.00,1.80,2.00
SWE1,29/09/2025,Djurgarden,Sirius,8,2,H,1.80,2.00,1.80,2.00
SWE1,29/09/2025,Oster,Goteborg,0,2,A,1.80,2.00,1.80,2.00
SWE1,04/10/2025,Degerfors,Djurgarden,1,1,D,1.80,2.00,1.80,2.00
SWE1,04/10/2025,Mjallby,Elfsborg,2,0,H,1.80,2.00,1.80,2.00
SWE1,04/10/2025,Oster,Halmstad,3,0,H,1.80,2.00,1.80,2.00
SWE1,04/10/2025,GAIS,Norrkoping,2,1,H,1.80,2.00,1.80,2.00
SWE1,05/10/2025,AIK,Varnamo,2,3,A,1.80,2.00,1.80,2.00
SWE1,05/10/2025,Goteborg,Hammarby,1,2,A,1.80,2.00,1.80,2.00
SWE1,05/10/2025,Brommapojkarna,Hacken,1,3,A,1.80,2.00,1.80,2.00
SWE1,05/10/2025,Sirius,Malmo FF,5,1,H,1.80,2.00,1.80,2.00
SWE1,18/10/2025,Norrkoping,Malmo FF,0,2,A,1.80,2.00,1.80,2.00
SWE1,18/10/2025,Hacken,Sirius,1,1,D,1.80,2.00,1.80,2.00
SWE1,19/10/2025,GAIS,Djurgarden,3,2,H,1.80,2.00,1.80,2.00
SWE1,19/10/2025,Hammarby,AIK,2,1,H,1.80,2.00,1.80,2.00
SWE1,19/10/2025,Elfsborg,Oster,5,1,H,1.80,2.00,1.80,2.00
SWE1,19/10/2025,Varnamo,Brommapojkarna,1,1,D,1.80,2.00,1.80,2.00
SWE1,20/10/2025,Degerfors,Halmstad,0,1,A,1.80,2.00,1.80,2.00
SWE1,20/10/2025,Goteborg,Mjallby,0,2,A,1.80,2.00,1.80,2.00
SWE1,25/10/2025,Djurgarden,Varnamo,6,2,H,1.80,2.00,1.80,2.00
SWE1,25/10/2025,Oster,Degerfors,1,2,A,1.80,2.00,1.80,2.00
SWE1,26/10/2025,Mjallby,Norrkoping,2,1,H,1.80,2.00,1.80,2.00
SWE1,26/10/2025,Sirius,Elfsborg,4,0,H,1.80,2.00,1.80,2.00
SWE1,26/10/2025,AIK,Hacken,2,2,D,1.80,2.00,1.80,2.00
SWE1,26/10/2025,Halmstad,Goteborg,0,3,A,1.80,2.00,1.80,2.00
SWE1,27/10/2025,Brommapojkarna,GAIS,0,2,A,1.80,2.00,1.80,2.00
SWE1,27/10/2025,Malmo FF,Hammarby,1,3,A,1.80,2.00,1.80,2.00
SWE1,01/11/2025,Hacken,Malmo FF,1,1,D,1.80,2.00,1.80,2.00
SWE1,01/11/2025,Norrkoping,Sirius,1,2,A,1.80,2.00,1.80,2.00
SWE1,02/11/2025,Elfsborg,AIK,0,3,A,1.80,2.00,1.80,2.00
SWE1,02/11/2025,Halmstad,Brommapojkarna,0,0,D,1.80,2.00,1.80,2.00
SWE1,02/11/2025,Djurgarden,Goteborg,0,0,D,1.80,2.00,1.80,2.00
SWE1,02/11/2025,GAIS,Oster,1,1,D,1.80,2.00,1.80,2.00
SWE1,03/11/2025,Degerfors,Hammarby,1,1,D,1.80,2.00,1.80,2.00
SWE1,03/11/2025,Varnamo,Mjallby,0,5,A,1.80,2.00,1.80,2.00
SWE1,09/11/2025,AIK,Halmstad,0,2,A,1.80,2.00,1.80,2.00
SWE1,09/11/2025,Brommapojkarna,Degerfors,1,3,A,1.80,2.00,1.80,2.00
SWE1,09/11/2025,Goteborg,Norrkoping,2,0,H,1.80,2.00,1.80,2.00
SWE1,09/11/2025,Hammarby,Elfsborg,3,0,H,1.80,2.00,1.80,2.00
SWE1,09/11/2025,Malmo FF,GAIS,2,1,H,1.80,2.00,1.80,2.00
SWE1,09/11/2025,Mjallby,Hacken,1,0,H,1.80,2.00,1.80,2.00
SWE1,09/11/2025,Oster,Djurgarden,1,3,A,1.80,2.00,1.80,2.00
SWE1,09/11/2025,Sirius,Varnamo,3,1,H,1.80,2.00,1.80,2.00
SWE1,04/04/2026,Degerfors,Sirius,0,3,A,1.80,2.00,1.80,2.00
SWE1,04/04/2026,Hammarby,Mjallby,3,0,H,1.80,2.00,1.80,2.00
SWE1,05/04/2026,AIK,Halmstad,2,1,H,1.80,2.00,1.80,2.00
SWE1,05/04/2026,Kalmar,Vasteras SK,0,1,A,1.80,2.00,1.80,2.00
SWE1,05/04/2026,Orgryte,Malmo FF,1,1,D,1.80,2.00,1.80,2.00
SWE1,06/04/2026,Elfsborg,Goteborg,2,0,H,1.80,2.00,1.80,2.00
SWE1,06/04/2026,Hacken,Brommapojkarna,2,2,D,1.80,2.00,1.80,2.00
SWE1,06/04/2026,GAIS,Djurgarden,0,1,A,1.80,2.00,1.80,2.00
SWE1,11/04/2026,Goteborg,Hacken,0,2,A,1.80,2.00,1.80,2.00
SWE1,11/04/2026,Mjallby,Orgryte,0,2,A,1.80,2.00,1.80,2.00
SWE1,11/04/2026,Vasteras SK,Elfsborg,2,2,D,1.80,2.00,1.80,2.00
SWE1,12/04/2026,Djurgarden,Kalmar,3,2,H,1.80,2.00,1.80,2.00
SWE1,12/04/2026,Halmstad,Degerfors,0,3,A,1.80,2.00,1.80,2.00
SWE1,12/04/2026,Malmo FF,GAIS,3,1,H,1.80,2.00,1.80,2.00
SWE1,13/04/2026,Brommapojkarna,AIK,2,2,D,1.80,2.00,1.80,2.00
SWE1,13/04/2026,Sirius,Hammarby,2,0,H,1.80,2.00,1.80,2.00
SWE1,17/04/2026,Degerfors,Elfsborg,0,1,A,1.80,2.00,1.80,2.00
SWE1,17/04/2026,Djurgarden,Malmo FF,0,1,A,1.80,2.00,1.80,2.00
SWE1,18/04/2026,Halmstad,Goteborg,1,1,D,1.80,2.00,1.80,2.00
SWE1,18/04/2026,Hammarby,Orgryte,8,1,H,1.80,2.00,1.80,2.00
SWE1,18/04/2026,Mjallby,Brommapojkarna,3,0,H,1.80,2.00,1.80,2.00
SWE1,18/04/2026,Sirius,Vasteras SK,4,1,H,1.80,2.00,1.80,2.00
SWE1,19/04/2026,AIK,Kalmar,1,0,H,1.80,2.00,1.80,2.00
SWE1,19/04/2026,Hacken,GAIS,2,1,H,1.80,2.00,1.80,2.00
SWE1,22/04/2026,Elfsborg,Djurgarden,2,1,H,1.80,2.00,1.80,2.00
SWE1,22/04/2026,Hammarby,Halmstad,1,1,D,1.80,2.00,1.80,2.00
SWE1,22/04/2026,Orgryte,Brommapojkarna,1,2,A,1.80,2.00,1.80,2.00
SWE1,22/04/2026,Vasteras SK,Hacken,3,3,D,1.80,2.00,1.80,2.00
SWE1,23/04/2026,Degerfors,AIK,2,1,H,1.80,2.00,1.80,2.00
SWE1,23/04/2026,GAIS,Mjallby,0,0,D,1.80,2.00,1.80,2.00
SWE1,23/04/2026,Kalmar,Goteborg,1,1,D,1.80,2.00,1.80,2.00
SWE1,23/04/2026,Malmo FF,Sirius,2,3,A,1.80,2.00,1.80,2.00
SWE1,26/04/2026,Djurgarden,Hammarby,1,1,D,1.80,2.00,1.80,2.00
SWE1,26/04/2026,Brommapojkarna,Vasteras SK,1,2,A,1.80,2.00,1.80,2.00
SWE1,26/04/2026,Goteborg,GAIS,2,2,D,1.80,2.00,1.80,2.00
SWE1,27/04/2026,AIK,Malmo FF,0,1,A,1.80,2.00,1.80,2.00
SWE1,27/04/2026,Hacken,Sirius,2,2,D,1.80,2.00,1.80,2.00
SWE1,27/04/2026,Kalmar,Elfsborg,2,1,H,1.80,2.00,1.80,2.00
SWE1,27/04/2026,Mjallby,Halmstad,2,0,H,1.80,2.00,1.80,2.00
SWE1,27/04/2026,Orgryte,Degerfors,1,1,D,1.80,2.00,1.80,2.00
SWE1,02/05/2026,Degerfors,Hacken,1,1,D,1.80,2.00,1.80,2.00
SWE1,02/05/2026,Sirius,Kalmar,3,2,H,1.80,2.00,1.80,2.00
SWE1,03/05/2026,Hammarby,Vasteras SK,3,0,H,1.80,2.00,1.80,2.00
SWE1,03/05/2026,Malmo FF,Mjallby,2,3,A,1.80,2.00,1.80,2.00
SWE1,03/05/2026,Elfsborg,AIK,1,1,D,1.80,2.00,1.80,2.00
SWE1,03/05/2026,GAIS,Orgryte,4,0,H,1.80,2.00,1.80,2.00
SWE1,04/05/2026,Djurgarden,Goteborg,6,0,H,1.80,2.00,1.80,2.00
SWE1,04/05/2026,Halmstad,Brommapojkarna,1,3,A,1.80,2.00,1.80,2.00
SWE1,08/05/2026,Elfsborg,Brommapojkarna,2,0,H,1.80,2.00,1.80,2.00
SWE1,09/05/2026,Degerfors,Mjallby,1,4,A,1.80,2.00,1.80,2.00
SWE1,09/05/2026,Goteborg,Hammarby,0,1,A,1.80,2.00,1.80,2.00
SWE1,09/05/2026,Vasteras SK,GAIS,0,1,A,1.80,2.00,1.80,2.00
SWE1,10/05/2026,AIK,Djurgarden,2,4,A,1.80,2.00,1.80,2.00
SWE1,10/05/2026,Kalmar,Halmstad,2,0,H,1.80,2.00,1.80,2.00
SWE1,10/05/2026,Hacken,Malmo FF,3,2,H,1.80,2.00,1.80,2.00
SWE1,11/05/2026,Sirius,Orgryte,2,0,H,1.80,2.00,1.80,2.00
SWE1,16/05/2026,GAIS,Degerfors,1,1,D,1.80,2.00,1.80,2.00
SWE1,16/05/2026,Halmstad,Elfsborg,1,1,D,1.80,2.00,1.80,2.00
SWE1,17/05/2026,Brommapojkarna,Kalmar,1,0,H,1.80,2.00,1.80,2.00
SWE1,17/05/2026,Hammarby,Malmo FF,4,1,H,1.80,2.00,1.80,2.00
SWE1,17/05/2026,Mjallby,Hacken,0,1,A,1.80,2.00,1.80,2.00
SWE1,17/05/2026,Vasteras SK,AIK,1,1,D,1.80,2.00,1.80,2.00
SWE1,18/05/2026,Djurgarden,Sirius,2,3,A,1.80,2.00,1.80,2.00
SWE1,19/05/2026,Orgryte,Goteborg,2,3,A,1.80,2.00,1.80,2.00
SWE1,20/05/2026,GAIS,Hammarby,2,0,H,1.80,2.00,1.80,2.00
SWE1,21/05/2026,Elfsborg,Mjallby,1,1,D,1.80,2.00,1.80,2.00
SWE1,22/05/2026,Djurgarden,Brommapojkarna,1,2,A,1.80,2.00,1.80,2.00
SWE1,23/05/2026,Halmstad,Orgryte,2,0,H,1.80,2.00,1.80,2.00
SWE1,23/05/2026,Kalmar,Degerfors,2,1,H,1.80,2.00,1.80,2.00
SWE1,24/05/2026,Hammarby,AIK,1,2,A,1.80,2.00,1.80,2.00
SWE1,24/05/2026,Sirius,GAIS,2,1,H,1.80,2.00,1.80,2.00
SWE1,24/05/2026,Malmo FF,Vasteras SK,2,3,A,1.80,2.00,1.80,2.00
SWE1,25/05/2026,Elfsborg,Hacken,1,1,D,1.80,2.00,1.80,2.00
SWE1,25/05/2026,Goteborg,Mjallby,1,1,D,1.80,2.00,1.80,2.00
SWE1,29/05/2026,Orgryte,Elfsborg,2,2,D,1.80,2.00,1.80,2.00
SWE1,30/05/2026,AIK,Sirius,0,3,A,1.80,2.00,1.80,2.00
SWE1,30/05/2026,GAIS,Kalmar,3,0,H,1.80,2.00,1.80,2.00
SWE1,30/05/2026,Malmo FF,Halmstad,5,2,H,1.80,2.00,1.80,2.00
SWE1,31/05/2026,Degerfors,Brommapojkarna,2,2,D,1.80,2.00,1.80,2.00
SWE1,31/05/2026,Hacken,Hammarby,3,2,H,1.80,2.00,1.80,2.00
SWE1,31/05/2026,Vasteras SK,Goteborg,4,5,A,1.80,2.00,1.80,2.00
SWE1,03/07/2026,Sirius,Mjallby,4,4,D,1.80,2.00,1.80,2.00
SWE1,04/07/2026,Degerfors,Malmo FF,0,1,A,1.80,2.00,1.80,2.00
SWE1,04/07/2026,Halmstad,Vasteras SK,1,3,A,1.80,2.00,1.80,2.00
SWE1,05/07/2026,Goteborg,AIK,1,2,A,1.80,2.00,1.80,2.00
SWE1,05/07/2026,Kalmar,Orgryte,3,0,H,1.80,2.00,1.80,2.00
SWE1,05/07/2026,Elfsborg,Hammarby,1,2,A,1.80,2.00,1.80,2.00
SWE1,06/07/2026,Brommapojkarna,GAIS,1,1,D,1.80,2.00,1.80,2.00
SWE1,06/07/2026,Hacken,Djurgarden,2,4,A,1.80,2.00,1.80,2.00
SWE1,11/07/2026,Mjallby,AIK,1,2,A,1.80,2.00,1.80,2.00
SWE1,11/07/2026,Orgryte,Hacken,4,3,H,1.80,2.00,1.80,2.00
SWE1,12/07/2026,Hammarby,Kalmar,2,0,H,1.80,2.00,1.80,2.00
SWE1,12/07/2026,Malmo FF,Goteborg,4,0,H,1.80,2.00,1.80,2.00
SWE1,12/07/2026,Vasteras SK,Degerfors,2,0,H,1.80,2.00,1.80,2.00
SWE1,12/07/2026,Brommapojkarna,Sirius,1,2,A,1.80,2.00,1.80,2.00
SWE1,12/07/2026,GAIS,Elfsborg,1,0,H,1.80,2.00,1.80,2.00
SWE1,13/07/2026,Djurgarden,Halmstad,3,0,H,1.80,2.00,1.80,2.00
SWE1,17/07/2026,Goteborg,Brommapojkarna,2,1,H,1.80,2.00,1.80,2.00
SWE1,17/07/2026,Mjallby,Vasteras SK,0,0,D,1.80,2.00,1.80,2.00
SWE1,18/07/2026,AIK,GAIS,2,0,H,1.80,2.00,1.80,2.00
SWE1,19/07/2026,Elfsborg,Sirius,1,3,A,1.80,2.00,1.80,2.00
SWE1,19/07/2026,Halmstad,Hacken,0,2,A,1.80,2.00,1.80,2.00
SWE1,19/07/2026,Hammarby,Degerfors,4,0,H,1.80,2.00,1.80,2.00
SWE1,20/07/2026,Kalmar,Malmo FF,2,2,D,1.80,2.00,1.80,2.00
SWE1,20/07/2026,Orgryte,Djurgarden,0,0,D,1.80,2.00,1.80,2.00
SWE1,24/07/2026,Vasteras SK,Orgryte,2,0,H,1.80,2.00,1.80,2.00
SWE1,25/07/2026,Degerfors,Djurgarden,0,1,A,1.80,2.00,1.80,2.00
SWE1,25/07/2026,Kalmar,Mjallby,2,1,H,1.80,2.00,1.80,2.00
SWE1,26/07/2026,Brommapojkarna,Hammarby,1,1,D,1.80,2.00,1.80,2.00
SWE1,26/07/2026,Sirius,Goteborg,4,1,H,1.80,2.00,1.80,2.00
SWE1,26/07/2026,GAIS,Halmstad,1,1,D,1.80,2.00,1.80,2.00
SWE1,26/07/2026,Malmo FF,Elfsborg,1,2,A,1.80,2.00,1.80,2.00
SWE1,27/07/2026,Hacken,AIK,0,0,D,1.80,2.00,1.80,2.00
NOR1,02/04/2022,Ham-Kam,Lillestrom,2,2,D,1.80,2.00,1.80,2.00
NOR1,02/04/2022,Molde,Valerenga,1,0,H,1.80,2.00,1.80,2.00
NOR1,03/04/2022,Aalesund,Kristiansund,1,0,H,1.80,2.00,1.80,2.00
NOR1,03/04/2022,Haugesund,Sandefjord,1,3,A,1.80,2.00,1.80,2.00
NOR1,03/04/2022,Jerv,Stromsgodset,1,0,H,1.80,2.00,1.80,2.00
NOR1,03/04/2022,Odd,Tromso,2,0,H,1.80,2.00,1.80,2.00
NOR1,03/04/2022,Sarpsborg 08,Viking,0,1,A,1.80,2.00,1.80,2.00
NOR1,03/04/2022,Bodo/Glimt,Rosenborg,2,2,D,1.80,2.00,1.80,2.00
NOR1,09/04/2022,Lillestrom,Jerv,4,0,H,1.80,2.00,1.80,2.00
NOR1,10/04/2022,Kristiansund,Sarpsborg 08,2,3,A,1.80,2.00,1.80,2.00
NOR1,10/04/2022,Rosenborg,Odd,1,0,H,1.80,2.00,1.80,2.00
NOR1,10/04/2022,Sandefjord,Bodo/Glimt,1,2,A,1.80,2.00,1.80,2.00
NOR1,10/04/2022,Stromsgodset,Molde,1,3,A,1.80,2.00,1.80,2.00
NOR1,10/04/2022,Tromso,Ham-Kam,2,1,H,1.80,2.00,1.80,2.00
NOR1,10/04/2022,Valerenga,Haugesund,2,1,H,1.80,2.00,1.80,2.00
NOR1,10/04/2022,Viking,Aalesund,1,0,H,1.80,2.00,1.80,2.00
NOR1,18/04/2022,Aalesund,Tromso,2,2,D,1.80,2.00,1.80,2.00
NOR1,18/04/2022,Ham-Kam,Sandefjord,3,0,H,1.80,2.00,1.80,2.00
NOR1,18/04/2022,Haugesund,Stromsgodset,0,1,A,1.80,2.00,1.80,2.00
NOR1,18/04/2022,Jerv,Kristiansund,1,0,H,1.80,2.00,1.80,2.00
NOR1,18/04/2022,Molde,Lillestrom,1,2,A,1.80,2.00,1.80,2.00
NOR1,18/04/2022,Odd,Viking,2,1,H,1.80,2.00,1.80,2.00
NOR1,18/04/2022,Sarpsborg 08,Rosenborg,1,1,D,1.80,2.00,1.80,2.00
NOR1,18/04/2022,Bodo/Glimt,Valerenga,5,1,H,1.80,2.00,1.80,2.00
NOR1,23/04/2022,Odd,Aalesund,2,3,A,1.80,2.00,1.80,2.00
NOR1,23/04/2022,Stromsgodset,Sandefjord,0,5,A,1.80,2.00,1.80,2.00
NOR1,24/04/2022,Kristiansund,Ham-Kam,2,2,D,1.80,2.00,1.80,2.00
NOR1,24/04/2022,Lillestrom,Haugesund,1,0,H,1.80,2.00,1.80,2.00
NOR1,24/04/2022,Tromso,Sarpsborg 08,2,5,A,1.80,2.00,1.80,2.00
NOR1,24/04/2022,Valerenga,Jerv,1,0,H,1.80,2.00,1.80,2.00
NOR1,24/04/2022,Viking,Bodo/Glimt,2,0,H,1.80,2.00,1.80,2.00
NOR1,24/04/2022,Rosenborg,Molde,0,0,D,1.80,2.00,1.80,2.00
NOR1,28/04/2022,Lillestrom,Aalesund,2,0,H,1.80,2.00,1.80,2.00
NOR1,30/04/2022,Viking,Haugesund,5,1,H,1.80,2.00,1.80,2.00
NOR1,07/05/2022,Sarpsborg 08,Odd,1,0,H,1.80,2.00,1.80,2.00
NOR1,07/05/2022,Molde,Viking,3,4,A,1.80,2.00,1.80,2.00
NOR1,08/05/2022,Bodo/Glimt,Lillestrom,1,1,D,1.80,2.00,1.80,2.00
NOR1,08/05/2022,Haugesund,Kristiansund,2,0,H,1.80,2.00,1.80,2.00
NOR1,08/05/2022,Jerv,Tromso,1,1,D,1.80,2.00,1.80,2.00
NOR1,08/05/2022,Sandefjord,Valerenga,1,3,A,1.80,2.00,1.80,2.00
NOR1,08/05/2022,Stromsgodset,Rosenborg,3,0,H,1.80,2.00,1.80,2.00
NOR1,08/05/2022,Ham-Kam,Aalesund,0,0,D,1.80,2.00,1.80,2.00
NOR1,11/05/2022,Molde,Odd,3,0,H,1.80,2.00,1.80,2.00
NOR1,12/05/2022,Tromso,Valerenga,1,0,H,1.80,2.00,1.80,2.00
NOR1,12/05/2022,Viking,Stromsgodset,0,0,D,1.80,2.00,1.80,2.00
NOR1,16/05/2022,Aalesund,Molde,0,2,A,1.80,2.00,1.80,2.00
NOR1,16/05/2022,Bodo/Glimt,Tromso,1,1,D,1.80,2.00,1.80,2.00
NOR1,16/05/2022,Kristiansund,Stromsgodset,0,3,A,1.80,2.00,1.80,2.00
NOR1,16/05/2022,Lillestrom,Sarpsborg 08,1,0,H,1.80,2.00,1.80,2.00
NOR1,16/05/2022,Odd,Haugesund,0,4,A,1.80,2.00,1.80,2.00
NOR1,16/05/2022,Rosenborg,Sandefjord,3,0,H,1.80,2.00,1.80,2.00
NOR1,16/05/2022,Viking,Jerv,3,0,H,1.80,2.00,1.80,2.00
NOR1,16/05/2022,Valerenga,Ham-Kam,1,1,D,1.80,2.00,1.80,2.00
NOR1,21/05/2022,Sandefjord,Lillestrom,1,4,A,1.80,2.00,1.80,2.00
NOR1,21/05/2022,Molde,Kristiansund,2,1,H,1.80,2.00,1.80,2.00
NOR1,22/05/2022,Haugesund,Bodo/Glimt,1,4,A,1.80,2.00,1.80,2.00
NOR1,22/05/2022,Jerv,Odd,0,1,A,1.80,2.00,1.80,2.00
NOR1,22/05/2022,Sarpsborg 08,Aalesund,1,2,A,1.80,2.00,1.80,2.00
NOR1,22/05/2022,Stromsgodset,Valerenga,3,2,H,1.80,2.00,1.80,2.00
NOR1,22/05/2022,Tromso,Viking,1,1,D,1.80,2.00,1.80,2.00
NOR1,22/05/2022,Ham-Kam,Rosenborg,1,1,D,1.80,2.00,1.80,2.00
NOR1,25/05/2022,Aalesund,Jerv,2,1,H,1.80,2.00,1.80,2.00
NOR1,25/05/2022,Bodo/Glimt,Stromsgodset,2,2,D,1.80,2.00,1.80,2.00
NOR1,25/05/2022,Odd,Sandefjord,0,1,A,1.80,2.00,1.80,2.00
NOR1,25/05/2022,Viking,Ham-Kam,1,1,D,1.80,2.00,1.80,2.00
NOR1,25/05/2022,Lillestrom,Valerenga,2,0,H,1.80,2.00,1.80,2.00
NOR1,26/05/2022,Rosenborg,Haugesund,3,3,D,1.80,2.00,1.80,2.00
NOR1,26/05/2022,Sarpsborg 08,Molde,1,2,A,1.80,2.00,1.80,2.00
NOR1,28/05/2022,Ham-Kam,Odd,1,2,A,1.80,2.00,1.80,2.00
NOR1,28/05/2022,Stromsgodset,Viking,3,2,H,1.80,2.00,1.80,2.00
NOR1,29/05/2022,Haugesund,Aalesund,2,2,D,1.80,2.00,1.80,2.00
NOR1,29/05/2022,Jerv,Sarpsborg 08,0,5,A,1.80,2.00,1.80,2.00
NOR1,29/05/2022,Molde,Bodo/Glimt,3,1,H,1.80,2.00,1.80,2.00
NOR1,29/05/2022,Tromso,Lillestrom,2,2,D,1.80,2.00,1.80,2.00
NOR1,29/05/2022,Valerenga,Rosenborg,0,4,A,1.80,2.00,1.80,2.00
NOR1,18/06/2022,Sarpsborg 08,Stromsgodset,5,1,H,1.80,2.00,1.80,2.00
NOR1,18/06/2022,Kristiansund,Bodo/Glimt,0,2,A,1.80,2.00,1.80,2.00
NOR1,19/06/2022,Jerv,Ham-Kam,1,2,A,1.80,2.00,1.80,2.00
NOR1,19/06/2022,Lillestrom,Rosenborg,3,1,H,1.80,2.00,1.80,2.00
NOR1,19/06/2022,Odd,Molde,1,2,A,1.80,2.00,1.80,2.00
NOR1,19/06/2022,Tromso,Haugesund,1,1,D,1.80,2.00,1.80,2.00
NOR1,19/06/2022,Viking,Sandefjord,1,2,A,1.80,2.00,1.80,2.00
NOR1,19/06/2022,Aalesund,Valerenga,2,2,D,1.80,2.00,1.80,2.00
NOR1,25/06/2022,Haugesund,Viking,4,2,H,1.80,2.00,1.80,2.00
NOR1,25/06/2022,Rosenborg,Kristiansund,3,1,H,1.80,2.00,1.80,2.00
NOR1,26/06/2022,Bodo/Glimt,Aalesund,2,0,H,1.80,2.00,1.80,2.00
NOR1,26/06/2022,Ham-Kam,Sarpsborg 08,3,2,H,1.80,2.00,1.80,2.00
NOR1,26/06/2022,Sandefjord,Tromso,2,2,D,1.80,2.00,1.80,2.00
NOR1,26/06/2022,Stromsgodset,Lillestrom,3,0,H,1.80,2.00,1.80,2.00
NOR1,26/06/2022,Valerenga,Odd,0,1,A,1.80,2.00,1.80,2.00
NOR1,02/07/2022,Jerv,Haugesund,1,0,H,1.80,2.00,1.80,2.00
NOR1,02/07/2022,Odd,Bodo/Glimt,3,2,H,1.80,2.00,1.80,2.00
NOR1,03/07/2022,Aalesund,Stromsgodset,1,0,H,1.80,2.00,1.80,2.00
NOR1,03/07/2022,Ham-Kam,Molde,0,0,D,1.80,2.00,1.80,2.00
NOR1,03/07/2022,Kristiansund,Lillestrom,1,3,A,1.80,2.00,1.80,2.00
NOR1,03/07/2022,Sarpsborg 08,Sandefjord,4,3,H,1.80,2.00,1.80,2.00
NOR1,03/07/2022,Viking,Rosenborg,1,1,D,1.80,2.00,1.80,2.00
NOR1,06/07/2022,Molde,Jerv,1,1,D,1.80,2.00,1.80,2.00
NOR1,09/07/2022,Bodo/Glimt,Sarpsborg 08,4,1,H,1.80,2.00,1.80,2.00
NOR1,09/07/2022,Stromsgodset,Odd,0,0,D,1.80,2.00,1.80,2.00
NOR1,10/07/2022,Lillestrom,Viking,0,1,A,1.80,2.00,1.80,2.00
NOR1,10/07/2022,Molde,Tromso,5,1,H,1.80,2.00,1.80,2.00
NOR1,10/07/2022,Rosenborg,Jerv,3,2,H,1.80,2.00,1.80,2.00
NOR1,10/07/2022,Valerenga,Kristiansund,3,0,H,1.80,2.00,1.80,2.00
NOR1,10/07/2022,Haugesund,Ham-Kam,1,1,D,1.80,2.00,1.80,2.00
NOR1,12/07/2022,Sandefjord,Aalesund,2,2,D,1.80,2.00,1.80,2.00
NOR1,16/07/2022,Jerv,Sandefjord,1,2,A,1.80,2.00,1.80,2.00
NOR1,16/07/2022,Ham-Kam,Bodo/Glimt,0,2,A,1.80,2.00,1.80,2.00
NOR1,17/07/2022,Molde,Haugesund,1,0,H,1.80,2.00,1.80,2.00
NOR1,17/07/2022,Odd,Lillestrom,1,2,A,1.80,2.00,1.80,2.00
NOR1,17/07/2022,Sarpsborg 08,Valerenga,0,1,A,1.80,2.00,1.80,2.00
NOR1,17/07/2022,Viking,Kristiansund,2,1,H,1.80,2.00,1.80,2.00
NOR1,17/07/2022,Aalesund,Rosenborg,0,0,D,1.80,2.00,1.80,2.00
NOR1,23/07/2022,Bodo/Glimt,Jerv,5,0,H,1.80,2.00,1.80,2.00
NOR1,23/07/2022,Rosenborg,Tromso,3,0,H,1.80,2.00,1.80,2.00
NOR1,24/07/2022,Haugesund,Sarpsborg 08,3,1,H,1.80,2.00,1.80,2.00
NOR1,24/07/2022,Kristiansund,Odd,2,2,D,1.80,2.00,1.80,2.00
NOR1,24/07/2022,Sandefjord,Molde,2,3,A,1.80,2.00,1.80,2.00
NOR1,24/07/2022,Valerenga,Viking,4,2,H,1.80,2.00,1.80,2.00
NOR1,24/07/2022,Stromsgodset,Ham-Kam,1,1,D,1.80,2.00,1.80,2.00
NOR1,27/07/2022,Sandefjord,Kristiansund,2,0,H,1.80,2.00,1.80,2.00
NOR1,30/07/2022,Aalesund,Bodo/Glimt,1,2,A,1.80,2.00,1.80,2.00
NOR1,30/07/2022,Ham-Kam,Kristiansund,0,1,A,1.80,2.00,1.80,2.00
NOR1,30/07/2022,Odd,Rosenborg,2,3,A,1.80,2.00,1.80,2.00
NOR1,30/07/2022,Tromso,Sandefjord,3,0,H,1.80,2.00,1.80,2.00
NOR1,30/07/2022,Jerv,Valerenga,2,5,A,1.80,2.00,1.80,2.00
NOR1,31/07/2022,Molde,Stromsgodset,3,0,H,1.80,2.00,1.80,2.00
NOR1,31/07/2022,Sarpsborg 08,Lillestrom,0,2,A,1.80,2.00,1.80,2.00
NOR1,03/08/2022,Kristiansund,Tromso,1,1,D,1.80,2.00,1.80,2.00
NOR1,06/08/2022,Bodo/Glimt,Odd,7,0,H,1.80,2.00,1.80,2.00
NOR1,06/08/2022,Rosenborg,Ham-Kam,2,1,H,1.80,2.00,1.80,2.00
NOR1,07/08/2022,Haugesund,Jerv,3,1,H,1.80,2.00,1.80,2.00
NOR1,07/08/2022,Kristiansund,Molde,2,3,A,1.80,2.00,1.80,2.00
NOR1,07/08/2022,Lillestrom,Tromso,1,1,D,1.80,2.00,1.80,2.00
NOR1,07/08/2022,Sandefjord,Viking,2,2,D,1.80,2.00,1.80,2.00
NOR1,07/08/2022,Stromsgodset,Sarpsborg 08,3,1,H,1.80,2.00,1.80,2.00
NOR1,07/08/2022,Valerenga,Aalesund,4,0,H,1.80,2.00,1.80,2.00
NOR1,12/08/2022,Sandefjord,Rosenborg,2,5,A,1.80,2.00,1.80,2.00
NOR1,12/08/2022,Sarpsborg 08,Bodo/Glimt,1,4,A,1.80,2.00,1.80,2.00
NOR1,13/08/2022,Aalesund,Haugesund,1,2,A,1.80,2.00,1.80,2.00
NOR1,14/08/2022,Jerv,Lillestrom,1,0,H,1.80,2.00,1.80,2.00
NOR1,14/08/2022,Tromso,Kristiansund,2,1,H,1.80,2.00,1.80,2.00
NOR1,14/08/2022,Ham-Kam,Valerenga,1,1,D,1.80,2.00,1.80,2.00
NOR1,20/08/2022,Bodo/Glimt,Ham-Kam,2,2,D,1.80,2.00,1.80,2.00
NOR1,20/08/2022,Odd,Sarpsborg 08,1,0,H,1.80,2.00,1.80,2.00
NOR1,21/08/2022,Haugesund,Molde,0,1,A,1.80,2.00,1.80,2.00
NOR1,21/08/2022,Lillestrom,Sandefjord,3,0,H,1.80,2.00,1.80,2.00
NOR1,21/08/2022,Stromsgodset,Jerv,6,0,H,1.80,2.00,1.80,2.00
NOR1,21/08/2022,Valerenga,Tromso,1,0,H,1.80,2.00,1.80,2.00
NOR1,21/08/2022,Rosenborg,Aalesund,2,1,H,1.80,2.00,1.80,2.00
NOR1,27/08/2022,Jerv,Bodo/Glimt,0,2,A,1.80,2.00,1.80,2.00
NOR1,27/08/2022,Sandefjord,Stromsgodset,2,2,D,1.80,2.00,1.80,2.00
NOR1,28/08/2022,Aalesund,Odd,1,1,D,1.80,2.00,1.80,2.00
NOR1,28/08/2022,Ham-Kam,Haugesund,1,0,H,1.80,2.00,1.80,2.00
NOR1,28/08/2022,Lillestrom,Kristiansund,1,1,D,1.80,2.00,1.80,2.00
NOR1,28/08/2022,Molde,Sarpsborg 08,4,1,H,1.80,2.00,1.80,2.00
NOR1,28/08/2022,Viking,Valerenga,1,2,A,1.80,2.00,1.80,2.00
NOR1,28/08/2022,Tromso,Rosenborg,4,3,H,1.80,2.00,1.80,2.00
NOR1,31/08/2022,Kristiansund,Viking,2,1,H,1.80,2.00,1.80,2.00
NOR1,31/08/2022,Tromso,Stromsgodset,1,0,H,1.80,2.00,1.80,2.00
NOR1,03/09/2022,Bodo/Glimt,Molde,1,4,A,1.80,2.00,1.80,2.00
NOR1,04/09/2022,Haugesund,Tromso,2,1,H,1.80,2.00,1.80,2.00
NOR1,04/09/2022,Kristiansund,Sandefjord,3,1,H,1.80,2.00,1.80,2.00
NOR1,04/09/2022,Odd,Jerv,2,1,H,1.80,2.00,1.80,2.00
NOR1,04/09/2022,Rosenborg,Viking,4,1,H,1.80,2.00,1.80,2.00
NOR1,04/09/2022,Sarpsborg 08,Ham-Kam,2,1,H,1.80,2.00,1.80,2.00
NOR1,04/09/2022,Stromsgodset,Aalesund,1,2,A,1.80,2.00,1.80,2.00
NOR1,04/09/2022,Valerenga,Lillestrom,3,1,H,1.80,2.00,1.80,2.00
NOR1,10/09/2022,Sandefjord,Odd,1,3,A,1.80,2.00,1.80,2.00
NOR1,10/09/2022,Lillestrom,Stromsgodset,2,1,H,1.80,2.00,1.80,2.00
NOR1,11/09/2022,Aalesund,Sarpsborg 08,1,3,A,1.80,2.00,1.80,2.00
NOR1,11/09/2022,Ham-Kam,Viking,1,2,A,1.80,2.00,1.80,2.00
NOR1,11/09/2022,Jerv,Molde,2,4,A,1.80,2.00,1.80,2.00
NOR1,11/09/2022,Kristiansund,Valerenga,3,2,H,1.80,2.00,1.80,2.00
NOR1,11/09/2022,Tromso,Bodo/Glimt,3,2,H,1.80,2.00,1.80,2.00
NOR1,11/09/2022,Haugesund,Rosenborg,2,1,H,1.80,2.00,1.80,2.00
NOR1,17/09/2022,Odd,Ham-Kam,2,0,H,1.80,2.00,1.80,2.00
NOR1,18/09/2022,Bodo/Glimt,Haugesund,1,1,D,1.80,2.00,1.80,2.00
NOR1,18/09/2022,Rosenborg,Lillestrom,3,1,H,1.80,2.00,1.80,2.00
NOR1,18/09/2022,Sarpsborg 08,Jerv,4,3,H,1.80,2.00,1.80,2.00
NOR1,18/09/2022,Stromsgodset,Kristiansund,4,1,H,1.80,2.00,1.80,2.00
NOR1,18/09/2022,Valerenga,Sandefjord,4,0,H,1.80,2.00,1.80,2.00
NOR1,18/09/2022,Viking,Tromso,2,2,D,1.80,2.00,1.80,2.00
NOR1,18/09/2022,Molde,Aalesund,3,0,H,1.80,2.00,1.80,2.00
NOR1,01/10/2022,Tromso,Molde,0,1,A,1.80,2.00,1.80,2.00
NOR1,01/10/2022,Lillestrom,Bodo/Glimt,1,4,A,1.80,2.00,1.80,2.00
NOR1,01/10/2022,Valerenga,Stromsgodset,4,0,H,1.80,2.00,1.80,2.00
NOR1,02/10/2022,Aalesund,Viking,2,1,H,1.80,2.00,1.80,2.00
NOR1,02/10/2022,Ham-Kam,Jerv,2,1,H,1.80,2.00,1.80,2.00
NOR1,02/10/2022,Haugesund,Odd,2,2,D,1.80,2.00,1.80,2.00
NOR1,02/10/2022,Sandefjord,Sarpsborg 08,1,1,D,1.80,2.00,1.80,2.00
NOR1,02/10/2022,Kristiansund,Rosenborg,4,4,D,1.80,2.00,1.80,2.00
NOR1,08/10/2022,Sarpsborg 08,Haugesund,4,0,H,1.80,2.00,1.80,2.00
NOR1,09/10/2022,Bodo/Glimt,Sandefjord,4,1,H,1.80,2.00,1.80,2.00
NOR1,09/10/2022,Molde,Ham-Kam,5,0,H,1.80,2.00,1.80,2.00
NOR1,09/10/2022,Odd,Kristiansund,1,1,D,1.80,2.00,1.80,2.00
NOR1,09/10/2022,Stromsgodset,Tromso,1,2,A,1.80,2.00,1.80,2.00
NOR1,09/10/2022,Viking,Lillestrom,0,3,A,1.80,2.00,1.80,2.00
NOR1,09/10/2022,Rosenborg,Valerenga,3,0,H,1.80,2.00,1.80,2.00
NOR1,15/10/2022,Tromso,Odd,3,2,H,1.80,2.00,1.80,2.00
NOR1,15/10/2022,Rosenborg,Stromsgodset,3,0,H,1.80,2.00,1.80,2.00
NOR1,16/10/2022,Valerenga,Bodo/Glimt,0,6,A,1.80,2.00,1.80,2.00
NOR1,16/10/2022,Aalesund,Ham-Kam,0,0,D,1.80,2.00,1.80,2.00
NOR1,16/10/2022,Kristiansund,Haugesund,0,1,A,1.80,2.00,1.80,2.00
NOR1,16/10/2022,Sandefjord,Jerv,1,2,A,1.80,2.00,1.80,2.00
NOR1,16/10/2022,Viking,Sarpsborg 08,0,1,A,1.80,2.00,1.80,2.00
NOR1,16/10/2022,Lillestrom,Molde,0,1,A,1.80,2.00,1.80,2.00
NOR1,19/10/2022,Jerv,Aalesund,0,1,A,1.80,2.00,1.80,2.00
NOR1,22/10/2022,Ham-Kam,Stromsgodset,1,1,D,1.80,2.00,1.80,2.00
NOR1,22/10/2022,Odd,Valerenga,2,1,H,1.80,2.00,1.80,2.00
NOR1,23/10/2022,Aalesund,Sandefjord,1,0,H,1.80,2.00,1.80,2.00
NOR1,23/10/2022,Bodo/Glimt,Kristiansund,5,0,H,1.80,2.00,1.80,2.00
NOR1,23/10/2022,Haugesund,Lillestrom,0,1,A,1.80,2.00,1.80,2.00
NOR1,23/10/2022,Jerv,Viking,2,2,D,1.80,2.00,1.80,2.00
NOR1,23/10/2022,Sarpsborg 08,Tromso,1,1,D,1.80,2.00,1.80,2.00
NOR1,23/10/2022,Molde,Rosenborg,2,1,H,1.80,2.00,1.80,2.00
NOR1,29/10/2022,Stromsgodset,Haugesund,1,2,A,1.80,2.00,1.80,2.00
NOR1,29/10/2022,Valerenga,Sarpsborg 08,3,3,D,1.80,2.00,1.80,2.00
NOR1,30/10/2022,Kristiansund,Aalesund,4,0,H,1.80,2.00,1.80,2.00
NOR1,30/10/2022,Lillestrom,Odd,0,2,A,1.80,2.00,1.80,2.00
NOR1,30/10/2022,Rosenborg,Bodo/Glimt,3,2,H,1.80,2.00,1.80,2.00
NOR1,30/10/2022,Sandefjord,Ham-Kam,1,2,A,1.80,2.00,1.80,2.00
NOR1,30/10/2022,Tromso,Jerv,2,2,D,1.80,2.00,1.80,2.00
NOR1,30/10/2022,Viking,Molde,1,4,A,1.80,2.00,1.80,2.00
NOR1,06/11/2022,Aalesund,Lillestrom,2,1,H,1.80,2.00,1.80,2.00
NOR1,06/11/2022,Bodo/Glimt,Viking,5,4,H,1.80,2.00,1.80,2.00
NOR1,06/11/2022,Ham-Kam,Tromso,1,2,A,1.80,2.00,1.80,2.00
NOR1,06/11/2022,Haugesund,Valerenga,1,1,D,1.80,2.00,1.80,2.00
NOR1,06/11/2022,Jerv,Rosenborg,2,4,A,1.80,2.00,1.80,2.00
NOR1,06/11/2022,Molde,Sandefjord,2,1,H,1.80,2.00,1.80,2.00
NOR1,06/11/2022,Odd,Stromsgodset,5,1,H,1.80,2.00,1.80,2.00
NOR1,06/11/2022,Sarpsborg 08,Kristiansund,2,2,D,1.80,2.00,1.80,2.00
NOR1,13/11/2022,Kristiansund,Jerv,1,1,D,1.80,2.00,1.80,2.00
NOR1,13/11/2022,Lillestrom,Ham-Kam,3,1,H,1.80,2.00,1.80,2.00
NOR1,13/11/2022,Rosenborg,Sarpsborg 08,2,3,A,1.80,2.00,1.80,2.00
NOR1,13/11/2022,Sandefjord,Haugesund,2,2,D,1.80,2.00,1.80,2.00
NOR1,13/11/2022,Stromsgodset,Bodo/Glimt,2,4,A,1.80,2.00,1.80,2.00
NOR1,13/11/2022,Tromso,Aalesund,2,2,D,1.80,2.00,1.80,2.00
NOR1,13/11/2022,Valerenga,Molde,1,2,A,1.80,2.00,1.80,2.00
NOR1,13/11/2022,Viking,Odd,1,1,D,1.80,2.00,1.80,2.00
NOR1,16/11/2022,Sandefjord,Kongsvinger,4,0,H,1.80,2.00,1.80,2.00
NOR1,19/11/2022,Kongsvinger,Sandefjord,2,1,H,1.80,2.00,1.80,2.00
NOR1,10/04/2023,Rosenborg,Viking,1,0,H,1.80,2.00,1.80,2.00
NOR1,10/04/2023,Aalesund,Valerenga,0,1,A,1.80,2.00,1.80,2.00
NOR1,10/04/2023,Ham-Kam,Sandefjord,2,0,H,1.80,2.00,1.80,2.00
NOR1,10/04/2023,Sarpsborg 08,Bodo/Glimt,0,2,A,1.80,2.00,1.80,2.00
NOR1,10/04/2023,Stabaek,Odd,0,0,D,1.80,2.00,1.80,2.00
NOR1,10/04/2023,Tromso,Molde,1,0,H,1.80,2.00,1.80,2.00
NOR1,10/04/2023,Brann,Haugesund,3,0,H,1.80,2.00,1.80,2.00
NOR1,15/04/2023,Viking,Lillestrom,2,0,H,1.80,2.00,1.80,2.00
NOR1,16/04/2023,Bodo/Glimt,Stabaek,4,0,H,1.80,2.00,1.80,2.00
NOR1,16/04/2023,Haugesund,Ham-Kam,3,2,H,1.80,2.00,1.80,2.00
NOR1,16/04/2023,Molde,Rosenborg,1,1,D,1.80,2.00,1.80,2.00
NOR1,16/04/2023,Odd,Brann,2,0,H,1.80,2.00,1.80,2.00
NOR1,16/04/2023,Sandefjord,Tromso,0,0,D,1.80,2.00,1.80,2.00
NOR1,16/04/2023,Stromsgodset,Aalesund,1,0,H,1.80,2.00,1.80,2.00
NOR1,16/04/2023,Valerenga,Sarpsborg 08,0,2,A,1.80,2.00,1.80,2.00
NOR1,19/04/2023,Lillestrom,Stromsgodset,4,3,H,1.80,2.00,1.80,2.00
NOR1,22/04/2023,Brann,Valerenga,3,1,H,1.80,2.00,1.80,2.00
NOR1,23/04/2023,Aalesund,Bodo/Glimt,0,3,A,1.80,2.00,1.80,2.00
NOR1,23/04/2023,Ham-Kam,Stromsgodset,2,0,H,1.80,2.00,1.80,2.00
NOR1,23/04/2023,Rosenborg,Sandefjord,1,1,D,1.80,2.00,1.80,2.00
NOR1,23/04/2023,Sarpsborg 08,Odd,0,0,D,1.80,2.00,1.80,2.00
NOR1,23/04/2023,Stabaek,Haugesund,3,0,H,1.80,2.00,1.80,2.00
NOR1,23/04/2023,Tromso,Viking,1,1,D,1.80,2.00,1.80,2.00
NOR1,23/04/2023,Lillestrom,Molde,2,1,H,1.80,2.00,1.80,2.00
NOR1,29/04/2023,Bodo/Glimt,Brann,2,2,D,1.80,2.00,1.80,2.00
NOR1,30/04/2023,Haugesund,Sarpsborg 08,0,0,D,1.80,2.00,1.80,2.00
NOR1,30/04/2023,Molde,Stabaek,2,3,A,1.80,2.00,1.80,2.00
NOR1,30/04/2023,Sandefjord,Aalesund,4,0,H,1.80,2.00,1.80,2.00
NOR1,30/04/2023,Stromsgodset,Tromso,0,1,A,1.80,2.00,1.80,2.00
NOR1,30/04/2023,Viking,Ham-Kam,7,3,H,1.80,2.00,1.80,2.00
NOR1,30/04/2023,Odd,Rosenborg,0,0,D,1.80,2.00,1.80,2.00
NOR1,01/05/2023,Valerenga,Lillestrom,3,4,A,1.80,2.00,1.80,2.00
NOR1,03/05/2023,Bodo/Glimt,Odd,2,0,H,1.80,2.00,1.80,2.00
NOR1,03/05/2023,Molde,Aalesund,3,0,H,1.80,2.00,1.80,2.00
NOR1,03/05/2023,Rosenborg,Brann,0,2,A,1.80,2.00,1.80,2.00
NOR1,06/05/2023,Rosenborg,Valerenga,1,3,A,1.80,2.00,1.80,2.00
NOR1,07/05/2023,Aalesund,Haugesund,0,0,D,1.80,2.00,1.80,2.00
NOR1,07/05/2023,Ham-Kam,Molde,0,4,A,1.80,2.00,1.80,2.00
NOR1,07/05/2023,Stabaek,Sarpsborg 08,1,1,D,1.80,2.00,1.80,2.00
NOR1,07/05/2023,Tromso,Odd,0,1,A,1.80,2.00,1.80,2.00
NOR1,07/05/2023,Viking,Stromsgodset,1,1,D,1.80,2.00,1.80,2.00
NOR1,07/05/2023,Lillestrom,Bodo/Glimt,1,2,A,1.80,2.00,1.80,2.00
NOR1,08/05/2023,Brann,Sandefjord,0,0,D,1.80,2.00,1.80,2.00
NOR1,12/05/2023,Odd,Lillestrom,0,1,A,1.80,2.00,1.80,2.00
NOR1,13/05/2023,Bodo/Glimt,Rosenborg,3,2,H,1.80,2.00,1.80,2.00
NOR1,13/05/2023,Ham-Kam,Tromso,1,2,A,1.80,2.00,1.80,2.00
NOR1,13/05/2023,Molde,Stromsgodset,3,2,H,1.80,2.00,1.80,2.00
NOR1,13/05/2023,Sandefjord,Viking,1,2,A,1.80,2.00,1.80,2.00
NOR1,13/05/2023,Sarpsborg 08,Brann,2,1,H,1.80,2.00,1.80,2.00
NOR1,13/05/2023,Stabaek,Aalesund,1,0,H,1.80,2.00,1.80,2.00
NOR1,13/05/2023,Haugesund,Valerenga,1,1,D,1.80,2.00,1.80,2.00
NOR1,16/05/2023,Aalesund,Molde,3,1,H,1.80,2.00,1.80,2.00
NOR1,16/05/2023,Brann,Stabaek,4,1,H,1.80,2.00,1.80,2.00
NOR1,16/05/2023,Lillestrom,Sarpsborg 08,1,2,A,1.80,2.00,1.80,2.00
NOR1,16/05/2023,Rosenborg,Haugesund,1,0,H,1.80,2.00,1.80,2.00
NOR1,16/05/2023,Stromsgodset,Sandefjord,1,0,H,1.80,2.00,1.80,2.00
NOR1,16/05/2023,Tromso,Bodo/Glimt,2,3,A,1.80,2.00,1.80,2.00
NOR1,16/05/2023,Valerenga,Ham-Kam,3,0,H,1.80,2.00,1.80,2.00
NOR1,16/05/2023,Viking,Odd,3,2,H,1.80,2.00,1.80,2.00
NOR1,29/05/2023,Bodo/Glimt,Viking,5,1,H,1.80,2.00,1.80,2.00
NOR1,29/05/2023,Brann,Rosenborg,3,1,H,1.80,2.00,1.80,2.00
NOR1,29/05/2023,Haugesund,Tromso,1,2,A,1.80,2.00,1.80,2.00
NOR1,29/05/2023,Molde,Sandefjord,5,0,H,1.80,2.00,1.80,2.00
NOR1,29/05/2023,Odd,Stromsgodset,1,1,D,1.80,2.00,1.80,2.00
NOR1,29/05/2023,Sarpsborg 08,Aalesund,3,1,H,1.80,2.00,1.80,2.00
NOR1,29/05/2023,Stabaek,Valerenga,2,1,H,1.80,2.00,1.80,2.00
NOR1,29/05/2023,Ham-Kam,Lillestrom,0,0,D,1.80,2.00,1.80,2.00
NOR1,04/06/2023,Aalesund,Brann,1,3,A,1.80,2.00,1.80,2.00
NOR1,04/06/2023,Lillestrom,Stabaek,3,1,H,1.80,2.00,1.80,2.00
NOR1,04/06/2023,Rosenborg,Ham-Kam,4,0,H,1.80,2.00,1.80,2.00
NOR1,04/06/2023,Sandefjord,Odd,4,1,H,1.80,2.00,1.80,2.00
NOR1,04/06/2023,Stromsgodset,Haugesund,1,2,A,1.80,2.00,1.80,2.00
NOR1,04/06/2023,Tromso,Sarpsborg 08,2,1,H,1.80,2.00,1.80,2.00
NOR1,04/06/2023,Valerenga,Bodo/Glimt,1,3,A,1.80,2.00,1.80,2.00
NOR1,04/06/2023,Viking,Molde,3,4,A,1.80,2.00,1.80,2.00
NOR1,11/06/2023,Aalesund,Tromso,2,3,A,1.80,2.00,1.80,2.00
NOR1,11/06/2023,Bodo/Glimt,Ham-Kam,3,0,H,1.80,2.00,1.80,2.00
NOR1,11/06/2023,Haugesund,Sandefjord,3,2,H,1.80,2.00,1.80,2.00
NOR1,11/06/2023,Odd,Molde,1,0,H,1.80,2.00,1.80,2.00
NOR1,11/06/2023,Sarpsborg 08,Viking,1,3,A,1.80,2.00,1.80,2.00
NOR1,11/06/2023,Stabaek,Rosenborg,2,2,D,1.80,2.00,1.80,2.00
NOR1,11/06/2023,Valerenga,Stromsgodset,0,1,A,1.80,2.00,1.80,2.00
NOR1,11/06/2023,Brann,Lillestrom,2,2,D,1.80,2.00,1.80,2.00
NOR1,24/06/2023,Viking,Brann,3,1,H,1.80,2.00,1.80,2.00
NOR1,25/06/2023,Ham-Kam,Odd,0,1,A,1.80,2.00,1.80,2.00
NOR1,25/06/2023,Molde,Haugesund,1,0,H,1.80,2.00,1.80,2.00
NOR1,25/06/2023,Rosenborg,Sarpsborg 08,0,3,A,1.80,2.00,1.80,2.00
NOR1,25/06/2023,Tromso,Stabaek,2,1,H,1.80,2.00,1.80,2.00
NOR1,25/06/2023,Stromsgodset,Bodo/Glimt,2,0,H,1.80,2.00,1.80,2.00
NOR1,01/07/2023,Valerenga,Viking,1,2,A,1.80,2.00,1.80,2.00
NOR1,02/07/2023,Aalesund,Rosenborg,1,0,H,1.80,2.00,1.80,2.00
NOR1,02/07/2023,Brann,Ham-Kam,2,1,H,1.80,2.00,1.80,2.00
NOR1,02/07/2023,Haugesund,Odd,2,1,H,1.80,2.00,1.80,2.00
NOR1,02/07/2023,Lillestrom,Tromso,0,1,A,1.80,2.00,1.80,2.00
NOR1,02/07/2023,Sarpsborg 08,Sandefjord,6,1,H,1.80,2.00,1.80,2.00
NOR1,02/07/2023,Bodo/Glimt,Molde,2,2,D,1.80,2.00,1.80,2.00
NOR1,03/07/2023,Stabaek,Stromsgodset,0,1,A,1.80,2.00,1.80,2.00
NOR1,07/07/2023,Ham-Kam,Aalesund,2,1,H,1.80,2.00,1.80,2.00
NOR1,08/07/2023,Viking,Haugesund,2,0,H,1.80,2.00,1.80,2.00
NOR1,09/07/2023,Odd,Bodo/Glimt,0,2,A,1.80,2.00,1.80,2.00
NOR1,09/07/2023,Rosenborg,Lillestrom,1,2,A,1.80,2.00,1.80,2.00
NOR1,09/07/2023,Sandefjord,Stabaek,0,0,D,1.80,2.00,1.80,2.00
NOR1,09/07/2023,Stromsgodset,Sarpsborg 08,5,2,H,1.80,2.00,1.80,2.00
NOR1,09/07/2023,Tromso,Valerenga,0,0,D,1.80,2.00,1.80,2.00
NOR1,09/07/2023,Molde,Brann,2,0,H,1.80,2.00,1.80,2.00
NOR1,15/07/2023,Valerenga,Molde,0,4,A,1.80,2.00,1.80,2.00
NOR1,16/07/2023,Aalesund,Odd,0,3,A,1.80,2.00,1.80,2.00
NOR1,16/07/2023,Bodo/Glimt,Haugesund,2,1,H,1.80,2.00,1.80,2.00
NOR1,16/07/2023,Lillestrom,Sandefjord,4,2,H,1.80,2.00,1.80,2.00
NOR1,16/07/2023,Rosenborg,Tromso,2,1,H,1.80,2.00,1.80,2.00
NOR1,16/07/2023,Sarpsborg 08,Ham-Kam,2,3,A,1.80,2.00,1.80,2.00
NOR1,16/07/2023,Stabaek,Viking,0,1,A,1.80,2.00,1.80,2.00
NOR1,16/07/2023,Brann,Stromsgodset,1,0,H,1.80,2.00,1.80,2.00
NOR1,19/07/2023,Lillestrom,Aalesund,5,1,H,1.80,2.00,1.80,2.00
NOR1,22/07/2023,Molde,Sarpsborg 08,5,1,H,1.80,2.00,1.80,2.00
NOR1,23/07/2023,Ham-Kam,Stabaek,3,2,H,1.80,2.00,1.80,2.00
NOR1,23/07/2023,Haugesund,Lillestrom,1,0,H,1.80,2.00,1.80,2.00
NOR1,23/07/2023,Odd,Valerenga,2,1,H,1.80,2.00,1.80,2.00
NOR1,23/07/2023,Sandefjord,Bodo/Glimt,2,5,A,1.80,2.00,1.80,2.00
NOR1,23/07/2023,Tromso,Brann,3,1,H,1.80,2.00,1.80,2.00
NOR1,23/07/2023,Stromsgodset,Rosenborg,0,1,A,1.80,2.00,1.80,2.00
NOR1,24/07/2023,Viking,Aalesund,3,1,H,1.80,2.00,1.80,2.00
NOR1,29/07/2023,Valerenga,Sandefjord,2,3,A,1.80,2.00,1.80,2.00
NOR1,29/07/2023,Stabaek,Molde,0,1,A,1.80,2.00,1.80,2.00
NOR1,30/07/2023,Aalesund,Stromsgodset,1,0,H,1.80,2.00,1.80,2.00
NOR1,30/07/2023,Brann,Viking,0,2,A,1.80,2.00,1.80,2.00
NOR1,30/07/2023,Lillestrom,Ham-Kam,3,1,H,1.80,2.00,1.80,2.00
NOR1,30/07/2023,Rosenborg,Odd,3,2,H,1.80,2.00,1.80,2.00
NOR1,30/07/2023,Sarpsborg 08,Haugesund,2,1,H,1.80,2.00,1.80,2.00
NOR1,30/07/2023,Bodo/Glimt,Tromso,0,2,A,1.80,2.00,1.80,2.00
NOR1,05/08/2023,Stromsgodset,Valerenga,1,3,A,1.80,2.00,1.80,2.00
NOR1,06/08/2023,Ham-Kam,Brann,0,2,A,1.80,2.00,1.80,2.00
NOR1,06/08/2023,Haugesund,Rosenborg,1,2,A,1.80,2.00,1.80,2.00
NOR1,06/08/2023,Odd,Stabaek,4,0,H,1.80,2.00,1.80,2.00
NOR1,06/08/2023,Sandefjord,Sarpsborg 08,5,1,H,1.80,2.00,1.80,2.00
NOR1,06/08/2023,Tromso,Lillestrom,3,1,H,1.80,2.00,1.80,2.00
NOR1,06/08/2023,Viking,Bodo/Glimt,3,2,H,1.80,2.00,1.80,2.00
NOR1,12/08/2023,Sandefjord,Molde,2,2,D,1.80,2.00,1.80,2.00
NOR1,12/08/2023,Sarpsborg 08,Stromsgodset,1,2,A,1.80,2.00,1.80,2.00
NOR1,13/08/2023,Aalesund,Ham-Kam,0,2,A,1.80,2.00,1.80,2.00
NOR1,13/08/2023,Lillestrom,Viking,1,3,A,1.80,2.00,1.80,2.00
NOR1,13/08/2023,Valerenga,Haugesund,1,1,D,1.80,2.00,1.80,2.00
NOR1,19/08/2023,Molde,Valerenga,0,0,D,1.80,2.00,1.80,2.00
NOR1,19/08/2023,Odd,Sarpsborg 08,0,3,A,1.80,2.00,1.80,2.00
NOR1,20/08/2023,Brann,Aalesund,5,1,H,1.80,2.00,1.80,2.00
NOR1,20/08/2023,Ham-Kam,Rosenborg,3,0,H,1.80,2.00,1.80,2.00
NOR1,20/08/2023,Haugesund,Bodo/Glimt,1,3,A,1.80,2.00,1.80,2.00
NOR1,20/08/2023,Tromso,Sandefjord,1,0,H,1.80,2.00,1.80,2.00
NOR1,20/08/2023,Viking,Stabaek,1,0,H,1.80,2.00,1.80,2.00
NOR1,20/08/2023,Stromsgodset,Lillestrom,1,2,A,1.80,2.00,1.80,2.00
NOR1,26/08/2023,Sarpsborg 08,Tromso,4,0,H,1.80,2.00,1.80,2.00
NOR1,27/08/2023,Sandefjord,Haugesund,0,0,D,1.80,2.00,1.80,2.00
NOR1,27/08/2023,Valerenga,Odd,2,2,D,1.80,2.00,1.80,2.00
NOR1,27/08/2023,Rosenborg,Aalesund,4,0,H,1.80,2.00,1.80,2.00
NOR1,02/09/2023,Viking,Valerenga,1,1,D,1.80,2.00,1.80,2.00
NOR1,03/09/2023,Aalesund,Lillestrom,1,1,D,1.80,2.00,1.80,2.00
NOR1,03/09/2023,Brann,Sarpsborg 08,1,0,H,1.80,2.00,1.80,2.00
NOR1,03/09/2023,Haugesund,Molde,1,2,A,1.80,2.00,1.80,2.00
NOR1,03/09/2023,Odd,Sandefjord,3,2,H,1.80,2.00,1.80,2.00
NOR1,03/09/2023,Stromsgodset,Stabaek,2,1,H,1.80,2.00,1.80,2.00
NOR1,03/09/2023,Tromso,Rosenborg,3,1,H,1.80,2.00,1.80,2.00
NOR1,03/09/2023,Ham-Kam,Bodo/Glimt,4,4,D,1.80,2.00,1.80,2.00
NOR1,16/09/2023,Haugesund,Viking,0,2,A,1.80,2.00,1.80,2.00
NOR1,16/09/2023,Molde,Odd,4,1,H,1.80,2.00,1.80,2.00
NOR1,16/09/2023,Sandefjord,Stromsgodset,2,0,H,1.80,2.00,1.80,2.00
NOR1,17/09/2023,Rosenborg,Bodo/Glimt,1,1,D,1.80,2.00,1.80,2.00
NOR1,17/09/2023,Sarpsborg 08,Lillestrom,3,1,H,1.80,2.00,1.80,2.00
NOR1,17/09/2023,Stabaek,Brann,0,1,A,1.80,2.00,1.80,2.00
NOR1,17/09/2023,Tromso,HamKam,2,1,H,1.80,2.00,1.80,2.00
NOR1,17/09/2023,Valerenga,Aalesund,3,1,H,1.80,2.00,1.80,2.00
NOR1,23/09/2023,Aalesund,Stabaek,1,1,D,1.80,2.00,1.80,2.00
NOR1,24/09/2023,Bodo/Glimt,Valerenga,4,2,H,1.80,2.00,1.80,2.00
NOR1,24/09/2023,HamKam,Sarpsborg 08,1,1,D,1.80,2.00,1.80,2.00
NOR1,24/09/2023,Lillestrom,Rosenborg,3,0,H,1.80,2.00,1.80,2.00
NOR1,24/09/2023,Odd,Haugesund,1,1,D,1.80,2.00,1.80,2.00
NOR1,24/09/2023,Stromsgodset,Molde,1,1,D,1.80,2.00,1.80,2.00
NOR1,24/09/2023,Viking,Sandefjord,4,3,H,1.80,2.00,1.80,2.00
NOR1,24/09/2023,Brann,Tromso,2,1,H,1.80,2.00,1.80,2.00
NOR1,30/09/2023,Stabaek,Tromso,0,1,A,1.80,2.00,1.80,2.00
NOR1,01/10/2023,Lillestrom,Brann,0,2,A,1.80,2.00,1.80,2.00
NOR1,01/10/2023,Molde,Viking,4,0,H,1.80,2.00,1.80,2.00
NOR1,01/10/2023,Sandefjord,Valerenga,1,2,A,1.80,2.00,1.80,2.00
NOR1,01/10/2023,Bodo/Glimt,Stromsgodset,2,0,H,1.80,2.00,1.80,2.00
NOR1,04/10/2023,Stabaek,HamKam,5,2,H,1.80,2.00,1.80,2.00
NOR1,07/10/2023,Odd,Viking,1,1,D,1.80,2.00,1.80,2.00
NOR1,08/10/2023,Haugesund,Stromsgodset,1,0,H,1.80,2.00,1.80,2.00
NOR1,08/10/2023,Molde,Bodo/Glimt,1,3,A,1.80,2.00,1.80,2.00
NOR1,08/10/2023,Sandefjord,HamKam,0,1,A,1.80,2.00,1.80,2.00
NOR1,08/10/2023,Sarpsborg 08,Rosenborg,5,2,H,1.80,2.00,1.80,2.00
NOR1,08/10/2023,Stabaek,Lillestrom,1,0,H,1.80,2.00,1.80,2.00
NOR1,08/10/2023,Tromso,Aalesund,1,2,A,1.80,2.00,1.80,2.00
NOR1,08/10/2023,Valerenga,Brann,1,2,A,1.80,2.00,1.80,2.00
NOR1,21/10/2023,Bodo/Glimt,Sandefjord,4,3,H,1.80,2.00,1.80,2.00
NOR1,21/10/2023,Brann,Molde,3,2,H,1.80,2.00,1.80,2.00
NOR1,22/10/2023,Lillestrom,Valerenga,2,0,H,1.80,2.00,1.80,2.00
NOR1,22/10/2023,Aalesund,Sarpsborg 08,3,2,H,1.80,2.00,1.80,2.00
NOR1,22/10/2023,HamKam,Haugesund,0,3,A,1.80,2.00,1.80,2.00
NOR1,22/10/2023,Rosenborg,Stabaek,1,1,D,1.80,2.00,1.80,2.00
NOR1,22/10/2023,Stromsgodset,Odd,3,1,H,1.80,2.00,1.80,2.00
NOR1,22/10/2023,Viking,Tromso,3,4,A,1.80,2.00,1.80,2.00
NOR1,28/10/2023,Haugesund,Aalesund,6,1,H,1.80,2.00,1.80,2.00
NOR1,29/10/2023,Odd,HamKam,2,0,H,1.80,2.00,1.80,2.00
NOR1,29/10/2023,Sandefjord,Brann,1,1,D,1.80,2.00,1.80,2.00
NOR1,29/10/2023,Sarpsborg 08,Stabaek,2,2,D,1.80,2.00,1.80,2.00
NOR1,29/10/2023,Stromsgodset,Viking,1,0,H,1.80,2.00,1.80,2.00
NOR1,29/10/2023,Valerenga,Rosenborg,1,3,A,1.80,2.00,1.80,2.00
NOR1,30/10/2023,Bodo/Glimt,Lillestrom,3,1,H,1.80,2.00,1.80,2.00
NOR1,30/10/2023,Molde,Tromso,1,4,A,1.80,2.00,1.80,2.00
NOR1,04/11/2023,HamKam,Viking,3,0,H,1.80,2.00,1.80,2.00
NOR1,05/11/2023,Brann,Odd,2,1,H,1.80,2.00,1.80,2.00
NOR1,05/11/2023,Lillestrom,Haugesund,1,0,H,1.80,2.00,1.80,2.00
NOR1,05/11/2023,Rosenborg,Molde,3,1,H,1.80,2.00,1.80,2.00
NOR1,05/11/2023,Sarpsborg 08,Valerenga,3,2,H,1.80,2.00,1.80,2.00
NOR1,05/11/2023,Stabaek,Bodo/Glimt,0,4,A,1.80,2.00,1.80,2.00
NOR1,05/11/2023,Tromso,Stromsgodset,0,1,A,1.80,2.00,1.80,2.00
NOR1,06/11/2023,Aalesund,Sandefjord,0,3,A,1.80,2.00,1.80,2.00
NOR1,11/11/2023,Haugesund,Brann,0,2,A,1.80,2.00,1.80,2.00
NOR1,12/11/2023,Bodo/Glimt,Aalesund,1,0,H,1.80,2.00,1.80,2.00
NOR1,12/11/2023,Odd,Tromso,1,2,A,1.80,2.00,1.80,2.00
NOR1,12/11/2023,Sandefjord,Rosenborg,3,2,H,1.80,2.00,1.80,2.00
NOR1,12/11/2023,Stromsgodset,HamKam,0,1,A,1.80,2.00,1.80,2.00
NOR1,12/11/2023,Valerenga,Stabaek,0,0,D,1.80,2.00,1.80,2.00
NOR1,12/11/2023,Viking,Sarpsborg 08,2,1,H,1.80,2.00,1.80,2.00
NOR1,12/11/2023,Molde,Lillestrom,4,0,H,1.80,2.00,1.80,2.00
NOR1,26/11/2023,Aalesund,Viking,0,4,A,1.80,2.00,1.80,2.00
NOR1,26/11/2023,Brann,Bodo/Glimt,4,2,H,1.80,2.00,1.80,2.00
NOR1,26/11/2023,HamKam,Valerenga,0,2,A,1.80,2.00,1.80,2.00
NOR1,26/11/2023,Lillestrom,Odd,4,4,D,1.80,2.00,1.80,2.00
NOR1,26/11/2023,Rosenborg,Stromsgodset,1,3,A,1.80,2.00,1.80,2.00
NOR1,26/11/2023,Sarpsborg 08,Molde,1,3,A,1.80,2.00,1.80,2.00
NOR1,26/11/2023,Stabaek,Sandefjord,2,1,H,1.80,2.00,1.80,2.00
NOR1,26/11/2023,Tromso,Haugesund,2,1,H,1.80,2.00,1.80,2.00
NOR1,03/12/2023,Bodo/Glimt,Sarpsborg 08,2,0,H,1.80,2.00,1.80,2.00
NOR1,03/12/2023,Haugesund,Stabaek,3,0,H,1.80,2.00,1.80,2.00
NOR1,03/12/2023,Molde,HamKam,1,1,D,1.80,2.00,1.80,2.00
NOR1,03/12/2023,Odd,Aalesund,4,1,H,1.80,2.00,1.80,2.00
NOR1,03/12/2023,Sandefjord,Lillestrom,1,0,H,1.80,2.00,1.80,2.00
NOR1,03/12/2023,Stromsgodset,Brann,3,0,H,1.80,2.00,1.80,2.00
NOR1,03/12/2023,Valerenga,Tromso,1,1,D,1.80,2.00,1.80,2.00
NOR1,03/12/2023,Viking,Rosenborg,1,5,A,1.80,2.00,1.80,2.00
NOR1,06/12/2023,Kristiansund,Valerenga,0,2,A,1.80,2.00,1.80,2.00
NOR1,10/12/2023,Valerenga,Kristiansund,0,2,A,1.80,2.00,1.80,2.00
NOR1,31/03/2024,Odd,Haugesund,1,2,A,1.80,2.00,1.80,2.00
NOR1,01/04/2024,Fredrikstad,Bodo/Glimt,0,2,A,1.80,2.00,1.80,2.00
NOR1,01/04/2024,Lillestrom,Kristiansund,2,3,A,1.80,2.00,1.80,2.00
NOR1,01/04/2024,Molde,Stromsgodset,4,0,H,1.80,2.00,1.80,2.00
NOR1,01/04/2024,Rosenborg,Sandefjord,2,0,H,1.80,2.00,1.80,2.00
NOR1,01/04/2024,Tromso,Brann,2,4,A,1.80,2.00,1.80,2.00
NOR1,01/04/2024,Viking,Sarpsborg 08,1,0,H,1.80,2.00,1.80,2.00
NOR1,02/04/2024,KFUM Oslo,HamKam,1,1,D,1.80,2.00,1.80,2.00
NOR1,06/04/2024,Bodo/Glimt,Viking,1,0,H,1.80,2.00,1.80,2.00
NOR1,07/04/2024,Kristiansund,KFUM Oslo,1,1,D,1.80,2.00,1.80,2.00
NOR1,07/04/2024,HamKam,Molde,0,1,A,1.80,2.00,1.80,2.00
NOR1,07/04/2024,Haugesund,Lillestrom,0,2,A,1.80,2.00,1.80,2.00
NOR1,07/04/2024,Sarpsborg 08,Odd,0,1,A,1.80,2.00,1.80,2.00
NOR1,07/04/2024,Stromsgodset,Rosenborg,1,0,H,1.80,2.00,1.80,2.00
NOR1,07/04/2024,Brann,Fredrikstad,0,2,A,1.80,2.00,1.80,2.00
NOR1,13/04/2024,Fredrikstad,Sarpsborg 08,2,2,D,1.80,2.00,1.80,2.00
NOR1,14/04/2024,Viking,Brann,1,1,D,1.80,2.00,1.80,2.00
NOR1,14/04/2024,Molde,Kristiansund,2,0,H,1.80,2.00,1.80,2.00
NOR1,14/04/2024,Odd,Sandefjord,2,2,D,1.80,2.00,1.80,2.00
NOR1,14/04/2024,Rosenborg,HamKam,1,0,H,1.80,2.00,1.80,2.00
NOR1,14/04/2024,Tromso,Haugesund,0,1,A,1.80,2.00,1.80,2.00
NOR1,14/04/2024,Lillestrom,Bodo/Glimt,0,5,A,1.80,2.00,1.80,2.00
NOR1,16/04/2024,KFUM Oslo,Stromsgodset,1,3,A,1.80,2.00,1.80,2.00
NOR1,17/04/2024,Brann,HamKam,1,0,H,1.80,2.00,1.80,2.00
NOR1,17/04/2024,Molde,Odd,1,2,A,1.80,2.00,1.80,2.00
NOR1,21/04/2024,HamKam,Stromsgodset,0,1,A,1.80,2.00,1.80,2.00
NOR1,21/04/2024,Brann,Odd,2,0,H,1.80,2.00,1.80,2.00
NOR1,21/04/2024,Haugesund,Rosenborg,1,3,A,1.80,2.00,1.80,2.00
NOR1,21/04/2024,Kristiansund,Tromso,1,0,H,1.80,2.00,1.80,2.00
NOR1,21/04/2024,Sandefjord,Lillestrom,0,1,A,1.80,2.00,1.80,2.00
NOR1,21/04/2024,Sarpsborg 08,KFUM Oslo,0,2,A,1.80,2.00,1.80,2.00
NOR1,21/04/2024,Viking,Fredrikstad,1,1,D,1.80,2.00,1.80,2.00
NOR1,21/04/2024,Bodo/Glimt,Molde,1,1,D,1.80,2.00,1.80,2.00
NOR1,27/04/2024,Rosenborg,Bodo/Glimt,1,3,A,1.80,2.00,1.80,2.00
NOR1,28/04/2024,Fredrikstad,Sandefjord,1,0,H,1.80,2.00,1.80,2.00
NOR1,28/04/2024,KFUM Oslo,Brann,0,0,D,1.80,2.00,1.80,2.00
NOR1,28/04/2024,Lillestrom,HamKam,1,1,D,1.80,2.00,1.80,2.00
NOR1,28/04/2024,Molde,Haugesund,2,1,H,1.80,2.00,1.80,2.00
NOR1,28/04/2024,Stromsgodset,Kristiansund,2,2,D,1.80,2.00,1.80,2.00
NOR1,28/04/2024,Tromso,Sarpsborg 08,0,3,A,1.80,2.00,1.80,2.00
NOR1,28/04/2024,Odd,Viking,3,3,D,1.80,2.00,1.80,2.00
NOR1,04/05/2024,Brann,Rosenborg,3,0,H,1.80,2.00,1.80,2.00
NOR1,05/05/2024,Bodo/Glimt,Stromsgodset,1,0,H,1.80,2.00,1.80,2.00
NOR1,05/05/2024,Haugesund,KFUM Oslo,0,1,A,1.80,2.00,1.80,2.00
NOR1,05/05/2024,Kristiansund,HamKam,1,1,D,1.80,2.00,1.80,2.00
NOR1,05/05/2024,Odd,Fredrikstad,0,2,A,1.80,2.00,1.80,2.00
NOR1,05/05/2024,Sandefjord,Molde,3,1,H,1.80,2.00,1.80,2.00
NOR1,05/05/2024,Sarpsborg 08,Lillestrom,1,0,H,1.80,2.00,1.80,2.00
NOR1,05/05/2024,Viking,Tromso,2,1,H,1.80,2.00,1.80,2.00
NOR1,11/05/2024,Molde,Rosenborg,2,2,D,1.80,2.00,1.80,2.00
NOR1,12/05/2024,Kristiansund,Bodo/Glimt,2,4,A,1.80,2.00,1.80,2.00
NOR1,12/05/2024,HamKam,Haugesund,2,2,D,1.80,2.00,1.80,2.00
NOR1,12/05/2024,KFUM Oslo,Fredrikstad,1,4,A,1.80,2.00,1.80,2.00
NOR1,12/05/2024,Sandefjord,Sarpsborg 08,4,1,H,1.80,2.00,1.80,2.00
NOR1,12/05/2024,Stromsgodset,Viking,0,1,A,1.80,2.00,1.80,2.00
NOR1,12/05/2024,Tromso,Odd,4,0,H,1.80,2.00,1.80,2.00
NOR1,12/05/2024,Lillestrom,Brann,0,2,A,1.80,2.00,1.80,2.00
NOR1,16/05/2024,Bodo/Glimt,Tromso,4,0,H,1.80,2.00,1.80,2.00
NOR1,16/05/2024,Brann,Sandefjord,2,1,H,1.80,2.00,1.80,2.00
NOR1,16/05/2024,Fredrikstad,Stromsgodset,4,1,H,1.80,2.00,1.80,2.00
NOR1,16/05/2024,Haugesund,Kristiansund,1,0,H,1.80,2.00,1.80,2.00
NOR1,16/05/2024,Odd,Molde,0,4,A,1.80,2.00,1.80,2.00
NOR1,16/05/2024,Rosenborg,KFUM Oslo,1,3,A,1.80,2.00,1.80,2.00
NOR1,16/05/2024,Sarpsborg 08,HamKam,1,7,A,1.80,2.00,1.80,2.00
NOR1,16/05/2024,Viking,Lillestrom,1,4,A,1.80,2.00,1.80,2.00
NOR1,20/05/2024,HamKam,Bodo/Glimt,1,0,H,1.80,2.00,1.80,2.00
NOR1,20/05/2024,KFUM Oslo,Odd,0,0,D,1.80,2.00,1.80,2.00
NOR1,20/05/2024,Kristiansund,Brann,2,2,D,1.80,2.00,1.80,2.00
NOR1,20/05/2024,Lillestrom,Fredrikstad,0,3,A,1.80,2.00,1.80,2.00
NOR1,20/05/2024,Molde,Sarpsborg 08,2,4,A,1.80,2.00,1.80,2.00
NOR1,20/05/2024,Sandefjord,Viking,0,3,A,1.80,2.00,1.80,2.00
NOR1,20/05/2024,Stromsgodset,Haugesund,2,0,H,1.80,2.00,1.80,2.00
NOR1,20/05/2024,Tromso,Rosenborg,3,2,H,1.80,2.00,1.80,2.00
NOR1,24/05/2024,Bodo/Glimt,KFUM Oslo,2,2,D,1.80,2.00,1.80,2.00
NOR1,25/05/2024,Fredrikstad,Tromso,0,0,D,1.80,2.00,1.80,2.00
NOR1,26/05/2024,Haugesund,Sandefjord,2,1,H,1.80,2.00,1.80,2.00
NOR1,26/05/2024,Odd,Lillestrom,2,1,H,1.80,2.00,1.80,2.00
NOR1,26/05/2024,Rosenborg,Kristiansund,2,1,H,1.80,2.00,1.80,2.00
NOR1,26/05/2024,Sarpsborg 08,Stromsgodset,1,3,A,1.80,2.00,1.80,2.00
NOR1,26/05/2024,Viking,HamKam,3,0,H,1.80,2.00,1.80,2.00
NOR1,26/05/2024,Brann,Molde,1,3,A,1.80,2.00,1.80,2.00
NOR1,29/05/2024,Bodo/Glimt,Sandefjord,1,1,D,1.80,2.00,1.80,2.00
NOR1,29/05/2024,Brann,Kristiansund,2,1,H,1.80,2.00,1.80,2.00
NOR1,29/05/2024,Tromso,Fredrikstad,3,0,H,1.80,2.00,1.80,2.00
NOR1,01/06/2024,HamKam,Brann,1,2,A,1.80,2.00,1.80,2.00
NOR1,02/06/2024,Molde,Viking,2,2,D,1.80,2.00,1.80,2.00
NOR1,02/06/2024,Haugesund,Bodo/Glimt,0,1,A,1.80,2.00,1.80,2.00
NOR1,02/06/2024,KFUM Oslo,Sandefjord,3,3,D,1.80,2.00,1.80,2.00
NOR1,02/06/2024,Kristiansund,Sarpsborg 08,3,1,H,1.80,2.00,1.80,2.00
NOR1,02/06/2024,Stromsgodset,Odd,1,1,D,1.80,2.00,1.80,2.00
NOR1,02/06/2024,Tromso,Lillestrom,1,2,A,1.80,2.00,1.80,2.00
NOR1,02/06/2024,Rosenborg,Fredrikstad,1,1,D,1.80,2.00,1.80,2.00
NOR1,27/06/2024,Sandefjord,HamKam,1,2,A,1.80,2.00,1.80,2.00
NOR1,27/06/2024,Lillestrom,KFUM Oslo,2,1,H,1.80,2.00,1.80,2.00
NOR1,28/06/2024,Brann,Stromsgodset,0,0,D,1.80,2.00,1.80,2.00
NOR1,28/06/2024,Odd,Kristiansund,1,1,D,1.80,2.00,1.80,2.00
NOR1,28/06/2024,Sarpsborg 08,Bodo/Glimt,1,2,A,1.80,2.00,1.80,2.00
NOR1,28/06/2024,Tromso,Molde,0,2,A,1.80,2.00,1.80,2.00
NOR1,30/06/2024,Viking,Rosenborg,4,2,H,1.80,2.00,1.80,2.00
NOR1,03/07/2024,Sandefjord,Tromso,1,2,A,1.80,2.00,1.80,2.00
NOR1,07/07/2024,Bodo/Glimt,Brann,5,1,H,1.80,2.00,1.80,2.00
NOR1,07/07/2024,HamKam,Tromso,0,0,D,1.80,2.00,1.80,2.00
NOR1,07/07/2024,Haugesund,Sarpsborg 08,1,2,A,1.80,2.00,1.80,2.00
NOR1,07/07/2024,KFUM Oslo,Viking,1,2,A,1.80,2.00,1.80,2.00
NOR1,07/07/2024,Molde,Lillestrom,3,0,H,1.80,2.00,1.80,2.00
NOR1,07/07/2024,Rosenborg,Odd,2,1,H,1.80,2.00,1.80,2.00
NOR1,08/07/2024,Kristiansund,Fredrikstad,3,1,H,1.80,2.00,1.80,2.00
NOR1,08/07/2024,Stromsgodset,Sandefjord,1,1,D,1.80,2.00,1.80,2.00
NOR1,12/07/2024,Sarpsborg 08,Rosenborg,4,1,H,1.80,2.00,1.80,2.00
NOR1,13/07/2024,Fredrikstad,Molde,0,0,D,1.80,2.00,1.80,2.00
NOR1,13/07/2024,Lillestrom,Stromsgodset,3,1,H,1.80,2.00,1.80,2.00
NOR1,13/07/2024,Odd,HamKam,1,2,A,1.80,2.00,1.80,2.00
NOR1,13/07/2024,Sandefjord,Bodo/Glimt,2,1,H,1.80,2.00,1.80,2.00
NOR1,13/07/2024,Viking,Kristiansund,2,0,H,1.80,2.00,1.80,2.00
NOR1,13/07/2024,Brann,Haugesund,1,1,D,1.80,2.00,1.80,2.00
NOR1,13/07/2024,Tromso,KFUM Oslo,1,2,A,1.80,2.00,1.80,2.00
NOR1,19/07/2024,Bodo/Glimt,Odd,3,1,H,1.80,2.00,1.80,2.00
NOR1,20/07/2024,Sarpsborg 08,Brann,1,1,D,1.80,2.00,1.80,2.00
NOR1,20/07/2024,Molde,KFUM Oslo,2,3,A,1.80,2.00,1.80,2.00
NOR1,21/07/2024,Stromsgodset,Tromso,0,1,A,1.80,2.00,1.80,2.00
NOR1,21/07/2024,HamKam,Fredrikstad,0,1,A,1.80,2.00,1.80,2.00
NOR1,21/07/2024,Haugesund,Viking,1,0,H,1.80,2.00,1.80,2.00
NOR1,27/07/2024,KFUM Oslo,Bodo/Glimt,1,1,D,1.80,2.00,1.80,2.00
NOR1,27/07/2024,Fredrikstad,Rosenborg,2,2,D,1.80,2.00,1.80,2.00
NOR1,28/07/2024,Lillestrom,Sarpsborg 08,2,2,D,1.80,2.00,1.80,2.00
NOR1,28/07/2024,Odd,Stromsgodset,2,0,H,1.80,2.00,1.80,2.00
NOR1,28/07/2024,Sandefjord,Haugesund,4,3,H,1.80,2.00,1.80,2.00
NOR1,28/07/2024,Tromso,Kristiansund,0,0,D,1.80,2.00,1.80,2.00
NOR1,28/07/2024,Viking,Molde,1,0,H,1.80,2.00,1.80,2.00
NOR1,03/08/2024,Bodo/Glimt,Haugesund,4,2,H,1.80,2.00,1.80,2.00
NOR1,04/08/2024,Fredrikstad,KFUM Oslo,0,0,D,1.80,2.00,1.80,2.00
NOR1,04/08/2024,HamKam,Viking,3,3,D,1.80,2.00,1.80,2.00
NOR1,04/08/2024,Kristiansund,Lillestrom,2,1,H,1.80,2.00,1.80,2.00
NOR1,04/08/2024,Sarpsborg 08,Sandefjord,2,1,H,1.80,2.00,1.80,2.00
NOR1,04/08/2024,Stromsgodset,Brann,2,3,A,1.80,2.00,1.80,2.00
NOR1,04/08/2024,Rosenborg,Tromso,1,0,H,1.80,2.00,1.80,2.00
NOR1,09/08/2024,Sandefjord,Stromsgodset,2,2,D,1.80,2.00,1.80,2.00
NOR1,10/08/2024,Haugesund,HamKam,0,1,A,1.80,2.00,1.80,2.00
NOR1,10/08/2024,Viking,Bodo/Glimt,1,1,D,1.80,2.00,1.80,2.00
NOR1,11/08/2024,KFUM Oslo,Rosenborg,1,0,H,1.80,2.00,1.80,2.00
NOR1,11/08/2024,Odd,Sarpsborg 08,1,1,D,1.80,2.00,1.80,2.00
NOR1,11/08/2024,Lillestrom,Molde,1,2,A,1.80,2.00,1.80,2.00
NOR1,14/08/2024,Fredrikstad,Haugesund,1,0,H,1.80,2.00,1.80,2.00
NOR1,17/08/2024,Stromsgodset,Lillestrom,3,2,H,1.80,2.00,1.80,2.00
NOR1,18/08/2024,Fredrikstad,Brann,0,4,A,1.80,2.00,1.80,2.00
NOR1,18/08/2024,HamKam,Odd,1,0,H,1.80,2.00,1.80,2.00
NOR1,18/08/2024,KFUM Oslo,Tromso,0,1,A,1.80,2.00,1.80,2.00
NOR1,18/08/2024,Sarpsborg 08,Haugesund,2,2,D,1.80,2.00,1.80,2.00
NOR1,18/08/2024,Rosenborg,Viking,2,1,H,1.80,2.00,1.80,2.00
NOR1,21/08/2024,Rosenborg,Lillestrom,4,0,H,1.80,2.00,1.80,2.00
NOR1,24/08/2024,Bodo/Glimt,Sarpsborg 08,6,0,H,1.80,2.00,1.80,2.00
NOR1,25/08/2024,Lillestrom,Tromso,0,1,A,1.80,2.00,1.80,2.00
NOR1,25/08/2024,Haugesund,Fredrikstad,1,0,H,1.80,2.00,1.80,2.00
NOR1,25/08/2024,Molde,HamKam,3,0,H,1.80,2.00,1.80,2.00
NOR1,25/08/2024,Sandefjord,Kristiansund,1,0,H,1.80,2.00,1.80,2.00
NOR1,25/08/2024,Viking,Stromsgodset,5,2,H,1.80,2.00,1.80,2.00
NOR1,25/08/2024,Odd,Rosenborg,1,3,A,1.80,2.00,1.80,2.00
NOR1,30/08/2024,KFUM Oslo,Lillestrom,2,0,H,1.80,2.00,1.80,2.00
NOR1,31/08/2024,Fredrikstad,Odd,2,0,H,1.80,2.00,1.80,2.00
NOR1,01/09/2024,HamKam,Sandefjord,1,1,D,1.80,2.00,1.80,2.00
NOR1,01/09/2024,Kristiansund,Haugesund,2,2,D,1.80,2.00,1.80,2.00
NOR1,01/09/2024,Rosenborg,Molde,2,1,H,1.80,2.00,1.80,2.00
NOR1,01/09/2024,Stromsgodset,Bodo/Glimt,0,1,A,1.80,2.00,1.80,2.00
NOR1,01/09/2024,Tromso,Viking,2,2,D,1.80,2.00,1.80,2.00
NOR1,01/09/2024,Brann,Sarpsborg 08,1,3,A,1.80,2.00,1.80,2.00
NOR1,13/09/2024,Bodo/Glimt,HamKam,3,0,H,1.80,2.00,1.80,2.00
NOR1,14/09/2024,Viking,KFUM Oslo,1,0,H,1.80,2.00,1.80,2.00
NOR1,14/09/2024,Molde,Fredrikstad,6,1,H,1.80,2.00,1.80,2.00
NOR1,15/09/2024,Odd,Tromso,1,0,H,1.80,2.00,1.80,2.00
NOR1,15/09/2024,Haugesund,Stromsgodset,0,0,D,1.80,2.00,1.80,2.00
NOR1,15/09/2024,Sandefjord,Brann,2,2,D,1.80,2.00,1.80,2.00
NOR1,15/09/2024,Sarpsborg 08,Kristiansund,0,2,A,1.80,2.00,1.80,2.00
NOR1,15/09/2024,Lillestrom,Rosenborg,1,1,D,1.80,2.00,1.80,2.00
NOR1,18/09/2024,Kristiansund,Molde,0,4,A,1.80,2.00,1.80,2.00
NOR1,18/09/2024,Brann,KFUM Oslo,2,0,H,1.80,2.00,1.80,2.00
NOR1,21/09/2024,Stromsgodset,Sarpsborg 08,2,1,H,1.80,2.00,1.80,2.00
NOR1,21/09/2024,HamKam,Lillestrom,5,0,H,1.80,2.00,1.80,2.00
NOR1,22/09/2024,Brann,Bodo/Glimt,4,1,H,1.80,2.00,1.80,2.00
NOR1,22/09/2024,Kristiansund,Odd,0,0,D,1.80,2.00,1.80,2.00
NOR1,22/09/2024,Rosenborg,Haugesund,4,0,H,1.80,2.00,1.80,2.00
NOR1,22/09/2024,Tromso,Sandefjord,3,0,H,1.80,2.00,1.80,2.00
NOR1,22/09/2024,Fredrikstad,Viking,3,2,H,1.80,2.00,1.80,2.00
NOR1,23/09/2024,KFUM Oslo,Molde,1,1,D,1.80,2.00,1.80,2.00
NOR1,28/09/2024,Molde,Tromso,5,3,H,1.80,2.00,1.80,2.00
NOR1,28/09/2024,Haugesund,Brann,0,1,A,1.80,2.00,1.80,2.00
NOR1,28/09/2024,Sarpsborg 08,Fredrikstad,0,1,A,1.80,2.00,1.80,2.00
NOR1,29/09/2024,Stromsgodset,HamKam,1,1,D,1.80,2.00,1.80,2.00
NOR1,29/09/2024,Bodo/Glimt,Kristiansund,4,0,H,1.80,2.00,1.80,2.00
NOR1,29/09/2024,Lillestrom,Viking,1,4,A,1.80,2.00,1.80,2.00
NOR1,29/09/2024,Odd,KFUM Oslo,1,3,A,1.80,2.00,1.80,2.00
NOR1,29/09/2024,Sandefjord,Rosenborg,0,1,A,1.80,2.00,1.80,2.00
NOR1,05/10/2024,Kristiansund,Sandefjord,2,1,H,1.80,2.00,1.80,2.00
NOR1,19/10/2024,Molde,Sandefjord,0,1,A,1.80,2.00,1.80,2.00
NOR1,19/10/2024,Tromso,Bodo/Glimt,0,0,D,1.80,2.00,1.80,2.00
NOR1,20/10/2024,Rosenborg,Brann,1,2,A,1.80,2.00,1.80,2.00
NOR1,20/10/2024,HamKam,Sarpsborg 08,0,2,A,1.80,2.00,1.80,2.00
NOR1,20/10/2024,KFUM Oslo,Haugesund,0,0,D,1.80,2.00,1.80,2.00
NOR1,20/10/2024,Kristiansund,Stromsgodset,0,0,D,1.80,2.00,1.80,2.00
NOR1,20/10/2024,Viking,Odd,3,3,D,1.80,2.00,1.80,2.00
NOR1,20/10/2024,Fredrikstad,Lillestrom,2,1,H,1.80,2.00,1.80,2.00
NOR1,26/10/2024,Stromsgodset,Fredrikstad,2,0,H,1.80,2.00,1.80,2.00
NOR1,27/10/2024,HamKam,Kristiansund,1,0,H,1.80,2.00,1.80,2.00
NOR1,27/10/2024,Haugesund,Molde,0,3,A,1.80,2.00,1.80,2.00
NOR1,27/10/2024,Lillestrom,Odd,3,0,H,1.80,2.00,1.80,2.00
NOR1,27/10/2024,Sandefjord,KFUM Oslo,2,1,H,1.80,2.00,1.80,2.00
NOR1,27/10/2024,Sarpsborg 08,Viking,1,2,A,1.80,2.00,1.80,2.00
NOR1,27/10/2024,Brann,Tromso,4,0,H,1.80,2.00,1.80,2.00
NOR1,28/10/2024,Bodo/Glimt,Rosenborg,2,3,A,1.80,2.00,1.80,2.00
NOR1,02/11/2024,Viking,Sandefjord,3,2,H,1.80,2.00,1.80,2.00
NOR1,03/11/2024,Fredrikstad,Kristiansund,1,1,D,1.80,2.00,1.80,2.00
NOR1,03/11/2024,KFUM Oslo,Sarpsborg 08,1,2,A,1.80,2.00,1.80,2.00
NOR1,03/11/2024,Lillestrom,Haugesund,0,1,A,1.80,2.00,1.80,2.00
NOR1,03/11/2024,Molde,Bodo/Glimt,3,3,D,1.80,2.00,1.80,2.00
NOR1,03/11/2024,Odd,Brann,0,3,A,1.80,2.00,1.80,2.00
NOR1,03/11/2024,Tromso,HamKam,3,3,D,1.80,2.00,1.80,2.00
NOR1,03/11/2024,Rosenborg,Stromsgodset,1,0,H,1.80,2.00,1.80,2.00
NOR1,09/11/2024,Brann,Lillestrom,2,1,H,1.80,2.00,1.80,2.00
NOR1,10/11/2024,HamKam,Rosenborg,0,2,A,1.80,2.00,1.80,2.00
NOR1,10/11/2024,Haugesund,Tromso,2,0,H,1.80,2.00,1.80,2.00
NOR1,10/11/2024,Kristiansund,Viking,0,1,A,1.80,2.00,1.80,2.00
NOR1,10/11/2024,Sandefjord,Odd,1,0,H,1.80,2.00,1.80,2.00
NOR1,10/11/2024,Sarpsborg 08,Molde,2,2,D,1.80,2.00,1.80,2.00
NOR1,10/11/2024,Stromsgodset,KFUM Oslo,1,0,H,1.80,2.00,1.80,2.00
NOR1,10/11/2024,Bodo/Glimt,Fredrikstad,2,2,D,1.80,2.00,1.80,2.00
NOR1,23/11/2024,Fredrikstad,HamKam,1,0,H,1.80,2.00,1.80,2.00
NOR1,23/11/2024,KFUM Oslo,Kristiansund,1,2,A,1.80,2.00,1.80,2.00
NOR1,23/11/2024,Lillestrom,Sandefjord,0,3,A,1.80,2.00,1.80,2.00
NOR1,23/11/2024,Molde,Brann,2,1,H,1.80,2.00,1.80,2.00
NOR1,23/11/2024,Odd,Bodo/Glimt,0,2,A,1.80,2.00,1.80,2.00
NOR1,23/11/2024,Rosenborg,Sarpsborg 08,1,1,D,1.80,2.00,1.80,2.00
NOR1,23/11/2024,Tromso,Stromsgodset,2,0,H,1.80,2.00,1.80,2.00
NOR1,23/11/2024,Viking,Haugesund,5,1,H,1.80,2.00,1.80,2.00
NOR1,01/12/2024,Bodo/Glimt,Lillestrom,5,2,H,1.80,2.00,1.80,2.00
NOR1,01/12/2024,Brann,Viking,1,1,D,1.80,2.00,1.80,2.00
NOR1,01/12/2024,HamKam,KFUM Oslo,0,2,A,1.80,2.00,1.80,2.00
NOR1,01/12/2024,Haugesund,Odd,2,1,H,1.80,2.00,1.80,2.00
NOR1,01/12/2024,Kristiansund,Rosenborg,0,4,A,1.80,2.00,1.80,2.00
NOR1,01/12/2024,Sandefjord,Fredrikstad,0,1,A,1.80,2.00,1.80,2.00
NOR1,01/12/2024,Sarpsborg 08,Tromso,2,1,H,1.80,2.00,1.80,2.00
NOR1,01/12/2024,Stromsgodset,Molde,1,0,H,1.80,2.00,1.80,2.00
NOR1,05/12/2024,Moss,Haugesund,0,0,D,1.80,2.00,1.80,2.00
NOR1,08/12/2024,Haugesund,Moss,2,0,H,1.80,2.00,1.80,2.00
NOR1,29/03/2025,Stromsgodset,Rosenborg,1,2,A,1.80,2.00,1.80,2.00
NOR1,29/03/2025,Fredrikstad,Brann,3,0,H,1.80,2.00,1.80,2.00
NOR1,30/03/2025,Valerenga,Viking,3,1,H,1.80,2.00,1.80,2.00
NOR1,30/03/2025,HamKam,Kristiansund,2,1,H,1.80,2.00,1.80,2.00
NOR1,30/03/2025,KFUM Oslo,Sandefjord,3,1,H,1.80,2.00,1.80,2.00
NOR1,30/03/2025,Molde,Sarpsborg 08,0,2,A,1.80,2.00,1.80,2.00
NOR1,30/03/2025,Tromso,Haugesund,1,0,H,1.80,2.00,1.80,2.00
NOR1,30/03/2025,Bryne,Bodo/Glimt,0,1,A,1.80,2.00,1.80,2.00
NOR1,05/04/2025,Bodo/Glimt,HamKam,3,0,H,1.80,2.00,1.80,2.00
NOR1,05/04/2025,Rosenborg,Fredrikstad,1,0,H,1.80,2.00,1.80,2.00
NOR1,06/04/2025,Brann,Tromso,3,1,H,1.80,2.00,1.80,2.00
NOR1,06/04/2025,Haugesund,Stromsgodset,0,5,A,1.80,2.00,1.80,2.00
NOR1,06/04/2025,Kristiansund,Bryne,2,1,H,1.80,2.00,1.80,2.00
NOR1,06/04/2025,Sandefjord,Molde,3,0,H,1.80,2.00,1.80,2.00
NOR1,06/04/2025,Sarpsborg 08,Valerenga,1,1,D,1.80,2.00,1.80,2.00
NOR1,06/04/2025,Viking,KFUM Oslo,3,1,H,1.80,2.00,1.80,2.00
NOR1,09/04/2025,Fredrikstad,Valerenga,2,0,H,1.80,2.00,1.80,2.00
NOR1,10/04/2025,Brann,Stromsgodset,2,1,H,1.80,2.00,1.80,2.00
NOR1,10/04/2025,Viking,Kristiansund,3,1,H,1.80,2.00,1.80,2.00
NOR1,20/04/2025,Tromso,Kristiansund,2,3,A,1.80,2.00,1.80,2.00
NOR1,21/04/2025,Valerenga,Rosenborg,0,2,A,1.80,2.00,1.80,2.00
NOR1,21/04/2025,Bryne,Haugesund,3,1,H,1.80,2.00,1.80,2.00
NOR1,21/04/2025,Fredrikstad,Sandefjord,3,1,H,1.80,2.00,1.80,2.00
NOR1,21/04/2025,HamKam,Viking,2,5,A,1.80,2.00,1.80,2.00
NOR1,21/04/2025,KFUM Oslo,Sarpsborg 08,1,3,A,1.80,2.00,1.80,2.00
NOR1,21/04/2025,Stromsgodset,Brann,1,2,A,1.80,2.00,1.80,2.00
NOR1,21/04/2025,Molde,Bodo/Glimt,2,2,D,1.80,2.00,1.80,2.00
NOR1,27/04/2025,Rosenborg,Molde,0,0,D,1.80,2.00,1.80,2.00
NOR1,27/04/2025,Bodo/Glimt,KFUM Oslo,3,0,H,1.80,2.00,1.80,2.00
NOR1,27/04/2025,Brann,Bryne,3,2,H,1.80,2.00,1.80,2.00
NOR1,27/04/2025,Haugesund,Fredrikstad,0,0,D,1.80,2.00,1.80,2.00
NOR1,27/04/2025,Kristiansund,Valerenga,0,2,A,1.80,2.00,1.80,2.00
NOR1,27/04/2025,Sandefjord,HamKam,2,0,H,1.80,2.00,1.80,2.00
NOR1,27/04/2025,Sarpsborg 08,Stromsgodset,2,3,A,1.80,2.00,1.80,2.00
NOR1,27/04/2025,Viking,Tromso,4,4,D,1.80,2.00,1.80,2.00
NOR1,30/04/2025,Viking,Haugesund,5,1,H,1.80,2.00,1.80,2.00
NOR1,01/05/2025,Rosenborg,Kristiansund,1,1,D,1.80,2.00,1.80,2.00
NOR1,02/05/2025,HamKam,KFUM Oslo,0,0,D,1.80,2.00,1.80,2.00
NOR1,03/05/2025,Valerenga,Brann,2,4,A,1.80,2.00,1.80,2.00
NOR1,04/05/2025,Molde,Haugesund,2,1,H,1.80,2.00,1.80,2.00
NOR1,04/05/2025,Stromsgodset,Kristiansund,1,2,A,1.80,2.00,1.80,2.00
NOR1,04/05/2025,Tromso,Sandefjord,0,1,A,1.80,2.00,1.80,2.00
NOR1,04/05/2025,Viking,Sarpsborg 08,0,0,D,1.80,2.00,1.80,2.00
NOR1,04/05/2025,Rosenborg,Bryne,3,0,H,1.80,2.00,1.80,2.00
NOR1,11/05/2025,Brann,Rosenborg,0,0,D,1.80,2.00,1.80,2.00
NOR1,11/05/2025,Bryne,Molde,0,3,A,1.80,2.00,1.80,2.00
NOR1,11/05/2025,KFUM Oslo,Tromso,1,3,A,1.80,2.00,1.80,2.00
NOR1,11/05/2025,Kristiansund,Fredrikstad,0,1,A,1.80,2.00,1.80,2.00
NOR1,11/05/2025,Sandefjord,Valerenga,2,1,H,1.80,2.00,1.80,2.00
NOR1,11/05/2025,Sarpsborg 08,HamKam,4,0,H,1.80,2.00,1.80,2.00
NOR1,11/05/2025,Haugesund,Viking,1,4,A,1.80,2.00,1.80,2.00
NOR1,16/05/2025,Brann,Sarpsborg 08,2,2,D,1.80,2.00,1.80,2.00
NOR1,16/05/2025,Fredrikstad,KFUM Oslo,1,0,H,1.80,2.00,1.80,2.00
NOR1,16/05/2025,Molde,Kristiansund,0,1,A,1.80,2.00,1.80,2.00
NOR1,16/05/2025,Rosenborg,Haugesund,1,0,H,1.80,2.00,1.80,2.00
NOR1,16/05/2025,Stromsgodset,Bryne,0,2,A,1.80,2.00,1.80,2.00
NOR1,16/05/2025,Tromso,Bodo/Glimt,2,1,H,1.80,2.00,1.80,2.00
NOR1,16/05/2025,Viking,Sandefjord,3,1,H,1.80,2.00,1.80,2.00
NOR1,16/05/2025,Valerenga,HamKam,1,1,D,1.80,2.00,1.80,2.00
NOR1,24/05/2025,Bryne,Fredrikstad,4,3,H,1.80,2.00,1.80,2.00
NOR1,24/05/2025,Bodo/Glimt,Rosenborg,4,0,H,1.80,2.00,1.80,2.00
NOR1,25/05/2025,HamKam,Molde,2,1,H,1.80,2.00,1.80,2.00
NOR1,25/05/2025,Kristiansund,Viking,0,1,A,1.80,2.00,1.80,2.00
NOR1,25/05/2025,Sandefjord,Stromsgodset,3,2,H,1.80,2.00,1.80,2.00
NOR1,25/05/2025,Sarpsborg 08,Tromso,0,1,A,1.80,2.00,1.80,2.00
NOR1,25/05/2025,Haugesund,Brann,0,2,A,1.80,2.00,1.80,2.00
NOR1,26/05/2025,KFUM Oslo,Valerenga,0,1,A,1.80,2.00,1.80,2.00
NOR1,28/05/2025,Fredrikstad,Rosenborg,0,2,A,1.80,2.00,1.80,2.00
NOR1,28/05/2025,Bodo/Glimt,Viking,2,4,A,1.80,2.00,1.80,2.00
NOR1,29/05/2025,Brann,Molde,0,3,A,1.80,2.00,1.80,2.00
NOR1,31/05/2025,Stromsgodset,HamKam,0,3,A,1.80,2.00,1.80,2.00
NOR1,31/05/2025,Tromso,Valerenga,2,1,H,1.80,2.00,1.80,2.00
NOR1,01/06/2025,Fredrikstad,Sarpsborg 08,1,1,D,1.80,2.00,1.80,2.00
NOR1,01/06/2025,Brann,Kristiansund,4,2,H,1.80,2.00,1.80,2.00
NOR1,01/06/2025,Bryne,Sandefjord,3,2,H,1.80,2.00,1.80,2.00
NOR1,01/06/2025,Haugesund,Bodo/Glimt,0,4,A,1.80,2.00,1.80,2.00
NOR1,01/06/2025,Rosenborg,KFUM Oslo,1,1,D,1.80,2.00,1.80,2.00
NOR1,01/06/2025,Molde,Viking,0,1,A,1.80,2.00,1.80,2.00
NOR1,21/06/2025,Bodo/Glimt,Brann,3,0,H,1.80,2.00,1.80,2.00
NOR1,22/06/2025,Valerenga,Molde,2,3,A,1.80,2.00,1.80,2.00
NOR1,22/06/2025,HamKam,Tromso,1,3,A,1.80,2.00,1.80,2.00
NOR1,22/06/2025,KFUM Oslo,Stromsgodset,5,0,H,1.80,2.00,1.80,2.00
NOR1,22/06/2025,Kristiansund,Rosenborg,4,1,H,1.80,2.00,1.80,2.00
NOR1,22/06/2025,Sandefjord,Haugesund,4,0,H,1.80,2.00,1.80,2.00
NOR1,22/06/2025,Sarpsborg 08,Bryne,1,1,D,1.80,2.00,1.80,2.00
NOR1,22/06/2025,Viking,Fredrikstad,3,0,H,1.80,2.00,1.80,2.00
NOR1,28/06/2025,Rosenborg,Viking,1,1,D,1.80,2.00,1.80,2.00
NOR1,29/06/2025,Haugesund,Kristiansund,0,0,D,1.80,2.00,1.80,2.00
NOR1,29/06/2025,Bodo/Glimt,Sarpsborg 08,1,2,A,1.80,2.00,1.80,2.00
NOR1,29/06/2025,Bryne,HamKam,1,1,D,1.80,2.00,1.80,2.00
NOR1,29/06/2025,Fredrikstad,Tromso,0,1,A,1.80,2.00,1.80,2.00
NOR1,29/06/2025,Molde,KFUM Oslo,2,3,A,1.80,2.00,1.80,2.00
NOR1,29/06/2025,Stromsgodset,Valerenga,0,2,A,1.80,2.00,1.80,2.00
NOR1,30/06/2025,Brann,Sandefjord,1,0,H,1.80,2.00,1.80,2.00
NOR1,05/07/2025,HamKam,Brann,1,1,D,1.80,2.00,1.80,2.00
NOR1,05/07/2025,Viking,Stromsgodset,1,0,H,1.80,2.00,1.80,2.00
NOR1,05/07/2025,Valerenga,Fredrikstad,1,1,D,1.80,2.00,1.80,2.00
NOR1,05/07/2025,Kristiansund,Bodo/Glimt,1,1,D,1.80,2.00,1.80,2.00
NOR1,05/07/2025,Tromso,Molde,1,0,H,1.80,2.00,1.80,2.00
NOR1,06/07/2025,KFUM Oslo,Bryne,1,1,D,1.80,2.00,1.80,2.00
NOR1,06/07/2025,Sandefjord,Rosenborg,2,0,H,1.80,2.00,1.80,2.00
NOR1,06/07/2025,Sarpsborg 08,Haugesund,3,1,H,1.80,2.00,1.80,2.00
NOR1,12/07/2025,Bodo/Glimt,Sandefjord,2,0,H,1.80,2.00,1.80,2.00
NOR1,12/07/2025,Fredrikstad,Molde,4,2,H,1.80,2.00,1.80,2.00
NOR1,13/07/2025,Bryne,Valerenga,1,0,H,1.80,2.00,1.80,2.00
NOR1,13/07/2025,Haugesund,KFUM Oslo,0,2,A,1.80,2.00,1.80,2.00
NOR1,13/07/2025,Kristiansund,Sarpsborg 08,0,0,D,1.80,2.00,1.80,2.00
NOR1,13/07/2025,Rosenborg,HamKam,2,0,H,1.80,2.00,1.80,2.00
NOR1,13/07/2025,Stromsgodset,Tromso,2,3,A,1.80,2.00,1.80,2.00
NOR1,13/07/2025,Brann,Viking,3,1,H,1.80,2.00,1.80,2.00
NOR1,16/07/2025,Fredrikstad,Bodo/Glimt,0,1,A,1.80,2.00,1.80,2.00
NOR1,18/07/2025,Sarpsborg 08,Rosenborg,2,2,D,1.80,2.00,1.80,2.00
NOR1,19/07/2025,KFUM Oslo,Brann,2,0,H,1.80,2.00,1.80,2.00
NOR1,19/07/2025,Molde,Stromsgodset,4,1,H,1.80,2.00,1.80,2.00
NOR1,19/07/2025,Viking,Bodo/Glimt,2,4,A,1.80,2.00,1.80,2.00
NOR1,20/07/2025,Valerenga,Haugesund,3,0,H,1.80,2.00,1.80,2.00
NOR1,20/07/2025,Sandefjord,Kristiansund,6,0,H,1.80,2.00,1.80,2.00
NOR1,20/07/2025,Tromso,Bryne,3,1,H,1.80,2.00,1.80,2.00
NOR1,20/07/2025,HamKam,Fredrikstad,1,1,D,1.80,2.00,1.80,2.00
NOR1,25/07/2025,Fredrikstad,Stromsgodset,3,2,H,1.80,2.00,1.80,2.00
NOR1,26/07/2025,Haugesund,HamKam,0,3,A,1.80,2.00,1.80,2.00
NOR1,26/07/2025,Kristiansund,KFUM Oslo,0,5,A,1.80,2.00,1.80,2.00
NOR1,26/07/2025,Sandefjord,Sarpsborg 08,3,2,H,1.80,2.00,1.80,2.00
NOR1,26/07/2025,Bodo/Glimt,Valerenga,7,2,H,1.80,2.00,1.80,2.00
NOR1,27/07/2025,Bryne,Viking,1,3,A,1.80,2.00,1.80,2.00
NOR1,27/07/2025,Rosenborg,Tromso,4,1,H,1.80,2.00,1.80,2.00
NOR1,30/07/2025,Bodo/Glimt,Stromsgodset,1,0,H,1.80,2.00,1.80,2.00
NOR1,02/08/2025,Tromso,Fredrikstad,0,0,D,1.80,2.00,1.80,2.00
NOR1,02/08/2025,Sarpsborg 08,Brann,1,4,A,1.80,2.00,1.80,2.00
NOR1,03/08/2025,HamKam,Bodo/Glimt,1,3,A,1.80,2.00,1.80,2.00
NOR1,03/08/2025,KFUM Oslo,Rosenborg,4,1,H,1.80,2.00,1.80,2.00
NOR1,03/08/2025,Molde,Bryne,2,0,H,1.80,2.00,1.80,2.00
NOR1,03/08/2025,Stromsgodset,Haugesund,2,0,H,1.80,2.00,1.80,2.00
NOR1,03/08/2025,Valerenga,Sandefjord,2,1,H,1.80,2.00,1.80,2.00
NOR1,09/08/2025,Molde,HamKam,1,0,H,1.80,2.00,1.80,2.00
NOR1,09/08/2025,Bodo/Glimt,Tromso,1,1,D,1.80,2.00,1.80,2.00
NOR1,10/08/2025,Bryne,KFUM Oslo,0,0,D,1.80,2.00,1.80,2.00
NOR1,10/08/2025,Haugesund,Sarpsborg 08,3,2,H,1.80,2.00,1.80,2.00
NOR1,10/08/2025,Sandefjord,Viking,1,2,A,1.80,2.00,1.80,2.00
NOR1,15/08/2025,Stromsgodset,Bodo/Glimt,0,5,A,1.80,2.00,1.80,2.00
NOR1,17/08/2025,Tromso,Brann,1,2,A,1.80,2.00,1.80,2.00
NOR1,17/08/2025,HamKam,Bryne,1,0,H,1.80,2.00,1.80,2.00
NOR1,17/08/2025,KFUM Oslo,Molde,0,0,D,1.80,2.00,1.80,2.00
NOR1,17/08/2025,Kristiansund,Sandefjord,2,2,D,1.80,2.00,1.80,2.00
NOR1,17/08/2025,Valerenga,Sarpsborg 08,4,0,H,1.80,2.00,1.80,2.00
NOR1,22/08/2025,KFUM Oslo,HamKam,2,2,D,1.80,2.00,1.80,2.00
NOR1,24/08/2025,Haugesund,Valerenga,2,3,A,1.80,2.00,1.80,2.00
NOR1,24/08/2025,Bryne,Stromsgodset,2,2,D,1.80,2.00,1.80,2.00
NOR1,24/08/2025,Molde,Tromso,2,0,H,1.80,2.00,1.80,2.00
NOR1,25/08/2025,Sarpsborg 08,Kristiansund,0,1,A,1.80,2.00,1.80,2.00
NOR1,30/08/2025,Valerenga,Bryne,3,2,H,1.80,2.00,1.80,2.00
NOR1,31/08/2025,Kristiansund,Brann,2,2,D,1.80,2.00,1.80,2.00
NOR1,31/08/2025,Fredrikstad,Haugesund,2,2,D,1.80,2.00,1.80,2.00
NOR1,31/08/2025,HamKam,Sarpsborg 08,1,3,A,1.80,2.00,1.80,2.00
NOR1,31/08/2025,Sandefjord,Bodo/Glimt,1,2,A,1.80,2.00,1.80,2.00
NOR1,31/08/2025,Tromso,KFUM Oslo,2,0,H,1.80,2.00,1.80,2.00
NOR1,31/08/2025,Viking,Rosenborg,2,1,H,1.80,2.00,1.80,2.00
NOR1,31/08/2025,Stromsgodset,Molde,3,1,H,1.80,2.00,1.80,2.00
NOR1,12/09/2025,Bodo/Glimt,Kristiansund,7,1,H,1.80,2.00,1.80,2.00
NOR1,13/09/2025,Molde,Fredrikstad,1,2,A,1.80,2.00,1.80,2.00
NOR1,13/09/2025,Brann,Valerenga,3,2,H,1.80,2.00,1.80,2.00
NOR1,14/09/2025,Bryne,Tromso,0,2,A,1.80,2.00,1.80,2.00
NOR1,14/09/2025,HamKam,Stromsgodset,1,2,A,1.80,2.00,1.80,2.00
NOR1,14/09/2025,Sarpsborg 08,Sandefjord,2,1,H,1.80,2.00,1.80,2.00
NOR1,14/09/2025,KFUM Oslo,Viking,2,2,D,1.80,2.00,1.80,2.00
NOR1,14/09/2025,Haugesund,Rosenborg,0,3,A,1.80,2.00,1.80,2.00
NOR1,20/09/2025,Fredrikstad,Bryne,1,1,D,1.80,2.00,1.80,2.00
NOR1,20/09/2025,Sandefjord,Brann,0,3,A,1.80,2.00,1.80,2.00
NOR1,20/09/2025,Valerenga,KFUM Oslo,1,1,D,1.80,2.00,1.80,2.00
NOR1,21/09/2025,Rosenborg,Bodo/Glimt,1,1,D,1.80,2.00,1.80,2.00
NOR1,21/09/2025,Kristiansund,Haugesund,2,0,H,1.80,2.00,1.80,2.00
NOR1,21/09/2025,Stromsgodset,Sarpsborg 08,2,1,H,1.80,2.00,1.80,2.00
NOR1,21/09/2025,Tromso,HamKam,1,0,H,1.80,2.00,1.80,2.00
NOR1,21/09/2025,Viking,Molde,1,0,H,1.80,2.00,1.80,2.00
NOR1,27/09/2025,Sarpsborg 08,Viking,3,3,D,1.80,2.00,1.80,2.00
NOR1,28/09/2025,Brann,Fredrikstad,1,0,H,1.80,2.00,1.80,2.00
NOR1,28/09/2025,Bryne,Kristiansund,2,0,H,1.80,2.00,1.80,2.00
NOR1,28/09/2025,HamKam,Rosenborg,4,0,H,1.80,2.00,1.80,2.00
NOR1,28/09/2025,Tromso,Stromsgodset,3,1,H,1.80,2.00,1.80,2.00
NOR1,28/09/2025,Molde,Valerenga,4,1,H,1.80,2.00,1.80,2.00
NOR1,29/09/2025,Haugesund,Sandefjord,2,3,A,1.80,2.00,1.80,2.00
NOR1,01/10/2025,KFUM Oslo,Fredrikstad,2,1,H,1.80,2.00,1.80,2.00
NOR1,04/10/2025,Valerenga,Tromso,1,0,H,1.80,2.00,1.80,2.00
NOR1,04/10/2025,Sandefjord,Bryne,1,0,H,1.80,2.00,1.80,2.00
NOR1,04/10/2025,Kristiansund,Molde,2,1,H,1.80,2.00,1.80,2.00
NOR1,05/10/2025,Viking,Brann,3,0,H,1.80,2.00,1.80,2.00
NOR1,05/10/2025,Bodo/Glimt,Haugesund,2,0,H,1.80,2.00,1.80,2.00
NOR1,05/10/2025,Fredrikstad,HamKam,1,1,D,1.80,2.00,1.80,2.00
NOR1,05/10/2025,Stromsgodset,KFUM Oslo,1,1,D,1.80,2.00,1.80,2.00
NOR1,05/10/2025,Rosenborg,Sarpsborg 08,2,3,A,1.80,2.00,1.80,2.00
NOR1,18/10/2025,Sarpsborg 08,Bodo/Glimt,2,5,A,1.80,2.00,1.80,2.00
NOR1,18/10/2025,Bryne,Rosenborg,2,2,D,1.80,2.00,1.80,2.00
NOR1,18/10/2025,Brann,Haugesund,4,1,H,1.80,2.00,1.80,2.00
NOR1,19/10/2025,Tromso,Viking,1,3,A,1.80,2.00,1.80,2.00
NOR1,19/10/2025,HamKam,Valerenga,2,1,H,1.80,2.00,1.80,2.00
NOR1,19/10/2025,KFUM Oslo,Kristiansund,1,1,D,1.80,2.00,1.80,2.00
NOR1,19/10/2025,Molde,Sandefjord,1,3,A,1.80,2.00,1.80,2.00
NOR1,19/10/2025,Stromsgodset,Fredrikstad,0,3,A,1.80,2.00,1.80,2.00
NOR1,25/10/2025,Viking,Bryne,5,1,H,1.80,2.00,1.80,2.00
NOR1,25/10/2025,Sarpsborg 08,KFUM Oslo,2,1,H,1.80,2.00,1.80,2.00
NOR1,26/10/2025,Rosenborg,Brann,2,3,A,1.80,2.00,1.80,2.00
NOR1,26/10/2025,Bodo/Glimt,Molde,4,1,H,1.80,2.00,1.80,2.00
NOR1,26/10/2025,Haugesund,Tromso,2,3,A,1.80,2.00,1.80,2.00
NOR1,26/10/2025,Kristiansund,HamKam,1,3,A,1.80,2.00,1.80,2.00
NOR1,26/10/2025,Sandefjord,Fredrikstad,0,0,D,1.80,2.00,1.80,2.00
NOR1,26/10/2025,Valerenga,Stromsgodset,2,1,H,1.80,2.00,1.80,2.00
NOR1,29/10/2025,Brann,Bodo/Glimt,1,2,A,1.80,2.00,1.80,2.00
NOR1,29/10/2025,Rosenborg,Sandefjord,1,1,D,1.80,2.00,1.80,2.00
NOR1,01/11/2025,Valerenga,Bodo/Glimt,3,1,H,1.80,2.00,1.80,2.00
NOR1,01/11/2025,Molde,Rosenborg,4,2,H,1.80,2.00,1.80,2.00
NOR1,02/11/2025,Stromsgodset,Viking,1,2,A,1.80,2.00,1.80,2.00
NOR1,02/11/2025,Bryne,Brann,2,1,H,1.80,2.00,1.80,2.00
NOR1,02/11/2025,Fredrikstad,Kristiansund,3,1,H,1.80,2.00,1.80,2.00
NOR1,02/11/2025,HamKam,Sandefjord,3,1,H,1.80,2.00,1.80,2.00
NOR1,02/11/2025,KFUM Oslo,Haugesund,1,4,A,1.80,2.00,1.80,2.00
NOR1,02/11/2025,Tromso,Sarpsborg 08,4,0,H,1.80,2.00,1.80,2.00
NOR1,08/11/2025,Sarpsborg 08,Fredrikstad,0,2,A,1.80,2.00,1.80,2.00
NOR1,08/11/2025,Viking,HamKam,3,0,H,1.80,2.00,1.80,2.00
NOR1,09/11/2025,Rosenborg,Valerenga,1,0,H,1.80,2.00,1.80,2.00
NOR1,09/11/2025,Bodo/Glimt,Bryne,5,0,H,1.80,2.00,1.80,2.00
NOR1,09/11/2025,Brann,KFUM Oslo,1,1,D,1.80,2.00,1.80,2.00
NOR1,09/11/2025,Kristiansund,Stromsgodset,2,1,H,1.80,2.00,1.80,2.00
NOR1,09/11/2025,Sandefjord,Tromso,1,0,H,1.80,2.00,1.80,2.00
NOR1,09/11/2025,Haugesund,Molde,0,2,A,1.80,2.00,1.80,2.00
NOR1,21/11/2025,KFUM Oslo,Bodo/Glimt,1,2,A,1.80,2.00,1.80,2.00
NOR1,22/11/2025,Tromso,Rosenborg,1,0,H,1.80,2.00,1.80,2.00
NOR1,22/11/2025,Valerenga,Kristiansund,3,3,D,1.80,2.00,1.80,2.00
NOR1,22/11/2025,Molde,Brann,4,0,H,1.80,2.00,1.80,2.00
NOR1,22/11/2025,Stromsgodset,Sandefjord,2,6,A,1.80,2.00,1.80,2.00
NOR1,23/11/2025,Bryne,Sarpsborg 08,0,3,A,1.80,2.00,1.80,2.00
NOR1,23/11/2025,HamKam,Haugesund,5,0,H,1.80,2.00,1.80,2.00
NOR1,23/11/2025,Fredrikstad,Viking,0,1,A,1.80,2.00,1.80,2.00
NOR1,30/11/2025,Bodo/Glimt,Fredrikstad,5,0,H,1.80,2.00,1.80,2.00
NOR1,30/11/2025,Brann,HamKam,3,1,H,1.80,2.00,1.80,2.00
NOR1,30/11/2025,Haugesund,Bryne,1,4,A,1.80,2.00,1.80,2.00
NOR1,30/11/2025,Kristiansund,Tromso,1,3,A,1.80,2.00,1.80,2.00
NOR1,30/11/2025,Rosenborg,Stromsgodset,6,0,H,1.80,2.00,1.80,2.00
NOR1,30/11/2025,Sandefjord,KFUM Oslo,2,0,H,1.80,2.00,1.80,2.00
NOR1,30/11/2025,Sarpsborg 08,Molde,1,0,H,1.80,2.00,1.80,2.00
NOR1,30/11/2025,Viking,Valerenga,5,1,H,1.80,2.00,1.80,2.00
NOR1,14/03/2026,HamKam,Viking,2,1,H,1.80,2.00,1.80,2.00
NOR1,14/03/2026,Molde,Rosenborg,2,0,H,1.80,2.00,1.80,2.00
NOR1,15/03/2026,Kristiansund,Brann,3,2,H,1.80,2.00,1.80,2.00
NOR1,15/03/2026,Aalesund,Lillestrom,1,3,A,1.80,2.00,1.80,2.00
NOR1,15/03/2026,KFUM Oslo,Start,2,0,H,1.80,2.00,1.80,2.00
NOR1,15/03/2026,Valerenga,Sandefjord,1,0,H,1.80,2.00,1.80,2.00
NOR1,15/03/2026,Tromso,Fredrikstad,4,0,H,1.80,2.00,1.80,2.00
NOR1,21/03/2026,Start,Aalesund,1,1,D,1.80,2.00,1.80,2.00
NOR1,21/03/2026,Viking,Molde,4,1,H,1.80,2.00,1.80,2.00
NOR1,22/03/2026,Rosenborg,Valerenga,0,2,A,1.80,2.00,1.80,2.00
NOR1,22/03/2026,Brann,Tromso,1,2,A,1.80,2.00,1.80,2.00
NOR1,22/03/2026,Fredrikstad,KFUM Oslo,3,1,H,1.80,2.00,1.80,2.00
NOR1,22/03/2026,Sandefjord,Sarpsborg 08,0,2,A,1.80,2.00,1.80,2.00
NOR1,06/04/2026,Valerenga,Viking,0,1,A,1.80,2.00,1.80,2.00
NOR1,06/04/2026,HamKam,Brann,1,5,A,1.80,2.00,1.80,2.00
NOR1,06/04/2026,Kristiansund,Bodo/Glimt,0,3,A,1.80,2.00,1.80,2.00
NOR1,06/04/2026,Molde,Lillestrom,0,1,A,1.80,2.00,1.80,2.00
NOR1,06/04/2026,Sarpsborg 08,Start,1,1,D,1.80,2.00,1.80,2.00
NOR1,06/04/2026,Tromso,Rosenborg,2,0,H,1.80,2.00,1.80,2.00
NOR1,07/04/2026,Aalesund,Fredrikstad,2,3,A,1.80,2.00,1.80,2.00
NOR1,07/04/2026,KFUM Oslo,Sandefjord,1,2,A,1.80,2.00,1.80,2.00
NOR1,11/04/2026,Lillestrom,Start,3,1,H,1.80,2.00,1.80,2.00
NOR1,11/04/2026,Tromso,Kristiansund,2,0,H,1.80,2.00,1.80,2.00
NOR1,11/04/2026,Viking,Bodo/Glimt,5,0,H,1.80,2.00,1.80,2.00
NOR1,12/04/2026,Rosenborg,Sarpsborg 08,2,1,H,1.80,2.00,1.80,2.00
NOR1,12/04/2026,Aalesund,KFUM Oslo,2,2,D,1.80,2.00,1.80,2.00
NOR1,12/04/2026,Fredrikstad,Valerenga,1,1,D,1.80,2.00,1.80,2.00
NOR1,12/04/2026,Molde,HamKam,4,1,H,1.80,2.00,1.80,2.00
NOR1,12/04/2026,Brann,Sandefjord,0,1,A,1.80,2.00,1.80,2.00
NOR1,15/04/2026,Sarpsborg 08,Bodo/Glimt,1,1,D,1.80,2.00,1.80,2.00
NOR1,15/04/2026,Tromso,Lillestrom,0,0,D,1.80,2.00,1.80,2.00
NOR1,18/04/2026,Bodo/Glimt,Aalesund,3,0,H,1.80,2.00,1.80,2.00
NOR1,18/04/2026,Sandefjord,Rosenborg,0,0,D,1.80,2.00,1.80,2.00
NOR1,18/04/2026,Viking,Brann,3,2,H,1.80,2.00,1.80,2.00
NOR1,19/04/2026,Valerenga,Lillestrom,0,2,A,1.80,2.00,1.80,2.00
NOR1,19/04/2026,HamKam,KFUM Oslo,4,0,H,1.80,2.00,1.80,2.00
NOR1,19/04/2026,Kristiansund,Fredrikstad,2,0,H,1.80,2.00,1.80,2.00
NOR1,19/04/2026,Sarpsborg 08,Tromso,0,1,A,1.80,2.00,1.80,2.00
NOR1,19/04/2026,Start,Molde,1,1,D,1.80,2.00,1.80,2.00
NOR1,25/04/2026,Fredrikstad,Viking,1,2,A,1.80,2.00,1.80,2.00
NOR1,25/04/2026,Rosenborg,Brann,1,1,D,1.80,2.00,1.80,2.00
NOR1,26/04/2026,Molde,Valerenga,5,1,H,1.80,2.00,1.80,2.00
NOR1,26/04/2026,Aalesund,Kristiansund,1,1,D,1.80,2.00,1.80,2.00
NOR1,26/04/2026,HamKam,Start,2,1,H,1.80,2.00,1.80,2.00
NOR1,26/04/2026,KFUM Oslo,Sarpsborg 08,1,0,H,1.80,2.00,1.80,2.00
NOR1,26/04/2026,Tromso,Sandefjord,3,1,H,1.80,2.00,1.80,2.00
NOR1,26/04/2026,Lillestrom,Bodo/Glimt,0,2,A,1.80,2.00,1.80,2.00
NOR1,29/04/2026,Tromso,Brann,0,5,A,1.80,2.00,1.80,2.00
NOR1,30/04/2026,Bodo/Glimt,Start,5,0,H,1.80,2.00,1.80,2.00
NOR1,01/05/2026,Viking,Rosenborg,3,0,H,1.80,2.00,1.80,2.00
NOR1,02/05/2026,Brann,Fredrikstad,3,1,H,1.80,2.00,1.80,2.00
NOR1,03/05/2026,Lillestrom,Sarpsborg 08,4,0,H,1.80,2.00,1.80,2.00
NOR1,03/05/2026,Kristiansund,HamKam,1,1,D,1.80,2.00,1.80,2.00
NOR1,03/05/2026,Sandefjord,Aalesund,1,0,H,1.80,2.00,1.80,2.00
NOR1,03/05/2026,Start,Tromso,1,1,D,1.80,2.00,1.80,2.00
NOR1,03/05/2026,Valerenga,KFUM Oslo,2,2,D,1.80,2.00,1.80,2.00
NOR1,04/05/2026,Bodo/Glimt,Molde,0,1,A,1.80,2.00,1.80,2.00
NOR1,08/05/2026,HamKam,Valerenga,1,0,H,1.80,2.00,1.80,2.00
NOR1,09/05/2026,Sarpsborg 08,Fredrikstad,2,1,H,1.80,2.00,1.80,2.00
NOR1,10/05/2026,Rosenborg,Lillestrom,2,0,H,1.80,2.00,1.80,2.00
NOR1,10/05/2026,KFUM Oslo,Viking,0,2,A,1.80,2.00,1.80,2.00
NOR1,10/05/2026,Sandefjord,Kristiansund,2,0,H,1.80,2.00,1.80,2.00
NOR1,10/05/2026,Tromso,Molde,2,0,H,1.80,2.00,1.80,2.00
NOR1,16/05/2026,Brann,KFUM Oslo,2,1,H,1.80,2.00,1.80,2.00
NOR1,16/05/2026,Fredrikstad,HamKam,2,1,H,1.80,2.00,1.80,2.00
NOR1,16/05/2026,Lillestrom,Sandefjord,3,1,H,1.80,2.00,1.80,2.00
NOR1,16/05/2026,Molde,Kristiansund,1,0,H,1.80,2.00,1.80,2.00
NOR1,16/05/2026,Rosenborg,Aalesund,2,3,A,1.80,2.00,1.80,2.00
NOR1,16/05/2026,Viking,Start,6,3,H,1.80,2.00,1.80,2.00
NOR1,16/05/2026,Bodo/Glimt,Tromso,5,0,H,1.80,2.00,1.80,2.00
NOR1,16/05/2026,Valerenga,Sarpsborg 08,3,2,H,1.80,2.00,1.80,2.00
NOR1,20/05/2026,Start,Bodo/Glimt,1,4,A,1.80,2.00,1.80,2.00
NOR1,20/05/2026,Lillestrom,Kristiansund,1,2,A,1.80,2.00,1.80,2.00
NOR1,20/05/2026,Aalesund,Brann,2,1,H,1.80,2.00,1.80,2.00
NOR1,24/05/2026,Bodo/Glimt,Brann,3,1,H,1.80,2.00,1.80,2.00
NOR1,24/05/2026,Kristiansund,Viking,1,2,A,1.80,2.00,1.80,2.00
NOR1,25/05/2026,Start,Valerenga,2,0,H,1.80,2.00,1.80,2.00
NOR1,25/05/2026,HamKam,Lillestrom,2,0,H,1.80,2.00,1.80,2.00
NOR1,25/05/2026,KFUM Oslo,Rosenborg,2,0,H,1.80,2.00,1.80,2.00
NOR1,25/05/2026,Sarpsborg 08,Molde,2,1,H,1.80,2.00,1.80,2.00
NOR1,25/05/2026,Tromso,Aalesund,1,1,D,1.80,2.00,1.80,2.00
NOR1,25/05/2026,Sandefjord,Fredrikstad,1,1,D,1.80,2.00,1.80,2.00
NOR1,29/05/2026,Aalesund,HamKam,2,2,D,1.80,2.00,1.80,2.00
NOR1,29/05/2026,Brann,Sarpsborg 08,1,2,A,1.80,2.00,1.80,2.00
NOR1,29/05/2026,Fredrikstad,Start,2,1,H,1.80,2.00,1.80,2.00
NOR1,29/05/2026,KFUM Oslo,Tromso,0,0,D,1.80,2.00,1.80,2.00
NOR1,29/05/2026,Rosenborg,Bodo/Glimt,2,2,D,1.80,2.00,1.80,2.00
NOR1,29/05/2026,Valerenga,Kristiansund,3,1,H,1.80,2.00,1.80,2.00
NOR1,30/05/2026,Molde,Sandefjord,2,1,H,1.80,2.00,1.80,2.00
NOR1,11/07/2026,Fredrikstad,Lillestrom,0,2,A,1.80,2.00,1.80,2.00
NOR1,11/07/2026,Aalesund,Molde,2,2,D,1.80,2.00,1.80,2.00
NOR1,11/07/2026,Tromso,Valerenga,4,0,H,1.80,2.00,1.80,2.00
NOR1,12/07/2026,KFUM Oslo,Bodo/Glimt,0,2,A,1.80,2.00,1.80,2.00
NOR1,12/07/2026,Brann,Start,2,1,H,1.80,2.00,1.80,2.00
NOR1,12/07/2026,Rosenborg,Kristiansund,3,0,H,1.80,2.00,1.80,2.00
NOR1,12/07/2026,Sandefjord,HamKam,2,2,D,1.80,2.00,1.80,2.00
NOR1,12/07/2026,Sarpsborg 08,Viking,1,0,H,1.80,2.00,1.80,2.00
NOR1,16/07/2026,Valerenga,Aalesund,6,1,H,1.80,2.00,1.80,2.00
NOR1,17/07/2026,Bodo/Glimt,Fredrikstad,1,0,H,1.80,2.00,1.80,2.00
NOR1,18/07/2026,HamKam,Tromso,1,4,A,1.80,2.00,1.80,2.00
NOR1,18/07/2026,Kristiansund,Sarpsborg 08,0,0,D,1.80,2.00,1.80,2.00
NOR1,18/07/2026,Lillestrom,KFUM Oslo,2,1,H,1.80,2.00,1.80,2.00
NOR1,18/07/2026,Start,Rosenborg,0,3,A,1.80,2.00,1.80,2.00
NOR1,18/07/2026,Molde,Brann,1,2,A,1.80,2.00,1.80,2.00
NOR1,18/07/2026,Viking,Sandefjord,2,1,H,1.80,2.00,1.80,2.00
NOR1,22/07/2026,Bodo/Glimt,HamKam,3,0,H,1.80,2.00,1.80,2.00
NOR1,22/07/2026,Lillestrom,Viking,1,2,A,1.80,2.00,1.80,2.00
NOR1,25/07/2026,Kristiansund,Start,1,2,A,1.80,2.00,1.80,2.00
NOR1,26/07/2026,Brann,Valerenga,2,3,A,1.80,2.00,1.80,2.00
NOR1,26/07/2026,KFUM Oslo,Molde,2,4,A,1.80,2.00,1.80,2.00
NOR1,26/07/2026,Sandefjord,Bodo/Glimt,0,3,A,1.80,2.00,1.80,2.00
NOR1,26/07/2026,Sarpsborg 08,HamKam,1,0,H,1.80,2.00,1.80,2.00
NOR1,26/07/2026,Aalesund,Viking,1,1,D,1.80,2.00,1.80,2.00
NOR1,27/07/2026,Rosenborg,Fredrikstad,4,0,H,1.80,2.00,1.80,2.00
